term,n_grams,count_pre_2023,count_2024_2025,doc_freq_pre_2023,doc_freq_2024_2025,log_odds_delta,z_score,associated_period
machine,1,56,177,27,120,1.4078440756727284,9.839059759535255,Pre-2023
children,1,64,343,22,93,0.9627943475604575,7.855415893371653,Pre-2023
curriculum,1,60,341,26,222,0.9152643268674545,7.301375024910372,Pre-2023
learn,1,29,94,17,79,1.384593424122758,6.993604467048252,Pre-2023
smart,1,19,41,7,28,1.7442197341583343,6.629020915604902,Pre-2023
book,1,16,27,3,14,1.966624777797115,6.532738333880536,Pre-2023
health care,2,20,50,3,25,1.6126404139853054,6.462420931093218,Pre-2023
people,1,29,112,14,85,1.2338463635254602,6.4189623894042676,Pre-2023
e-learning,1,10,6,1,4,2.9146601332822915,5.913698664384303,Pre-2023
design,1,88,819,42,499,0.540156737991901,5.687395075748142,Pre-2023
intention learn,2,9,3,3,3,3.441031515262985,5.516224700869742,Pre-2023
concepts,1,39,243,25,181,0.8412202015696773,5.4943707827639825,Pre-2023
citizens,1,15,43,12,29,1.4913095719793974,5.303487937331447,Pre-2023
game,1,18,64,4,27,1.3040845856226326,5.271495590417347,Pre-2023
conversational,1,15,44,4,33,1.471113561600336,5.252744129383214,Pre-2023
recognition,1,14,40,7,31,1.4941868554762507,5.130545314653649,Pre-2023
projects,1,15,48,7,39,1.3950811768549407,5.056735296928376,Pre-2023
conversational agents,2,8,10,3,7,2.240815779213097,4.92923912811929,Pre-2023
teach,1,19,84,15,64,1.1193300947596185,4.820264883445516,Pre-2023
spaces,1,10,22,4,16,1.7263960478950988,4.777510265240596,Pre-2023
concept,1,19,86,14,75,1.0996980740856994,4.754155479529617,Pre-2023
computer,1,19,88,11,71,1.0805836908502444,4.689278526297007,Pre-2023
activities,1,36,262,19,172,0.7205917799729153,4.643536317375751,Pre-2023
design considerations,2,6,4,4,3,2.818270353681781,4.565825326386319,Pre-2023
basic,1,22,124,18,90,0.9203098968133112,4.439432507303179,Pre-2023
computer science,2,14,56,7,44,1.20333499432075,4.375126598351745,Pre-2023
modelling,1,10,29,3,26,1.4809001770163164,4.308769344377694,Pre-2023
agents,1,12,43,6,36,1.2971084916942885,4.286741916861167,Pre-2023
different,1,32,240,18,197,0.6975734307090189,4.260386719056291,Pre-2023
ethical issues,2,13,51,9,50,1.2197637306875775,4.259763928292861,Pre-2023
present,1,21,126,19,119,0.8703354190100736,4.144916199195727,Pre-2023
guide future,2,5,4,5,4,2.6510895953699087,4.123662759182153,Pre-2023
prototypes,1,5,4,2,4,2.6510895953699087,4.123662759182153,Pre-2023
mobile,1,6,9,3,9,2.073580541728944,4.114368430226508,Pre-2023
works,1,8,20,8,20,1.6120328914032171,4.0856541185133555,Pre-2023
public understanding,2,5,5,5,5,2.4458722712766683,4.03137723581343,Pre-2023
co-creative,1,5,5,1,5,2.4458722712766683,4.03137723581343,Pre-2023
understandings,1,7,15,5,14,1.749889048819341,4.031374796101447,Pre-2023
conversation,1,6,10,4,10,1.9774112499630272,4.012067868330183,Pre-2023
hour,1,6,10,3,8,1.9774112499630272,4.012067868330183,Pre-2023
service,1,11,43,3,31,1.2227045256529294,3.9255262743061263,Pre-2023
design process,2,6,11,4,9,1.890765227128921,3.9116646184411628,Pre-2023
stem,1,18,106,7,39,0.8850768500474464,3.89024187596156,Pre-2023
solve,1,8,23,8,19,1.4884096083926286,3.8675560354848906,Pre-2023
public,1,29,230,18,135,0.6554055187773677,3.848268034047651,Pre-2023
families,1,5,7,3,5,2.136680981110336,3.8122459184189084,Pre-2023
world,1,21,141,18,116,0.7820229097003626,3.795877026775233,Pre-2023
problems,1,14,72,9,56,0.9941663965335712,3.7679314627166436,Pre-2023
concepts machine,2,4,2,4,2,3.0797226774912065,3.7423864332212307,Pre-2023
set competencies,2,4,2,3,2,3.0797226774912065,3.7423864332212307,Pre-2023
introduce,1,11,47,8,45,1.1475526394243518,3.7390020588602404,Pre-2023
everyday,1,14,73,14,61,0.9829219603092989,3.7338263064871415,Pre-2023
primary secondary,2,6,13,3,12,1.7399040361972808,3.718834762979941,Pre-2023
years old,2,4,3,4,3,2.710276412341317,3.705071790250899,Pre-2023
automatic,1,4,3,2,3,2.710276412341317,3.705071790250899,Pre-2023
understand,1,23,171,19,156,0.7038551093108127,3.6388891252363074,Pre-2023
design activities,2,4,4,4,3,2.4458178068807612,3.605693123951491,Pre-2023
iii,1,5,9,5,9,1.9073648757687938,3.5889055517386095,Pre-2023
diverse backgrounds,2,5,9,2,8,1.9073648757687938,3.5889055517386095,Pre-2023
design curriculum,2,4,1,4,1,3.688744713300183,3.584418084785632,Pre-2023
upcoming,1,4,1,4,1,3.688744713300183,3.584418084785632,Pre-2023
care,1,23,174,4,82,0.6906823746535871,3.5816609841023,Pre-2023
competencies,1,36,342,19,204,0.5237261567771672,3.5405442200899992,Pre-2023
course,1,31,279,11,143,0.562424428251119,3.4930761397824712,Pre-2023
app,1,4,5,4,3,2.2406004826523844,3.485163528481203,Pre-2023
old,1,4,5,4,5,2.2406004826523844,3.485163528481203,Pre-2023
unstructured,1,4,5,1,4,2.2406004826523844,3.485163528481203,Pre-2023
explanations,1,11,53,3,25,1.0475421899550383,3.4815239815859895,Pre-2023
digital entrepreneurship,2,5,10,1,4,1.8119596516648322,3.4814129954318163,Pre-2023
representations,1,5,10,2,8,1.8119596516648322,3.4814129954318163,Pre-2023
social good,2,5,10,4,7,1.8119596516648322,3.4814129954318163,Pre-2023
classification,1,8,30,5,23,1.25796867095905,3.420464956972746,Pre-2023
principles,1,20,148,16,115,0.7073019090608827,3.407111358306288,Pre-2023
spread,1,5,11,3,11,1.7261391649331337,3.3777072374398487,Pre-2023
concrete,1,5,11,4,10,1.7261391649331337,3.3777072374398487,Pre-2023
recommend,1,6,17,4,16,1.5011531000313099,3.3694322546943325,Pre-2023
initial,1,12,65,9,60,0.951931248387937,3.3690535678205804,Pre-2023
augmented reality,2,4,6,1,6,2.073474191860429,3.3591954605905467,Pre-2023
lives,1,13,75,13,67,0.901253360774354,3.354963469986741,Pre-2023
backgrounds,1,9,39,6,34,1.135644760030571,3.354762409033497,Pre-2023
designing,1,17,117,14,104,0.762727273578939,3.3451433213249113,Pre-2023
entrepreneurship,1,8,32,1,12,1.203054539681773,3.3065140275840914,Pre-2023
project,1,18,130,11,84,0.725749863525901,3.3025863051088655,Pre-2023
finnish,1,5,12,2,8,1.6482536049897725,3.2780161430247676,Pre-2023
conceptualizations,1,5,12,2,10,1.6482536049897725,3.2780161430247676,Pre-2023
basic concepts,2,5,12,5,11,1.6482536049897725,3.2780161430247676,Pre-2023
understanding,1,63,773,43,550,0.3485586274381509,3.2770267060233063,Pre-2023
preliminary,1,10,50,10,47,1.0170355170358851,3.2426027890364235,Pre-2023
high-level,1,4,7,4,7,1.932905391848955,3.234440448406366,Pre-2023
beijing,1,4,7,2,4,1.932905391848955,3.234440448406366,Pre-2023
increasingly popular,2,3,2,3,2,2.818104378000509,3.228335913235087,Pre-2023
present design,2,3,2,3,2,2.818104378000509,3.228335913235087,Pre-2023
contextualized,1,3,2,3,2,2.818104378000509,3.228335913235087,Pre-2023
near future,2,3,2,3,2,2.818104378000509,3.228335913235087,Pre-2023
co-design,1,8,34,4,24,1.1518948195932222,3.1978748313159184,Pre-2023
school,1,42,460,28,228,0.4244250857656944,3.18471482216384,Pre-2023
devices,1,5,13,2,13,1.5770437579677896,3.1823645886539125,Pre-2023
supervised,1,5,13,4,11,1.5770437579677896,3.1823645886539125,Pre-2023
professions,1,6,20,4,16,1.3592071333581188,3.137703983966211,Pre-2023
enable,1,11,62,9,59,0.9198419623610707,3.1375567184360293,Pre-2023
society,1,20,162,20,145,0.6393603814296993,3.129280266808295,Pre-2023
inform design,2,3,3,3,3,2.4457633460138766,3.1225523123742764,Pre-2023
attending,1,3,3,2,3,2.4457633460138766,3.1225523123742764,Pre-2023
near,1,3,3,3,3,2.4457633460138766,3.1225523123742764,Pre-2023
game design,2,3,3,2,3,2.4457633460138766,3.1225523123742764,Pre-2023
different countries,2,3,3,3,3,2.4457633460138766,3.1225523123742764,Pre-2023
early age,2,3,3,3,3,2.4457633460138766,3.1225523123742764,Pre-2023
conversational agent,2,3,3,2,3,2.4457633460138766,3.1225523123742764,Pre-2023
newly,1,4,8,4,8,1.8119077698758108,3.1137812868510175,Pre-2023
ability,1,21,176,9,151,0.6141489963079998,3.0989838052217777,Pre-2023
everyday lives,2,5,14,5,14,1.511526721820859,3.0906640868661994,Pre-2023
augmented,1,5,14,2,14,1.511526721820859,3.0906640868661994,Pre-2023
set,1,11,64,10,62,0.8944175818431663,3.0670352690494487,Pre-2023
family,1,7,29,5,12,1.17334388826505,3.034186805712586,Pre-2023
future,1,56,698,42,500,0.3380168234457317,3.0058606280280533,Pre-2023
informational,1,4,9,2,4,1.705927448170593,2.9983916974349443,Pre-2023
technology engineering,2,4,9,2,9,1.705927448170593,2.9983916974349443,Pre-2023
competencies required,2,4,9,4,9,1.705927448170593,2.9983916974349443,Pre-2023
grow,1,4,9,4,9,1.705927448170593,2.9983916974349443,Pre-2023
creators,1,4,9,3,8,1.705927448170593,2.9983916974349443,Pre-2023
summer,1,4,9,3,9,1.705927448170593,2.9983916974349443,Pre-2023
parents,1,9,47,4,14,0.9814657641494762,2.9900386419288028,Pre-2023
underrepresented groups,2,3,4,2,4,2.181304740418202,2.981943326098745,Pre-2023
machine technologies,2,3,4,2,4,2.181304740418202,2.981943326098745,Pre-2023
easy-to-use,1,3,4,1,4,2.181304740418202,2.981943326098745,Pre-2023
efforts,1,12,77,10,70,0.8170145276642593,2.9747769615679225,Pre-2023
define,1,5,16,3,16,1.3945931352106058,2.918486152769628,Pre-2023
derived,1,5,16,5,16,1.3945931352106058,2.918486152769628,Pre-2023
measure,1,8,40,7,34,1.0169472137332765,2.900020290299815,Pre-2023
educated,1,4,10,2,8,1.6118305067019794,2.888631030423926,Pre-2023
training program,2,4,10,2,9,1.6118305067019794,2.888631030423926,Pre-2023
big ideas,2,4,10,3,7,1.6118305067019794,2.888631030423926,Pre-2023
life,1,16,126,15,111,0.6602324924265908,2.8758598374523383,Pre-2023
platform,1,10,60,8,38,0.8698778620095293,2.858760203466184,Pre-2023
aspect,1,5,17,5,17,1.3420259622223814,2.8376350706258306,Pre-2023
trust transparency,2,3,5,1,4,1.9772530219317481,2.8367333890429367,Pre-2023
scientific discovery,2,3,5,1,4,1.9772530219317481,2.8367333890429367,Pre-2023
competition,1,3,5,3,4,1.9772530219317481,2.8367333890429367,Pre-2023
sense-making,1,3,5,2,5,1.9772530219317481,2.8367333890429367,Pre-2023
engage children,2,3,5,2,5,1.9772530219317481,2.8367333890429367,Pre-2023
different aspects,2,3,5,2,5,1.9772530219317481,2.8367333890429367,Pre-2023
entities,1,3,5,2,5,1.9772530219317481,2.8367333890429367,Pre-2023
automated,1,9,51,4,38,0.915452807844443,2.827008751594514,Pre-2023
area,1,9,51,8,49,0.915452807844443,2.827008751594514,Pre-2023
grade,1,7,33,5,30,1.0653741043405862,2.8144294446960387,Pre-2023
considered,1,8,42,7,42,0.9771060047731508,2.8089791542702374,Pre-2023
developed,1,23,220,17,197,0.5184270528160848,2.804930300516287,Pre-2023
augmentation,1,4,11,1,9,1.5273679837310699,2.7844631938062956,Pre-2023
digital media,2,4,11,2,11,1.5273679837310699,2.7844631938062956,Pre-2023
enabled,1,4,11,4,11,1.5273679837310699,2.7844631938062956,Pre-2023
able,1,7,34,7,29,1.04072537378911,2.762892568577357,Pre-2023
issues,1,21,197,16,173,0.5322467588952708,2.7416725029283766,Pre-2023
robotics,1,6,26,4,14,1.1355071580535396,2.738820143634011,Pre-2023
primary,1,18,158,13,98,0.5801378765620111,2.733020131803603,Pre-2023
useful,1,7,35,7,33,1.0169030683190226,2.7126028267530558,Pre-2023
review conducted,2,3,6,3,6,1.8118558918292607,2.6965364875374807,Pre-2023
real world,2,3,6,3,5,1.8118558918292607,2.6965364875374807,Pre-2023
construct validity,2,3,6,3,6,1.8118558918292607,2.6965364875374807,Pre-2023
frame,1,3,6,2,6,1.8118558918292607,2.6965364875374807,Pre-2023
functioning,1,3,6,2,5,1.8118558918292607,2.6965364875374807,Pre-2023
mass,1,3,6,1,6,1.8118558918292607,2.6965364875374807,Pre-2023
secondary,1,18,160,9,87,0.570989191555145,2.6961103748696993,Pre-2023
easy,1,4,12,3,12,1.4508712851376728,2.685663224042738,Pre-2023
basic understanding,2,4,12,4,10,1.4508712851376728,2.685663224042738,Pre-2023
non-experts,1,4,12,2,9,1.4508712851376728,2.685663224042738,Pre-2023
trustworthiness,1,5,19,2,13,1.2465201827910715,2.685440552898647,Pre-2023
everyday life,2,7,36,7,35,0.9938598740445128,2.663508419178734,Pre-2023
designed,1,19,175,18,162,0.5453350298962141,2.6629015961858724,Pre-2023
interface,1,6,28,4,21,1.0737377895487716,2.6217153432544857,Pre-2023
steam,1,6,28,2,8,1.0737377895487716,2.6217153432544857,Pre-2023
result,1,7,37,7,37,0.9715523521470466,2.615560258521479,Pre-2023
conceptual,1,17,152,7,119,0.5666997891265453,2.6032612437362115,Pre-2023
inform,1,9,57,7,54,0.8271456933676493,2.6024145435793797,Pre-2023
educate,1,4,13,4,13,1.3810683134615562,2.5919226357695564,Pre-2023
discovery,1,4,13,1,12,1.3810683134615562,2.5919226357695564,Pre-2023
schools,1,18,167,15,113,0.5400744788561491,2.570338174468684,Pre-2023
capable,1,6,29,6,28,1.0447301945150214,2.5657028093116665,Pre-2023
illustrated,1,3,7,3,7,1.6733160676213092,2.5643751104348533,Pre-2023
existing frameworks,2,3,7,1,7,1.6733160676213092,2.5643751104348533,Pre-2023
engage,1,18,168,14,158,0.5357925704615951,2.552787916565075,Pre-2023
curricular,1,5,21,2,19,1.1617096816914572,2.544695250009045,Pre-2023
media,1,18,169,5,82,0.5315430149007812,2.53533849936969,Pre-2023
big,1,6,30,5,21,1.0168589270619632,2.511273206792441,Pre-2023
surrounding,1,6,30,6,29,1.0168589270619632,2.511273206792441,Pre-2023
openness,1,4,14,1,14,1.3169670958246726,2.5029040819596244,Pre-2023
communicate,1,4,14,4,11,1.3169670958246726,2.5029040819596244,Pre-2023
science technology,2,4,14,2,13,1.3169670958246726,2.5029040819596244,Pre-2023
takes,1,4,14,3,14,1.3169670958246726,2.5029040819596244,Pre-2023
evaluated,1,9,60,8,60,0.7870727711288685,2.497995304995893,Pre-2023
young,1,15,132,7,81,0.5781933833617323,2.487679591120406,Pre-2023
new technologies,2,5,22,3,19,1.122680816219873,2.4781913635729516,Pre-2023
behavioral intention,2,7,40,2,19,0.9086592988256701,2.478140143752336,Pre-2023
conclude,1,6,31,6,31,0.9900482750164716,2.4583500281989625,Pre-2023
early,1,14,121,8,89,0.5913063223562522,2.449784203121264,Pre-2023
targets,1,3,8,2,8,1.5545140705928375,2.440879510094977,Pre-2023
visualization,1,3,8,2,7,1.5545140705928375,2.440879510094977,Pre-2023
constructive,1,3,8,3,7,1.5545140705928375,2.440879510094977,Pre-2023
technology,1,51,693,35,466,0.2819775457792124,2.4366512050553313,Pre-2023
young children,2,7,41,3,19,0.8889242663714558,2.434335488544788,Pre-2023
cultural,1,14,122,6,79,0.5852932366125465,2.4285022649099726,Pre-2023
health,1,24,262,4,87,0.42614140014988866,2.4156051404508547,Pre-2023
technologies,1,48,646,28,457,0.2880488516801547,2.409866783298189,Pre-2023
informal,1,6,32,4,26,0.9642297122134726,2.4068614189332376,Pre-2023
form,1,9,63,8,55,0.749354459044774,2.398251939384208,Pre-2023
reflect,1,9,63,8,58,0.749354459044774,2.398251939384208,Pre-2023
urgent,1,7,42,6,41,0.8697531624184691,2.391467514519821,Pre-2023
societal,1,12,99,8,81,0.6254611546239168,2.379024142809157,Pre-2023
digitized,1,2,3,2,3,2.073367856553853,2.375188074974435,Pre-2023
subject matter,2,2,3,2,3,2.073367856553853,2.375188074974435,Pre-2023
university diverse,2,2,3,2,3,2.073367856553853,2.375188074974435,Pre-2023
subject area,2,2,3,2,3,2.073367856553853,2.375188074974435,Pre-2023
knowing understanding,2,2,3,2,3,2.073367856553853,2.375188074974435,Pre-2023
know understand,2,2,3,2,3,2.073367856553853,2.375188074974435,Pre-2023
axes,1,2,3,2,3,2.073367856553853,2.375188074974435,Pre-2023
conscious,1,2,3,2,3,2.073367856553853,2.375188074974435,Pre-2023
gives,1,2,3,2,3,2.073367856553853,2.375188074974435,Pre-2023
children learn,2,2,3,2,3,2.073367856553853,2.375188074974435,Pre-2023
anticipate,1,2,3,2,3,2.073367856553853,2.375188074974435,Pre-2023
effectively improve,2,2,3,2,3,2.073367856553853,2.375188074974435,Pre-2023
assessment criteria,2,2,3,2,3,2.073367856553853,2.375188074974435,Pre-2023
attempting,1,2,3,2,3,2.073367856553853,2.375188074974435,Pre-2023
rapidly advancing,2,2,3,2,3,2.073367856553853,2.375188074974435,Pre-2023
discover,1,2,3,2,3,2.073367856553853,2.375188074974435,Pre-2023
amounts,1,2,3,2,3,2.073367856553853,2.375188074974435,Pre-2023
avenues,1,2,3,2,3,2.073367856553853,2.375188074974435,Pre-2023
need prepare,2,2,3,2,3,2.073367856553853,2.375188074974435,Pre-2023
groundwork future,2,2,3,2,3,2.073367856553853,2.375188074974435,Pre-2023
workers,1,8,53,3,22,0.7919081556749639,2.367070321966012,Pre-2023
real,1,6,33,5,27,0.9393410197854877,2.3567398972466593,Pre-2023
daily,1,12,100,11,93,0.6180330033289634,2.3550127329926336,Pre-2023
sound,1,5,24,5,20,1.0503935932499644,2.352164042955099,Pre-2023
basis,1,5,24,4,23,1.0503935932499644,2.352164042955099,Pre-2023
citizen,1,3,9,1,6,1.4508219900441635,2.3257735543973843,Pre-2023
collaboratively,1,3,9,3,9,1.4508219900441635,2.3257735543973843,Pre-2023
summary,1,3,9,3,9,1.4508219900441635,2.3257735543973843,Pre-2023
better understand,2,3,9,3,9,1.4508219900441635,2.3257735543973843,Pre-2023
sheds light,2,3,9,3,9,1.4508219900441635,2.3257735543973843,Pre-2023
sheds,1,3,9,3,9,1.4508219900441635,2.3257735543973843,Pre-2023
secondary school,2,9,66,5,40,0.7137644918707764,2.3028115928183954,Pre-2023
definition,1,5,25,4,23,1.016814789961468,2.2923688003470493,Pre-2023
input,1,5,25,5,22,1.016814789961468,2.2923688003470493,Pre-2023
proposed,1,13,116,11,92,0.568033028348192,2.2809941256971293,Pre-2023
features,1,9,67,4,47,0.7023394931959048,2.2718957812417147,Pre-2023
middle school,2,11,91,10,45,0.6233903125682447,2.271320441926401,Pre-2023
audience,1,4,17,4,11,1.151710513884101,2.2608771753904753,Pre-2023
societal implications,2,4,17,3,15,1.151710513884101,2.2608771753904753,Pre-2023
reference,1,6,35,5,27,0.8921315241383638,2.2603484065450883,Pre-2023
middle,1,13,118,10,60,0.5556634129314375,2.2383427657148407,Pre-2023
started,1,3,10,3,10,1.3590618192143094,2.218454561944986,Pre-2023
scientists,1,3,10,3,9,1.3590618192143094,2.218454561944986,Pre-2023
exist,1,3,10,3,10,1.3590618192143094,2.218454561944986,Pre-2023
audiences,1,3,10,3,7,1.3590618192143094,2.218454561944986,Pre-2023
increasingly,1,23,263,22,255,0.3945826032675699,2.209785278676055,Pre-2023
attempt,1,2,4,2,4,1.811804017524702,2.201649786325453,Pre-2023
survey questionnaire,2,2,4,2,3,1.811804017524702,2.201649786325453,Pre-2023
critical discussion,2,2,4,2,4,1.811804017524702,2.201649786325453,Pre-2023
infused,1,2,4,2,3,1.811804017524702,2.201649786325453,Pre-2023
science digital,2,2,4,1,4,1.811804017524702,2.201649786325453,Pre-2023
inputs,1,2,4,2,4,1.811804017524702,2.201649786325453,Pre-2023
efforts promote,2,2,4,2,4,1.811804017524702,2.201649786325453,Pre-2023
learn teach,2,2,4,2,4,1.811804017524702,2.201649786325453,Pre-2023
understand evaluate,2,2,4,2,4,1.811804017524702,2.201649786325453,Pre-2023
institutes,1,2,4,1,4,1.811804017524702,2.201649786325453,Pre-2023
machine deep,2,2,4,2,4,1.811804017524702,2.201649786325453,Pre-2023
target,1,4,18,4,18,1.1038747943408929,2.187534564857542,Pre-2023
empowered,1,4,18,4,18,1.1038747943408929,2.187534564857542,Pre-2023
hands-on activities,2,4,18,4,18,1.1038747943408929,2.187534564857542,Pre-2023
introducing,1,6,37,5,35,0.8480222946656681,2.168712914725217,Pre-2023
topics,1,10,83,9,69,0.6209217969377416,2.1583174547642976,Pre-2023
services,1,12,110,6,64,0.5485365334325172,2.126805207838637,Pre-2023
prepare,1,12,110,11,104,0.5485365334325172,2.126805207838637,Pre-2023
values,1,11,97,5,84,0.5765540714380961,2.125082193222243,Pre-2023
popular,1,5,28,5,28,0.9247877729587417,2.124423629295512,Pre-2023
primary school,2,5,28,4,16,0.9247877729587417,2.124423629295512,Pre-2023
embodied,1,5,28,4,13,0.9247877729587417,2.124423629295512,Pre-2023
hci,1,3,11,2,6,1.2769569841976285,2.1182316989150887,Pre-2023
maker,1,3,11,1,4,1.2769569841976285,2.1182316989150887,Pre-2023
automation bias,2,3,11,1,9,1.2769569841976285,2.1182316989150887,Pre-2023
panel,1,3,11,2,10,1.2769569841976285,2.1182316989150887,Pre-2023
questioning,1,3,11,1,10,1.2769569841976285,2.1182316989150887,Pre-2023
researchers educators,2,3,11,3,11,1.2769569841976285,2.1182316989150887,Pre-2023
civil,1,3,11,1,4,1.2769569841976285,2.1182316989150887,Pre-2023
theory practice,2,3,11,2,11,1.2769569841976285,2.1182316989150887,Pre-2023
flipped classroom,2,3,11,2,4,1.2769569841976285,2.1182316989150887,Pre-2023
date,1,3,11,3,11,1.2769569841976285,2.1182316989150887,Pre-2023
understanding technologies,2,3,11,3,11,1.2769569841976285,2.1182316989150887,Pre-2023
games,1,4,19,3,14,1.058997349622775,2.117409902785053,Pre-2023
gain,1,5,29,2,29,0.8966648716728356,2.0719065013754037,Pre-2023
build,1,8,62,8,57,0.6719368521739533,2.063750341162983,Pre-2023
including healthcare,2,2,5,2,5,1.611729337363215,2.0424423844710886,Pre-2023
district,1,2,5,2,3,1.611729337363215,2.0424423844710886,Pre-2023
future curricula,2,2,5,2,4,1.611729337363215,2.0424423844710886,Pre-2023
classify,1,2,5,2,5,1.611729337363215,2.0424423844710886,Pre-2023
tutorials,1,2,5,1,5,1.611729337363215,2.0424423844710886,Pre-2023
course designed,2,2,5,2,5,1.611729337363215,2.0424423844710886,Pre-2023
fifth,1,2,5,1,5,1.611729337363215,2.0424423844710886,Pre-2023
comments,1,2,5,2,4,1.611729337363215,2.0424423844710886,Pre-2023
teach children,2,2,5,2,4,1.611729337363215,2.0424423844710886,Pre-2023
exploratory case,2,2,5,1,5,1.611729337363215,2.0424423844710886,Pre-2023
understanding machine,2,2,5,2,5,1.611729337363215,2.0424423844710886,Pre-2023
opaque,1,2,5,2,5,1.611729337363215,2.0424423844710886,Pre-2023
barrier,1,2,5,2,5,1.611729337363215,2.0424423844710886,Pre-2023
design future,2,2,5,2,5,1.611729337363215,2.0424423844710886,Pre-2023
cities,1,2,5,1,5,1.611729337363215,2.0424423844710886,Pre-2023
robotic,1,2,5,2,5,1.611729337363215,2.0424423844710886,Pre-2023
review existing,2,2,5,2,5,1.611729337363215,2.0424423844710886,Pre-2023
solve problems,2,2,5,2,5,1.611729337363215,2.0424423844710886,Pre-2023
learner-centered,1,2,5,1,5,1.611729337363215,2.0424423844710886,Pre-2023
content tools,2,2,5,2,3,1.611729337363215,2.0424423844710886,Pre-2023
mentors,1,2,5,2,5,1.611729337363215,2.0424423844710886,Pre-2023
research-based,1,2,5,2,5,1.611729337363215,2.0424423844710886,Pre-2023
basics,1,2,5,2,5,1.611729337363215,2.0424423844710886,Pre-2023
provide overview,2,2,5,2,5,1.611729337363215,2.0424423844710886,Pre-2023
understandable,1,2,5,2,5,1.611729337363215,2.0424423844710886,Pre-2023
drew,1,2,5,1,5,1.611729337363215,2.0424423844710886,Pre-2023
years,1,12,114,11,96,0.5229440543725374,2.0410815666146775,Pre-2023
delivery,1,6,40,5,34,0.7869532508790797,2.0392949033195755,Pre-2023
good,1,8,63,7,52,0.6599385941628064,2.0326347755060223,Pre-2023
resources,1,17,186,9,138,0.4244039937740256,2.025636648901052,Pre-2023
playful,1,3,12,3,8,1.2028209390810982,2.0244248839215477,Pre-2023
co-designing,1,3,12,2,7,1.2028209390810982,2.0244248839215477,Pre-2023
motivated,1,3,12,3,12,1.2028209390810982,2.0244248839215477,Pre-2023
appropriately,1,3,12,3,11,1.2028209390810982,2.0244248839215477,Pre-2023
conceptions,1,5,30,2,14,0.869670050454376,2.020965806822601,Pre-2023
google,1,5,30,3,30,0.869670050454376,2.020965806822601,Pre-2023
program,1,16,173,12,96,0.43248438737041717,1.9979383374031776,Pre-2023
explained,1,4,21,3,20,0.9769320311681486,1.9858945569448707,Pre-2023
personalization,1,4,21,1,18,0.9769320311681486,1.9858945569448707,Pre-2023
continue,1,4,21,3,18,0.9769320311681486,1.9858945569448707,Pre-2023
consumers,1,4,21,4,17,0.9769320311681486,1.9858945569448707,Pre-2023
carried,1,4,21,3,17,0.9769320311681486,1.9858945569448707,Pre-2023
factor,1,10,90,6,71,0.5617132489622447,1.98142526963719,Pre-2023
example,1,5,31,4,30,0.8437274912689832,1.9715179657003152,Pre-2023
necessary,1,11,104,10,98,0.5263333130578731,1.9650910235342154,Pre-2023
exploratory,1,11,105,9,89,0.5195105859382974,1.943090518112125,Pre-2023
classrooms,1,11,105,9,80,0.5195105859382974,1.943090518112125,Pre-2023
common,1,8,66,8,59,0.6253181152671852,1.9420208479940553,Pre-2023
educating,1,3,13,3,13,1.1353695929247714,1.9364036749508333,Pre-2023
taking,1,3,13,3,13,1.1353695929247714,1.9364036749508333,Pre-2023
knowing,1,3,13,3,12,1.1353695929247714,1.9364036749508333,Pre-2023
conceptualize,1,3,13,3,12,1.1353695929247714,1.9364036749508333,Pre-2023
researchers practitioners,2,3,13,3,13,1.1353695929247714,1.9364036749508333,Pre-2023
canada,1,3,13,1,13,1.1353695929247714,1.9364036749508333,Pre-2023
process,1,24,302,18,233,0.3309885565371147,1.9306664604287056,Pre-2023
culturally responsive,2,4,22,2,14,0.939255332951582,1.9240945360229817,Pre-2023
taught,1,4,22,3,20,0.939255332951582,1.9240945360229817,Pre-2023
create,1,12,120,8,114,0.4866352041670021,1.9178198779329272,Pre-2023
way,1,10,93,10,84,0.5380933024623928,1.9096367132547367,Pre-2023
post-course,1,2,6,2,6,1.4507726988681302,1.89892163777883,Pre-2023
developmentally appropriate,2,2,6,1,6,1.4507726988681302,1.89892163777883,Pre-2023
satisfactory,1,2,6,2,6,1.4507726988681302,1.89892163777883,Pre-2023
start,1,2,6,2,6,1.4507726988681302,1.89892163777883,Pre-2023
searches,1,2,6,2,6,1.4507726988681302,1.89892163777883,Pre-2023
contextualizing,1,2,6,1,6,1.4507726988681302,1.89892163777883,Pre-2023
simulate,1,2,6,1,4,1.4507726988681302,1.89892163777883,Pre-2023
innovative pedagogical,2,2,6,2,5,1.4507726988681302,1.89892163777883,Pre-2023
current applications,2,2,6,1,6,1.4507726988681302,1.89892163777883,Pre-2023
predictions,1,2,6,2,6,1.4507726988681302,1.89892163777883,Pre-2023
nurture,1,2,6,2,6,1.4507726988681302,1.89892163777883,Pre-2023
finland,1,2,6,1,4,1.4507726988681302,1.89892163777883,Pre-2023
social,1,26,338,15,240,0.30984118090027035,1.8939075638998022,Pre-2023
propose,1,11,108,10,102,0.49953154929616783,1.8782895557114143,Pre-2023
extended,1,4,23,4,20,0.9035445095338535,1.8646903876922036,Pre-2023
conceptual understanding,2,4,23,2,20,0.9035445095338535,1.8646903876922036,Pre-2023
planned,1,4,23,3,18,0.9035445095338535,1.8646903876922036,Pre-2023
work,1,25,325,20,256,0.30981764353455343,1.856988080207748,Pre-2023
agent,1,3,14,2,10,1.073602807538789,1.8535996480479588,Pre-2023
allow,1,3,14,3,14,1.073602807538789,1.8535996480479588,Pre-2023
flipped,1,3,14,2,5,1.073602807538789,1.8535996480479588,Pre-2023
recruited,1,3,14,3,14,1.073602807538789,1.8535996480479588,Pre-2023
step,1,3,14,3,14,1.073602807538789,1.8535996480479588,Pre-2023
reach,1,3,14,3,14,1.073602807538789,1.8535996480479588,Pre-2023
described,1,3,14,3,14,1.073602807538789,1.8535996480479588,Pre-2023
possible,1,6,45,6,40,0.6965922956303414,1.8422068560853073,Pre-2023
countries,1,11,110,10,81,0.48660396076095225,1.8360548512567287,Pre-2023
physical,1,5,34,4,14,0.7715583367021441,1.8313811302977283,Pre-2023
social media,2,5,34,2,25,0.7715583367021441,1.8313811302977283,Pre-2023
hong kong,2,5,34,3,28,0.7715583367021441,1.8313811302977283,Pre-2023
hong,1,5,34,3,28,0.7715583367021441,1.8313811302977283,Pre-2023
kong,1,5,34,3,28,0.7715583367021441,1.8313811302977283,Pre-2023
construction,1,7,58,3,29,0.6220878945345296,1.8086101312153626,Pre-2023
sessions,1,4,24,4,23,0.8696285007992781,1.8075204088612014,Pre-2023
understanding concepts,2,4,24,4,23,0.8696285007992781,1.8075204088612014,Pre-2023
know,1,5,35,4,24,0.749198551841662,1.7871795449037955,Pre-2023
decision making,2,3,15,2,9,1.0167265282276468,1.7755071061671017,Pre-2023
account,1,3,15,3,14,1.0167265282276468,1.7755071061671017,Pre-2023
digital era,2,3,15,3,15,1.0167265282276468,1.7755071061671017,Pre-2023
sociocultural,1,3,15,2,13,1.0167265282276468,1.7755071061671017,Pre-2023
corresponding,1,3,15,2,15,1.0167265282276468,1.7755071061671017,Pre-2023
ethical principles,2,3,15,3,13,1.0167265282276468,1.7755071061671017,Pre-2023
reason,1,2,7,2,6,1.3168710926812341,1.7696914341524315,Pre-2023
developmentally,1,2,7,1,7,1.3168710926812341,1.7696914341524315,Pre-2023
implication,1,2,7,2,7,1.3168710926812341,1.7696914341524315,Pre-2023
outlook,1,2,7,2,6,1.3168710926812341,1.7696914341524315,Pre-2023
ai-empowered,1,2,7,2,4,1.3168710926812341,1.7696914341524315,Pre-2023
existence,1,2,7,2,6,1.3168710926812341,1.7696914341524315,Pre-2023
grounding,1,2,7,2,7,1.3168710926812341,1.7696914341524315,Pre-2023
respective,1,2,7,2,7,1.3168710926812341,1.7696914341524315,Pre-2023
want,1,2,7,2,7,1.3168710926812341,1.7696914341524315,Pre-2023
competitiveness,1,2,7,2,5,1.3168710926812341,1.7696914341524315,Pre-2023
contents,1,2,7,1,7,1.3168710926812341,1.7696914341524315,Pre-2023
supervised machine,2,2,7,1,5,1.3168710926812341,1.7696914341524315,Pre-2023
come,1,2,7,2,7,1.3168710926812341,1.7696914341524315,Pre-2023
future careers,2,2,7,2,7,1.3168710926812341,1.7696914341524315,Pre-2023
pupils,1,2,7,1,4,1.3168710926812341,1.7696914341524315,Pre-2023
groundwork,1,2,7,2,7,1.3168710926812341,1.7696914341524315,Pre-2023
abilities,1,9,86,7,68,0.5186928631050014,1.7551725561064428,Pre-2023
emerging technologies,2,4,25,4,24,0.8373571793998611,1.7524371775915941,Pre-2023
tangible,1,4,25,3,17,0.8373571793998611,1.7524371775915941,Pre-2023
appropriate,1,7,60,6,55,0.5971377741793376,1.7467121622766322,Pre-2023
search,1,8,73,7,41,0.5516848143529627,1.7450270763098419,Pre-2023
detailed,1,5,36,4,35,0.7276043930468141,1.7441320918363186,Pre-2023
reality,1,5,36,2,31,0.7276043930468141,1.7441320918363186,Pre-2023
examples,1,6,48,6,43,0.6481015898365605,1.7335735856528518,Pre-2023
designers,1,6,48,5,35,0.6481015898365605,1.7335735856528518,Pre-2023
application,1,25,337,16,234,0.2865059338165139,1.7304468992490396,Pre-2023
bias,1,14,160,9,126,0.3947012070526075,1.7243826625225416,Pre-2023
new,1,27,372,20,272,0.27264409361289665,1.7193233609875023,Pre-2023
ideas,1,8,74,7,64,0.5418958119786543,1.7183818985604622,Pre-2023
implemented,1,7,61,5,57,0.5850513012981091,1.7165005979402526,Pre-2023
algorithm,1,7,61,3,39,0.5850513012981091,1.7165005979402526,Pre-2023
online,1,14,161,9,141,0.3905004178715723,1.7081530949763932,Pre-2023
planned behavior,2,3,16,2,11,0.9640998966117174,1.7016789004331005,Pre-2023
functional,1,3,16,2,11,0.9640998966117174,1.7016789004331005,Pre-2023
region,1,3,16,1,14,0.9640998966117174,1.7016789004331005,Pre-2023
history,1,4,26,2,24,0.8065980825457117,1.6993061215688663,Pre-2023
think,1,4,26,4,24,0.8065980825457117,1.6993061215688663,Pre-2023
allows,1,4,26,4,24,0.8065980825457117,1.6993061215688663,Pre-2023
empowerment,1,6,49,4,26,0.6327678499860889,1.6987875742672578,Pre-2023
lack,1,15,177,13,162,0.37325271348903133,1.6987740332511716,Pre-2023
order,1,7,62,6,59,0.5732120828685225,1.6867611413908656,Pre-2023
provide,1,20,259,19,233,0.31219433866424495,1.6723328936139448,Pre-2023
indicated,1,8,76,6,72,0.5228139361639697,1.6661214553476866,Pre-2023
automation,1,8,76,5,60,0.5228139361639697,1.6661214553476866,Pre-2023
previous,1,6,50,6,47,0.6178197616013801,1.664670908782941,Pre-2023
cultivate,1,6,50,6,48,0.6178197616013801,1.664670908782941,Pre-2023
directions,1,7,63,6,57,0.5616118025534558,1.6574799207854236,Pre-2023
deep,1,7,63,5,55,0.5616118025534558,1.6574799207854236,Pre-2023
actors,1,2,8,2,8,1.202774231128389,1.6528718092426076,Pre-2023
inappropriate,1,2,8,2,8,1.202774231128389,1.6528718092426076,Pre-2023
rapid technological,2,2,8,2,8,1.202774231128389,1.6528718092426076,Pre-2023
strengths limitations,2,2,8,2,8,1.202774231128389,1.6528718092426076,Pre-2023
teachable,1,2,8,2,6,1.202774231128389,1.6528718092426076,Pre-2023
demystify,1,2,8,2,7,1.202774231128389,1.6528718092426076,Pre-2023
accelerated,1,2,8,2,8,1.202774231128389,1.6528718092426076,Pre-2023
human-centric,1,2,8,1,8,1.202774231128389,1.6528718092426076,Pre-2023
conceptualization,1,2,8,2,8,1.202774231128389,1.6528718092426076,Pre-2023
formulate,1,2,8,2,8,1.202774231128389,1.6528718092426076,Pre-2023
note,1,2,8,2,8,1.202774231128389,1.6528718092426076,Pre-2023
shortage,1,2,8,2,8,1.202774231128389,1.6528718092426076,Pre-2023
coming,1,2,8,2,8,1.202774231128389,1.6528718092426076,Pre-2023
engine,1,2,8,2,7,1.202774231128389,1.6528718092426076,Pre-2023
decision-makers,1,2,8,1,6,1.202774231128389,1.6528718092426076,Pre-2023
live,1,2,8,2,8,1.202774231128389,1.6528718092426076,Pre-2023
collaborating,1,2,8,1,8,1.202774231128389,1.6528718092426076,Pre-2023
constitute,1,2,8,2,8,1.202774231128389,1.6528718092426076,Pre-2023
awareness ethical,2,2,8,1,7,1.202774231128389,1.6528718092426076,Pre-2023
ai-literate,1,2,8,2,8,1.202774231128389,1.6528718092426076,Pre-2023
harmful,1,2,8,2,8,1.202774231128389,1.6528718092426076,Pre-2023
instructional design,2,4,27,3,23,0.7772337572176067,1.6480042208219619,Pre-2023
explain,1,4,27,4,26,0.7772337572176067,1.6480042208219619,Pre-2023
map,1,4,27,2,24,0.7772337572176067,1.6480042208219619,Pre-2023
researchers,1,16,197,13,131,0.34507332287295345,1.636116153985942,Pre-2023
metacognition,1,3,17,1,12,0.9151983054016863,1.6317205075894023,Pre-2023
interested,1,3,17,2,17,0.9151983054016863,1.6317205075894023,Pre-2023
trained,1,3,17,3,17,0.9151983054016863,1.6317205075894023,Pre-2023
forward,1,3,17,2,17,0.9151983054016863,1.6317205075894023,Pre-2023
goal,1,6,51,6,41,0.6032413457942365,1.6311996269518863,Pre-2023
engineering,1,16,198,9,91,0.34174056903648786,1.621999262422646,Pre-2023
early childhood,2,5,39,2,23,0.6669982409668513,1.6213844582870616,Pre-2023
childhood,1,5,39,2,23,0.6669982409668513,1.6213844582870616,Pre-2023
science,1,21,280,11,173,0.2934178703257526,1.6204797000184095,Pre-2023
help,1,14,167,13,149,0.36599978839113767,1.6128107899770974,Pre-2023
adult,1,4,28,2,17,0.7491595856467068,1.5984188412657305,Pre-2023
existing,1,16,200,14,180,0.33514201043495717,1.5939751132379767,Pre-2023
subject,1,6,53,6,46,0.5751342356889655,1.5661032341809469,Pre-2023
discuss,1,8,80,8,75,0.4865102550820186,1.5654913123578806,Pre-2023
manner,1,3,18,3,16,0.8695869553612443,1.5652838088404046,Pre-2023
exploratory factor,2,3,18,3,16,0.8695869553612443,1.5652838088404046,Pre-2023
theory planned,2,3,18,2,14,0.8695869553612443,1.5652838088404046,Pre-2023
arts,1,3,18,2,14,0.8695869553612443,1.5652838088404046,Pre-2023
building,1,10,109,7,97,0.42678296141790906,1.561146332944555,Pre-2023
describes,1,4,29,4,26,0.7222819904523483,1.5504466909906913,Pre-2023
changed,1,2,9,2,9,1.1037839576202995,1.546693238621901,Pre-2023
illustrates,1,2,9,2,9,1.1037839576202995,1.546693238621901,Pre-2023
objects,1,2,9,1,8,1.1037839576202995,1.546693238621901,Pre-2023
tech,1,2,9,2,9,1.1037839576202995,1.546693238621901,Pre-2023
teamwork,1,2,9,1,9,1.1037839576202995,1.546693238621901,Pre-2023
grounded theory,2,2,9,1,8,1.1037839576202995,1.546693238621901,Pre-2023
comprised,1,2,9,2,9,1.1037839576202995,1.546693238621901,Pre-2023
conceptualizing,1,2,9,2,9,1.1037839576202995,1.546693238621901,Pre-2023
appears,1,2,9,2,9,1.1037839576202995,1.546693238621901,Pre-2023
sections,1,2,9,2,9,1.1037839576202995,1.546693238621901,Pre-2023
update,1,2,9,2,9,1.1037839576202995,1.546693238621901,Pre-2023
creates,1,2,9,2,8,1.1037839576202995,1.546693238621901,Pre-2023
meeting,1,2,9,2,9,1.1037839576202995,1.546693238621901,Pre-2023
support educators,2,2,9,2,9,1.1037839576202995,1.546693238621901,Pre-2023
organized,1,2,9,2,9,1.1037839576202995,1.546693238621901,Pre-2023
lab,1,2,9,2,8,1.1037839576202995,1.546693238621901,Pre-2023
oriented,1,2,9,2,8,1.1037839576202995,1.546693238621901,Pre-2023
core competencies,2,2,9,2,7,1.1037839576202995,1.546693238621901,Pre-2023
speed,1,2,9,2,9,1.1037839576202995,1.546693238621901,Pre-2023
focuses,1,7,67,7,66,0.5174471182521536,1.5446792430371086,Pre-2023
makes,1,5,41,4,41,0.6297120356003365,1.5444088294791722,Pre-2023
applications,1,24,342,19,265,0.2513479773173568,1.505284779808839,Pre-2023
incorporated,1,4,30,4,29,0.6965169425892785,1.5039928891166485,Pre-2023
prepared,1,3,19,3,19,0.826901524166729,1.502061205523479,Pre-2023
secondary schools,2,3,19,3,16,0.826901524166729,1.502061205523479,Pre-2023
material,1,3,19,3,16,0.826901524166729,1.502061205523479,Pre-2023
design principles,2,3,19,3,14,0.826901524166729,1.502061205523479,Pre-2023
dataset,1,3,19,2,15,0.826901524166729,1.502061205523479,Pre-2023
difficult,1,3,19,2,19,0.826901524166729,1.502061205523479,Pre-2023
emerging,1,15,191,11,162,0.3230336094768145,1.4933056138376013,Pre-2023
increase,1,8,84,5,80,0.4524736766340087,1.4696517755138183,Pre-2023
face,1,7,70,4,64,0.4864790280327167,1.464289040608974,Pre-2023
required,1,7,70,7,67,0.4864790280327167,1.464289040608974,Pre-2023
experience,1,18,243,16,188,0.2854034222048769,1.4631434985978018,Pre-2023
readiness,1,13,161,4,86,0.3411545631325854,1.4597762723441257,Pre-2023
kindergarten,1,4,31,3,11,0.6717887128119795,1.458970136386483,Pre-2023
user,1,11,130,7,92,0.3721182465581432,1.4507723608490797,Pre-2023
high-stakes,1,2,10,1,9,1.016682403593066,1.4496325666633758,Pre-2023
perceived behavioral,2,2,10,1,8,1.016682403593066,1.4496325666633758,Pre-2023
governments,1,2,10,2,10,1.016682403593066,1.4496325666633758,Pre-2023
arise,1,2,10,2,10,1.016682403593066,1.4496325666633758,Pre-2023
feature,1,2,10,1,10,1.016682403593066,1.4496325666633758,Pre-2023
discovered,1,2,10,2,10,1.016682403593066,1.4496325666633758,Pre-2023
assumption,1,2,10,2,10,1.016682403593066,1.4496325666633758,Pre-2023
dissemination,1,2,10,1,9,1.016682403593066,1.4496325666633758,Pre-2023
disciplinary,1,3,20,3,15,0.7868337687764697,1.44178031807929,Pre-2023
implementations,1,3,20,3,18,0.7868337687764697,1.44178031807929,Pre-2023
gaining,1,3,20,2,20,0.7868337687764697,1.44178031807929,Pre-2023
evaluate,1,12,147,8,133,0.3483269776847866,1.4287877249093004,Pre-2023
urgent need,2,4,32,3,31,0.6480288204807891,1.4152979768585894,Pre-2023
recent years,2,4,32,4,32,0.6480288204807891,1.4152979768585894,Pre-2023
extend,1,4,32,4,31,0.6480288204807891,1.4152979768585894,Pre-2023
particular,1,6,58,5,55,0.5103813743926633,1.4131906796963538,Pre-2023
perceive,1,6,58,6,53,0.5103813743926633,1.4131906796963538,Pre-2023
stage,1,5,45,2,35,0.561544192501005,1.4006575676793038,Pre-2023
fundamentals,1,3,21,2,17,0.7491206236926384,1.3841993298647923,Pre-2023
brought,1,3,21,3,21,0.7491206236926384,1.3841993298647923,Pre-2023
approaches,1,17,233,12,180,0.2757471010523469,1.3782516846236603,Pre-2023
digital,1,47,781,19,397,0.15820054118336824,1.3723220389556872,Pre-2023
misinformation,1,5,46,1,31,0.5456912421811992,1.3666427737526043,Pre-2023
systematically,1,5,46,5,41,0.5456912421811992,1.3666427737526043,Pre-2023
effort,1,5,46,4,37,0.5456912421811992,1.3666427737526043,Pre-2023
targeting,1,2,11,2,11,0.9391696628813779,1.3604161983291172,Pre-2023
considers,1,2,11,2,10,0.9391696628813779,1.3604161983291172,Pre-2023
stories,1,2,11,2,9,0.9391696628813779,1.3604161983291172,Pre-2023
address need,2,2,11,2,11,0.9391696628813779,1.3604161983291172,Pre-2023
prompted,1,2,11,2,11,0.9391696628813779,1.3604161983291172,Pre-2023
behavioral control,2,2,11,1,9,0.9391696628813779,1.3604161983291172,Pre-2023
attempts,1,2,11,1,11,0.9391696628813779,1.3604161983291172,Pre-2023
languages,1,2,11,2,9,0.9391696628813779,1.3604161983291172,Pre-2023
matter,1,2,11,2,11,0.9391696628813779,1.3604161983291172,Pre-2023
kids,1,2,11,2,10,0.9391696628813779,1.3604161983291172,Pre-2023
starting point,2,2,11,2,11,0.9391696628813779,1.3604161983291172,Pre-2023
humans,1,6,60,5,52,0.4864478050705596,1.3555812168287653,Pre-2023
fairness,1,5,47,2,34,0.5302706255773124,1.333335742236064,Pre-2023
short,1,4,34,3,26,0.6031711602185936,1.3317139587012439,Pre-2023
gained,1,4,34,4,33,0.6031711602185936,1.3317139587012439,Pre-2023
seen,1,3,22,3,22,0.7135358236706484,1.329102952822717,Pre-2023
artifacts,1,3,22,2,19,0.7135358236706484,1.329102952822717,Pre-2023
ubiquitous,1,3,22,3,22,0.7135358236706484,1.329102952822717,Pre-2023
underrepresented,1,3,22,2,21,0.7135358236706484,1.329102952822717,Pre-2023
game-based,1,3,22,2,12,0.7135358236706484,1.329102952822717,Pre-2023
standardized,1,3,22,3,21,0.7135358236706484,1.329102952822717,Pre-2023
apply,1,6,61,4,56,0.47486299037492863,1.3274747461828729,Pre-2023
organizations,1,6,61,4,51,0.47486299037492863,1.3274747461828729,Pre-2023
main,1,7,76,6,67,0.42939551606372994,1.3131309967218836,Pre-2023
means,1,4,35,3,34,0.5819653017020467,1.2916698407437697,Pre-2023
natural language,2,4,35,4,33,0.5819653017020467,1.2916698407437697,Pre-2023
algorithmic bias,2,4,35,3,33,0.5819653017020467,1.2916698407437697,Pre-2023
government,1,4,35,4,26,0.5819653017020467,1.2916698407437697,Pre-2023
cross-disciplinary,1,2,12,2,12,0.8695454141395924,1.2779878241574996,Pre-2023
web-based,1,2,12,2,12,0.8695454141395924,1.2779878241574996,Pre-2023
merely,1,2,12,2,12,0.8695454141395924,1.2779878241574996,Pre-2023
prior experience,2,2,12,2,12,0.8695454141395924,1.2779878241574996,Pre-2023
theoretical foundation,2,2,12,2,11,0.8695454141395924,1.2779878241574996,Pre-2023
content tpack,2,2,12,2,12,0.8695454141395924,1.2779878241574996,Pre-2023
presentation,1,2,12,2,10,0.8695454141395924,1.2779878241574996,Pre-2023
significantly influence,2,2,12,2,11,0.8695454141395924,1.2779878241574996,Pre-2023
desire,1,2,12,1,12,0.8695454141395924,1.2779878241574996,Pre-2023
wider,1,2,12,2,12,0.8695454141395924,1.2779878241574996,Pre-2023
young people,2,3,23,2,16,0.6798833804668529,1.2762989570732404,Pre-2023
space,1,3,23,3,18,0.6798833804668529,1.2762989570732404,Pre-2023
establishing,1,5,49,5,49,0.5006507533935407,1.268735512210341,Pre-2023
point,1,5,49,5,48,0.5006507533935407,1.268735512210341,Pre-2023
discussion,1,9,109,9,101,0.3557869777601992,1.260927096048838,Pre-2023
increasingly integrated,2,4,36,4,36,0.561510393738418,1.2527108099091897,Pre-2023
make,1,8,94,8,90,0.37590427877825405,1.2483532057408404,Pre-2023
unique,1,6,64,4,57,0.44153330531659307,1.2457799166090817,Pre-2023
fundamental,1,6,64,5,60,0.44153330531659307,1.2457799166090817,Pre-2023
adopted,1,5,50,4,48,0.4864165861947214,1.2373912675301972,Pre-2023
engaging,1,8,95,8,87,0.36883978225612246,1.2275116289720405,Pre-2023
largely,1,3,24,3,24,0.6479924421434369,1.2256151957683907,Pre-2023
medical imaging,2,3,24,1,5,0.6479924421434369,1.2256151957683907,Pre-2023
agenda,1,3,24,3,20,0.6479924421434369,1.2256151957683907,Pre-2023
programming,1,9,111,8,64,0.34378339822472004,1.222924152556961,Pre-2023
national,1,7,80,3,60,0.3945083817907964,1.2187269925130173,Pre-2023
daily life,2,4,37,4,37,0.5417631758940011,1.2147820865485885,Pre-2023
increased,1,8,96,7,88,0.36187323399390525,1.2068850724019675,Pre-2023
accessible,1,5,51,4,48,0.4725447446755986,1.2066524935946015,Pre-2023
workshops,1,5,51,3,43,0.4725447446755986,1.2066524935946015,Pre-2023
leverages,1,2,13,2,13,0.8065175793534376,1.2014709560961294,Pre-2023
consists,1,2,13,2,13,0.8065175793534376,1.2014709560961294,Pre-2023
black,1,2,13,2,12,0.8065175793534376,1.2014709560961294,Pre-2023
clustering,1,2,13,2,10,0.8065175793534376,1.2014709560961294,Pre-2023
realm,1,2,13,2,13,0.8065175793534376,1.2014709560961294,Pre-2023
mode,1,2,13,2,9,0.8065175793534376,1.2014709560961294,Pre-2023
relations,1,2,13,1,10,0.8065175793534376,1.2014709560961294,Pre-2023
dedicated,1,2,13,2,13,0.8065175793534376,1.2014709560961294,Pre-2023
inherent,1,2,13,2,12,0.8065175793534376,1.2014709560961294,Pre-2023
respect,1,2,13,1,13,0.8065175793534376,1.2014709560961294,Pre-2023
intelligent,1,10,129,7,83,0.31446407261796416,1.1901526514589957,Pre-2023
voice,1,4,38,3,19,0.5226838841580737,1.1778327159737654,Pre-2023
industries,1,4,38,4,34,0.5226838841580737,1.1778327159737654,Pre-2023
adaptation,1,4,38,3,36,0.5226838841580737,1.1778327159737654,Pre-2023
ai-literacy,1,3,25,2,18,0.6177131976528791,1.1768970572561912,Pre-2023
achieved,1,3,25,3,25,0.6177131976528791,1.1768970572561912,Pre-2023
solving,1,3,25,3,23,0.6177131976528791,1.1768970572561912,Pre-2023
ages,1,3,25,3,25,0.6177131976528791,1.1768970572561912,Pre-2023
code,1,3,25,2,21,0.6177131976528791,1.1768970572561912,Pre-2023
daily lives,2,3,25,3,22,0.6177131976528791,1.1768970572561912,Pre-2023
pilot,1,5,52,4,41,0.4590202813565085,1.1764969137696322,Pre-2023
increasingly relevant,2,1,4,1,4,1.2027275272301345,1.1687114817485529,Pre-2023
modifications,1,1,4,1,4,1.2027275272301345,1.1687114817485529,Pre-2023
publicly available,2,1,4,1,4,1.2027275272301345,1.1687114817485529,Pre-2023
ethical design,2,1,4,1,4,1.2027275272301345,1.1687114817485529,Pre-2023
agendas,1,1,4,1,4,1.2027275272301345,1.1687114817485529,Pre-2023
creativity innovation,2,1,4,1,4,1.2027275272301345,1.1687114817485529,Pre-2023
workings,1,1,4,1,4,1.2027275272301345,1.1687114817485529,Pre-2023
influence intention,2,1,4,1,4,1.2027275272301345,1.1687114817485529,Pre-2023
procedure,1,1,4,1,4,1.2027275272301345,1.1687114817485529,Pre-2023
tools assist,2,1,4,1,4,1.2027275272301345,1.1687114817485529,Pre-2023
multiple-choice questions,2,1,4,1,4,1.2027275272301345,1.1687114817485529,Pre-2023
publicly,1,1,4,1,4,1.2027275272301345,1.1687114817485529,Pre-2023
continuing,1,1,4,1,4,1.2027275272301345,1.1687114817485529,Pre-2023
contrasting,1,1,4,1,4,1.2027275272301345,1.1687114817485529,Pre-2023
displayed,1,1,4,1,4,1.2027275272301345,1.1687114817485529,Pre-2023
multigroup,1,1,4,1,4,1.2027275272301345,1.1687114817485529,Pre-2023
three-dimensional,1,1,4,1,4,1.2027275272301345,1.1687114817485529,Pre-2023
gauge,1,1,4,1,4,1.2027275272301345,1.1687114817485529,Pre-2023
exhaustive,1,1,4,1,4,1.2027275272301345,1.1687114817485529,Pre-2023
sort,1,1,4,1,4,1.2027275272301345,1.1687114817485529,Pre-2023
curriculum redesign,2,1,4,1,4,1.2027275272301345,1.1687114817485529,Pre-2023
need upskilling,2,1,4,1,4,1.2027275272301345,1.1687114817485529,Pre-2023
technology develop,2,1,4,1,4,1.2027275272301345,1.1687114817485529,Pre-2023
implications enhancing,2,1,4,1,4,1.2027275272301345,1.1687114817485529,Pre-2023
need assess,2,1,4,1,4,1.2027275272301345,1.1687114817485529,Pre-2023
highlighted importance,2,1,4,1,4,1.2027275272301345,1.1687114817485529,Pre-2023
highlighted challenges,2,1,4,1,4,1.2027275272301345,1.1687114817485529,Pre-2023
alter,1,1,4,1,4,1.2027275272301345,1.1687114817485529,Pre-2023
snowball,1,1,4,1,4,1.2027275272301345,1.1687114817485529,Pre-2023
endeavors,1,1,4,1,4,1.2027275272301345,1.1687114817485529,Pre-2023
graded,1,1,4,1,4,1.2027275272301345,1.1687114817485529,Pre-2023
paying,1,1,4,1,4,1.2027275272301345,1.1687114817485529,Pre-2023
ground,1,1,4,1,4,1.2027275272301345,1.1687114817485529,Pre-2023
need promote,2,1,4,1,4,1.2027275272301345,1.1687114817485529,Pre-2023
need new,2,1,4,1,4,1.2027275272301345,1.1687114817485529,Pre-2023
project aimed,2,1,4,1,4,1.2027275272301345,1.1687114817485529,Pre-2023
need know,2,1,4,1,4,1.2027275272301345,1.1687114817485529,Pre-2023
evaluation course,2,1,4,1,4,1.2027275272301345,1.1687114817485529,Pre-2023
hard,1,1,4,1,4,1.2027275272301345,1.1687114817485529,Pre-2023
owing,1,1,4,1,4,1.2027275272301345,1.1687114817485529,Pre-2023
siri,1,1,4,1,4,1.2027275272301345,1.1687114817485529,Pre-2023
reflective practice,2,1,4,1,4,1.2027275272301345,1.1687114817485529,Pre-2023
huge,1,1,4,1,4,1.2027275272301345,1.1687114817485529,Pre-2023
genders,1,1,4,1,4,1.2027275272301345,1.1687114817485529,Pre-2023
challenges healthcare,2,1,4,1,4,1.2027275272301345,1.1687114817485529,Pre-2023
technology society,2,1,4,1,4,1.2027275272301345,1.1687114817485529,Pre-2023
conducted systematic,2,1,4,1,4,1.2027275272301345,1.1687114817485529,Pre-2023
technologies future,2,1,4,1,4,1.2027275272301345,1.1687114817485529,Pre-2023
overcome challenges,2,1,4,1,4,1.2027275272301345,1.1687114817485529,Pre-2023
commercial,1,1,4,1,4,1.2027275272301345,1.1687114817485529,Pre-2023
giving,1,1,4,1,4,1.2027275272301345,1.1687114817485529,Pre-2023
technologies critically,2,1,4,1,4,1.2027275272301345,1.1687114817485529,Pre-2023
technological tools,2,1,4,1,4,1.2027275272301345,1.1687114817485529,Pre-2023
challenges need,2,1,4,1,4,1.2027275272301345,1.1687114817485529,Pre-2023
identify gaps,2,1,4,1,4,1.2027275272301345,1.1687114817485529,Pre-2023
exacerbated,1,1,4,1,4,1.2027275272301345,1.1687114817485529,Pre-2023
permeates,1,1,4,1,4,1.2027275272301345,1.1687114817485529,Pre-2023
technically,1,1,4,1,4,1.2027275272301345,1.1687114817485529,Pre-2023
hypothesized,1,1,4,1,4,1.2027275272301345,1.1687114817485529,Pre-2023
widely recognized,2,1,4,1,4,1.2027275272301345,1.1687114817485529,Pre-2023
regarded,1,1,4,1,4,1.2027275272301345,1.1687114817485529,Pre-2023
digital computational,2,1,4,1,4,1.2027275272301345,1.1687114817485529,Pre-2023
certain aspects,2,1,4,1,4,1.2027275272301345,1.1687114817485529,Pre-2023
overview current,2,1,4,1,4,1.2027275272301345,1.1687114817485529,Pre-2023
artifact,1,1,4,1,4,1.2027275272301345,1.1687114817485529,Pre-2023
review provides,2,1,4,1,4,1.2027275272301345,1.1687114817485529,Pre-2023
apply evaluate,2,1,4,1,4,1.2027275272301345,1.1687114817485529,Pre-2023
pre-test post-test,2,1,4,1,4,1.2027275272301345,1.1687114817485529,Pre-2023
scientific discourse,2,1,4,1,4,1.2027275272301345,1.1687114817485529,Pre-2023
open-source,1,1,4,1,4,1.2027275272301345,1.1687114817485529,Pre-2023
observational,1,1,4,1,4,1.2027275272301345,1.1687114817485529,Pre-2023
ubiquity,1,1,4,1,4,1.2027275272301345,1.1687114817485529,Pre-2023
despite positive,2,1,4,1,4,1.2027275272301345,1.1687114817485529,Pre-2023
designing tools,2,1,4,1,4,1.2027275272301345,1.1687114817485529,Pre-2023
meaningful engagement,2,1,4,1,4,1.2027275272301345,1.1687114817485529,Pre-2023
adoption new,2,1,4,1,4,1.2027275272301345,1.1687114817485529,Pre-2023
ability apply,2,1,4,1,4,1.2027275272301345,1.1687114817485529,Pre-2023
designing effective,2,1,4,1,4,1.2027275272301345,1.1687114817485529,Pre-2023
iteratively,1,1,4,1,4,1.2027275272301345,1.1687114817485529,Pre-2023
operationalized,1,1,4,1,4,1.2027275272301345,1.1687114817485529,Pre-2023
joint,1,1,4,1,4,1.2027275272301345,1.1687114817485529,Pre-2023
support future,2,1,4,1,4,1.2027275272301345,1.1687114817485529,Pre-2023
opposed,1,1,4,1,4,1.2027275272301345,1.1687114817485529,Pre-2023
attitudes perceived,2,1,4,1,4,1.2027275272301345,1.1687114817485529,Pre-2023
search strategy,2,1,4,1,4,1.2027275272301345,1.1687114817485529,Pre-2023
four-factor,1,1,4,1,4,1.2027275272301345,1.1687114817485529,Pre-2023
various industries,2,1,4,1,4,1.2027275272301345,1.1687114817485529,Pre-2023
design recommendations,2,1,4,1,4,1.2027275272301345,1.1687114817485529,Pre-2023
children develop,2,1,4,1,4,1.2027275272301345,1.1687114817485529,Pre-2023
program designed,2,1,4,1,4,1.2027275272301345,1.1687114817485529,Pre-2023
reached,1,1,4,1,4,1.2027275272301345,1.1687114817485529,Pre-2023
new strategies,2,1,4,1,4,1.2027275272301345,1.1687114817485529,Pre-2023
trade-offs,1,1,4,1,4,1.2027275272301345,1.1687114817485529,Pre-2023
different age,2,1,4,1,4,1.2027275272301345,1.1687114817485529,Pre-2023
retrieve,1,1,4,1,4,1.2027275272301345,1.1687114817485529,Pre-2023
policy documents,2,1,4,1,4,1.2027275272301345,1.1687114817485529,Pre-2023
review articles,2,1,4,1,4,1.2027275272301345,1.1687114817485529,Pre-2023
recent trends,2,1,4,1,4,1.2027275272301345,1.1687114817485529,Pre-2023
deepening,1,1,4,1,4,1.2027275272301345,1.1687114817485529,Pre-2023
presents case,2,1,4,1,4,1.2027275272301345,1.1687114817485529,Pre-2023
delineated,1,1,4,1,4,1.2027275272301345,1.1687114817485529,Pre-2023
differences perceptions,2,1,4,1,4,1.2027275272301345,1.1687114817485529,Pre-2023
calibration,1,1,4,1,4,1.2027275272301345,1.1687114817485529,Pre-2023
unlocking,1,1,4,1,4,1.2027275272301345,1.1687114817485529,Pre-2023
analyses indicated,2,1,4,1,4,1.2027275272301345,1.1687114817485529,Pre-2023
coupled,1,1,4,1,4,1.2027275272301345,1.1687114817485529,Pre-2023
training curriculum,2,1,4,1,4,1.2027275272301345,1.1687114817485529,Pre-2023
experience report,2,1,4,1,4,1.2027275272301345,1.1687114817485529,Pre-2023
realization,1,1,4,1,4,1.2027275272301345,1.1687114817485529,Pre-2023
forth,1,1,4,1,4,1.2027275272301345,1.1687114817485529,Pre-2023
intention,1,14,198,3,72,0.2558746984749787,1.168471262438637,Pre-2023
algorithms,1,6,67,6,49,0.41017910253519396,1.1677545639779927,Pre-2023
experiences,1,18,269,10,218,0.2217039902029727,1.1619307211235026,Pre-2023
courses,1,11,148,4,102,0.2874011703208641,1.1509731371903664,Pre-2023
lead,1,5,53,5,50,0.44582911550238435,1.1469033974260565,Pre-2023
supports,1,5,53,5,49,0.44582911550238435,1.1469033974260565,Pre-2023
pedagogies,1,4,39,2,29,0.5042358876869031,1.141815234845835,Pre-2023
future directions,2,4,39,3,35,0.5042358876869031,1.141815234845835,Pre-2023
increasing,1,10,132,9,125,0.2996206132935155,1.1394559958613923,Pre-2023
societies,1,2,14,2,13,0.7490816659787285,1.1301352448758661,Pre-2023
mathematical,1,2,14,2,10,0.7490816659787285,1.1301352448758661,Pre-2023
informs,1,2,14,2,13,0.7490816659787285,1.1301352448758661,Pre-2023
load,1,2,14,2,9,0.7490816659787285,1.1301352448758661,Pre-2023
digital world,2,2,14,2,12,0.7490816659787285,1.1301352448758661,Pre-2023
provide insights,2,2,14,2,14,0.7490816659787285,1.1301352448758661,Pre-2023
cognitive load,2,2,14,2,9,0.7490816659787285,1.1301352448758661,Pre-2023
future work,2,2,14,2,14,0.7490816659787285,1.1301352448758661,Pre-2023
rely,1,2,14,2,14,0.7490816659787285,1.1301352448758661,Pre-2023
prediction,1,2,14,2,12,0.7490816659787285,1.1301352448758661,Pre-2023
peer-reviewed articles,2,2,14,2,13,0.7490816659787285,1.1301352448758661,Pre-2023
utilizes,1,2,14,2,14,0.7490816659787285,1.1301352448758661,Pre-2023
determining,1,2,14,1,14,0.7490816659787285,1.1301352448758661,Pre-2023
brings,1,2,14,2,12,0.7490816659787285,1.1301352448758661,Pre-2023
practically,1,2,14,2,14,0.7490816659787285,1.1301352448758661,Pre-2023
draw,1,2,14,2,14,0.7490816659787285,1.1301352448758661,Pre-2023
promoted,1,2,14,2,14,0.7490816659787285,1.1301352448758661,Pre-2023
explainability,1,3,26,3,14,0.588913581672097,1.130005282278837,Pre-2023
private,1,3,26,3,22,0.588913581672097,1.130005282278837,Pre-2023
careers,1,3,26,3,24,0.588913581672097,1.130005282278837,Pre-2023
successfully,1,3,26,2,25,0.588913581672097,1.130005282278837,Pre-2023
hands-on,1,8,100,7,89,0.3349437556877346,1.1264438643166796,Pre-2023
medical,1,19,291,4,77,0.20669869583462397,1.1190710908916348,Pre-2023
text,1,7,85,3,54,0.3540029076632045,1.107047630774679,Pre-2023
modern,1,4,40,4,40,0.48638537140439375,1.1066853717550553,Pre-2023
responsive,1,4,40,2,31,0.48638537140439375,1.1066853717550553,Pre-2023
ethical challenges,2,4,40,2,35,0.48638537140439375,1.1066853717550553,Pre-2023
type,1,4,40,3,28,0.48638537140439375,1.1066853717550553,Pre-2023
applying,1,6,70,6,63,0.3806156374691616,1.0930892340250373,Pre-2023
components,1,6,70,5,59,0.3806156374691616,1.0930892340250373,Pre-2023
decisions,1,6,70,5,59,0.3806156374691616,1.0930892340250373,Pre-2023
behavioral,1,10,135,3,71,0.2852258017439455,1.0898840641957503,Pre-2023
week,1,3,27,3,26,0.5614765991505397,1.0848140913470523,Pre-2023
variety,1,3,27,3,27,0.5614765991505397,1.0848140913470523,Pre-2023
trend,1,3,27,3,23,0.5614765991505397,1.0848140913470523,Pre-2023
scope,1,3,27,3,25,0.5614765991505397,1.0848140913470523,Pre-2023
interfaces,1,3,27,2,17,0.5614765991505397,1.0848140913470523,Pre-2023
investigation,1,4,41,4,40,0.46910105768870025,1.0724017780618114,Pre-2023
subjects,1,4,41,3,28,0.46910105768870025,1.0724017780618114,Pre-2023
according,1,4,41,3,37,0.46910105768870025,1.0724017780618114,Pre-2023
making,1,8,103,7,86,0.31567438671974735,1.0681693784493154,Pre-2023
needed,1,7,87,6,86,0.3386770763356859,1.064179080639737,Pre-2023
terms,1,7,87,7,77,0.3386770763356859,1.064179080639737,Pre-2023
integral,1,2,15,2,14,0.6964416065024945,1.0633685431244357,Pre-2023
involve,1,2,15,2,14,0.6964416065024945,1.0633685431244357,Pre-2023
workplaces,1,2,15,2,12,0.6964416065024945,1.0633685431244357,Pre-2023
distribution,1,2,15,1,15,0.6964416065024945,1.0633685431244357,Pre-2023
outside,1,2,15,2,15,0.6964416065024945,1.0633685431244357,Pre-2023
ai-enabled,1,2,15,2,12,0.6964416065024945,1.0633685431244357,Pre-2023
independently,1,2,15,2,13,0.6964416065024945,1.0633685431244357,Pre-2023
interviews conducted,2,2,15,2,15,0.6964416065024945,1.0633685431244357,Pre-2023
speech,1,2,15,2,10,0.6964416065024945,1.0633685431244357,Pre-2023
helpful,1,2,15,2,15,0.6964416065024945,1.0633685431244357,Pre-2023
far,1,2,15,2,14,0.6964416065024945,1.0633685431244357,Pre-2023
indian,1,2,15,2,10,0.6964416065024945,1.0633685431244357,Pre-2023
collection,1,5,56,5,51,0.4081262741864151,1.0612995887862202,Pre-2023
types,1,5,56,5,48,0.4081262741864151,1.0612995887862202,Pre-2023
relevant,1,10,137,9,124,0.2758678459821713,1.0574365796058833,Pre-2023
promote,1,13,189,12,174,0.23863070000946696,1.0564139309483207,Pre-2023
creating,1,8,104,8,94,0.3094180591036997,1.0491162559356642,Pre-2023
environment,1,8,104,8,95,0.3094180591036997,1.0491162559356642,Pre-2023
information,1,26,429,9,228,0.1620799051869417,1.0440133766912496,Pre-2023
suggest,1,11,155,9,149,0.2581234455445136,1.0440098443598762,Pre-2023
transparency,1,9,121,6,96,0.2878363284161347,1.042504495940874,Pre-2023
dialogue,1,3,28,2,26,0.5352981348319368,1.0412095750278234,Pre-2023
construct,1,3,28,3,24,0.5352981348319368,1.0412095750278234,Pre-2023
criteria,1,4,42,4,39,0.4523539615123422,1.0389257855531282,Pre-2023
image,1,4,42,3,26,0.4523539615123422,1.0389257855531282,Pre-2023
core,1,8,105,8,96,0.3032422358985887,1.0302431198614272,Pre-2023
underpinnings,1,1,5,1,5,1.0166382831125258,1.0250005347276057,Pre-2023
trigger,1,1,5,1,5,1.0166382831125258,1.0250005347276057,Pre-2023
deal,1,1,5,1,5,1.0166382831125258,1.0250005347276057,Pre-2023
triggered,1,1,5,1,5,1.0166382831125258,1.0250005347276057,Pre-2023
design implications,2,1,5,1,5,1.0166382831125258,1.0250005347276057,Pre-2023
pedagogical designs,2,1,5,1,4,1.0166382831125258,1.0250005347276057,Pre-2023
randomized,1,1,5,1,5,1.0166382831125258,1.0250005347276057,Pre-2023
typically,1,1,5,1,5,1.0166382831125258,1.0250005347276057,Pre-2023
approximately,1,1,5,1,5,1.0166382831125258,1.0250005347276057,Pre-2023
design conducted,2,1,5,1,5,1.0166382831125258,1.0250005347276057,Pre-2023
thoughtfully,1,1,5,1,5,1.0166382831125258,1.0250005347276057,Pre-2023
support digital,2,1,5,1,5,1.0166382831125258,1.0250005347276057,Pre-2023
engines,1,1,5,1,5,1.0166382831125258,1.0250005347276057,Pre-2023
subset,1,1,5,1,4,1.0166382831125258,1.0250005347276057,Pre-2023
address issues,2,1,5,1,5,1.0166382831125258,1.0250005347276057,Pre-2023
description,1,1,5,1,5,1.0166382831125258,1.0250005347276057,Pre-2023
submitted,1,1,5,1,5,1.0166382831125258,1.0250005347276057,Pre-2023
provide reference,2,1,5,1,5,1.0166382831125258,1.0250005347276057,Pre-2023
conceptually,1,1,5,1,5,1.0166382831125258,1.0250005347276057,Pre-2023
articles included,2,1,5,1,5,1.0166382831125258,1.0250005347276057,Pre-2023
manuscript,1,1,5,1,5,1.0166382831125258,1.0250005347276057,Pre-2023
teachable machine,2,1,5,1,5,1.0166382831125258,1.0250005347276057,Pre-2023
designed enhance,2,1,5,1,5,1.0166382831125258,1.0250005347276057,Pre-2023
technologies everyday,2,1,5,1,5,1.0166382831125258,1.0250005347276057,Pre-2023
digitalization,1,1,5,1,5,1.0166382831125258,1.0250005347276057,Pre-2023
surprisingly,1,1,5,1,5,1.0166382831125258,1.0250005347276057,Pre-2023
utilisation,1,1,5,1,5,1.0166382831125258,1.0250005347276057,Pre-2023
fills,1,1,5,1,5,1.0166382831125258,1.0250005347276057,Pre-2023
psychological factors,2,1,5,1,5,1.0166382831125258,1.0250005347276057,Pre-2023
overall positive,2,1,5,1,5,1.0166382831125258,1.0250005347276057,Pre-2023
different fields,2,1,5,1,4,1.0166382831125258,1.0250005347276057,Pre-2023
phenomena,1,1,5,1,5,1.0166382831125258,1.0250005347276057,Pre-2023
examine relationship,2,1,5,1,5,1.0166382831125258,1.0250005347276057,Pre-2023
concurrent,1,1,5,1,4,1.0166382831125258,1.0250005347276057,Pre-2023
policy-makers,1,1,5,1,4,1.0166382831125258,1.0250005347276057,Pre-2023
comes,1,1,5,1,5,1.0166382831125258,1.0250005347276057,Pre-2023
synergy,1,1,5,1,5,1.0166382831125258,1.0250005347276057,Pre-2023
elucidate,1,1,5,1,5,1.0166382831125258,1.0250005347276057,Pre-2023
provides insight,2,1,5,1,5,1.0166382831125258,1.0250005347276057,Pre-2023
add,1,1,5,1,5,1.0166382831125258,1.0250005347276057,Pre-2023
post-training,1,1,5,1,5,1.0166382831125258,1.0250005347276057,Pre-2023
designed promote,2,1,5,1,5,1.0166382831125258,1.0250005347276057,Pre-2023
open-ended responses,2,1,5,1,5,1.0166382831125258,1.0250005347276057,Pre-2023
concerns raised,2,1,5,1,5,1.0166382831125258,1.0250005347276057,Pre-2023
nationwide,1,1,5,1,4,1.0166382831125258,1.0250005347276057,Pre-2023
importance digital,2,1,5,1,5,1.0166382831125258,1.0250005347276057,Pre-2023
strength,1,1,5,1,5,1.0166382831125258,1.0250005347276057,Pre-2023
appreciated,1,1,5,1,5,1.0166382831125258,1.0250005347276057,Pre-2023
illustrative,1,1,5,1,5,1.0166382831125258,1.0250005347276057,Pre-2023
shed,1,1,5,1,5,1.0166382831125258,1.0250005347276057,Pre-2023
identify patterns,2,1,5,1,5,1.0166382831125258,1.0250005347276057,Pre-2023
hypothetical,1,1,5,1,5,1.0166382831125258,1.0250005347276057,Pre-2023
human life,2,1,5,1,5,1.0166382831125258,1.0250005347276057,Pre-2023
shed light,2,1,5,1,5,1.0166382831125258,1.0250005347276057,Pre-2023
need address,2,1,5,1,5,1.0166382831125258,1.0250005347276057,Pre-2023
help understand,2,1,5,1,5,1.0166382831125258,1.0250005347276057,Pre-2023
need educators,2,1,5,1,5,1.0166382831125258,1.0250005347276057,Pre-2023
sixth-grade,1,1,5,1,5,1.0166382831125258,1.0250005347276057,Pre-2023
greece,1,1,5,1,5,1.0166382831125258,1.0250005347276057,Pre-2023
need satisfaction,2,1,5,1,4,1.0166382831125258,1.0250005347276057,Pre-2023
need support,2,1,5,1,5,1.0166382831125258,1.0250005347276057,Pre-2023
implications design,2,1,5,1,5,1.0166382831125258,1.0250005347276057,Pre-2023
improved understanding,2,1,5,1,5,1.0166382831125258,1.0250005347276057,Pre-2023
countries like,2,1,5,1,5,1.0166382831125258,1.0250005347276057,Pre-2023
inability,1,1,5,1,4,1.0166382831125258,1.0250005347276057,Pre-2023
scaling,1,1,5,1,4,1.0166382831125258,1.0250005347276057,Pre-2023
lack necessary,2,1,5,1,5,1.0166382831125258,1.0250005347276057,Pre-2023
reported higher,2,1,5,1,5,1.0166382831125258,1.0250005347276057,Pre-2023
medical practice,2,1,5,1,5,1.0166382831125258,1.0250005347276057,Pre-2023
school aged,2,1,5,1,5,1.0166382831125258,1.0250005347276057,Pre-2023
broaden,1,1,5,1,5,1.0166382831125258,1.0250005347276057,Pre-2023
constant,1,1,5,1,5,1.0166382831125258,1.0250005347276057,Pre-2023
interactivity,1,1,5,1,4,1.0166382831125258,1.0250005347276057,Pre-2023
saw,1,1,5,1,5,1.0166382831125258,1.0250005347276057,Pre-2023
intends,1,1,5,1,5,1.0166382831125258,1.0250005347276057,Pre-2023
integration technology,2,1,5,1,5,1.0166382831125258,1.0250005347276057,Pre-2023
inspire,1,1,5,1,5,1.0166382831125258,1.0250005347276057,Pre-2023
block,1,1,5,1,5,1.0166382831125258,1.0250005347276057,Pre-2023
seldom,1,1,5,1,5,1.0166382831125258,1.0250005347276057,Pre-2023
individuals critically,2,1,5,1,5,1.0166382831125258,1.0250005347276057,Pre-2023
south korean,2,1,5,1,5,1.0166382831125258,1.0250005347276057,Pre-2023
lack transparency,2,1,5,1,5,1.0166382831125258,1.0250005347276057,Pre-2023
follow,1,1,5,1,4,1.0166382831125258,1.0250005347276057,Pre-2023
offers implications,2,1,5,1,5,1.0166382831125258,1.0250005347276057,Pre-2023
observe,1,1,5,1,5,1.0166382831125258,1.0250005347276057,Pre-2023
citations,1,1,5,1,5,1.0166382831125258,1.0250005347276057,Pre-2023
realizing,1,1,5,1,5,1.0166382831125258,1.0250005347276057,Pre-2023
foster interdisciplinary,2,1,5,1,5,1.0166382831125258,1.0250005347276057,Pre-2023
foundational concepts,2,1,5,1,5,1.0166382831125258,1.0250005347276057,Pre-2023
loop,1,1,5,1,5,1.0166382831125258,1.0250005347276057,Pre-2023
children understand,2,1,5,1,4,1.0166382831125258,1.0250005347276057,Pre-2023
matrix,1,1,5,1,5,1.0166382831125258,1.0250005347276057,Pre-2023
fundamental concepts,2,1,5,1,5,1.0166382831125258,1.0250005347276057,Pre-2023
goals,1,7,89,6,68,0.3238150750703106,1.0222718775978996,Pre-2023
implementing,1,6,73,5,67,0.35268184313444984,1.021510362305765,Pre-2023
computing,1,5,58,2,33,0.3844328915791877,1.0066984979854718,Pre-2023
expectations,1,5,58,5,44,0.3844328915791877,1.0066984979854718,Pre-2023
currently,1,4,43,4,42,0.4361171743277339,1.0062211878926923,Pre-2023
strengthen,1,4,43,4,38,0.4361171743277339,1.0062211878926923,Pre-2023
curriculum design,2,4,43,4,38,0.4361171743277339,1.0062211878926923,Pre-2023
serves,1,4,43,4,43,0.4361171743277339,1.0062211878926923,Pre-2023
contributed,1,2,16,2,15,0.647956068032089,1.000654443445926,Pre-2023
story,1,2,16,1,11,0.647956068032089,1.000654443445926,Pre-2023
felt,1,2,16,2,14,0.647956068032089,1.000654443445926,Pre-2023
cooperation,1,2,16,2,15,0.647956068032089,1.000654443445926,Pre-2023
situated,1,2,16,2,15,0.647956068032089,1.000654443445926,Pre-2023
promotion,1,2,16,2,16,0.647956068032089,1.000654443445926,Pre-2023
ece,1,2,16,1,6,0.647956068032089,1.000654443445926,Pre-2023
literate,1,2,16,2,15,0.647956068032089,1.000654443445926,Pre-2023
comparing,1,2,16,2,16,0.647956068032089,1.000654443445926,Pre-2023
consisted,1,2,16,2,16,0.647956068032089,1.000654443445926,Pre-2023
recently,1,3,29,3,28,0.5102851459917019,0.9990883069444005,Pre-2023
india,1,3,29,2,17,0.5102851459917019,0.9990883069444005,Pre-2023
dimension,1,3,29,1,22,0.5102851459917019,0.9990883069444005,Pre-2023
scaffolding,1,3,29,2,19,0.5102851459917019,0.9990883069444005,Pre-2023
classes,1,3,29,3,23,0.5102851459917019,0.9990883069444005,Pre-2023
guide,1,8,107,8,93,0.2911255109097137,0.9930233847708155,Pre-2023
groups,1,11,159,10,117,0.24219065421784602,0.9850083242219569,Pre-2023
changes,1,7,91,7,80,0.3093945864889358,0.9812839507935684,Pre-2023
meaningful,1,5,59,5,56,0.3729868707190924,0.9800890964043314,Pre-2023
designs,1,4,44,3,41,0.42036567274534953,0.9742540432133291,Pre-2023
literature,1,21,343,17,259,0.16802730479812666,0.9704315592110484,Pre-2023
assistants,1,3,30,3,19,0.4863541606987525,0.9583561455444535,Pre-2023
language processing,2,3,30,3,29,0.4863541606987525,0.9583561455444535,Pre-2023
contributions,1,3,30,3,29,0.4863541606987525,0.9583561455444535,Pre-2023
need,1,39,693,25,593,0.11901325473076163,0.955334734680548,Pre-2023
supported,1,5,60,3,59,0.3617950722399774,0.9539203419568401,Pre-2023
surveys,1,6,76,5,69,0.3262365004678429,0.9527750913602944,Pre-2023
light,1,4,45,4,41,0.4050761486713652,0.9429924955237098,Pre-2023
met,1,2,17,2,17,0.6031009914648706,0.9415544241363649,Pre-2023
taken,1,2,17,2,17,0.6031009914648706,0.9415544241363649,Pre-2023
increases,1,2,17,2,16,0.6031009914648706,0.9415544241363649,Pre-2023
intended,1,2,17,2,16,0.6031009914648706,0.9415544241363649,Pre-2023
multidisciplinary,1,2,17,2,16,0.6031009914648706,0.9415544241363649,Pre-2023
sharing,1,2,17,2,17,0.6031009914648706,0.9415544241363649,Pre-2023
centers,1,2,17,1,15,0.6031009914648706,0.9415544241363649,Pre-2023
consequently,1,2,17,2,17,0.6031009914648706,0.9415544241363649,Pre-2023
high school,2,7,93,5,50,0.29539478414879206,0.9411758140802237,Pre-2023
requires,1,7,93,6,89,0.29539478414879206,0.9411758140802237,Pre-2023
policy,1,15,235,8,174,0.19289275475550838,0.9326431575258661,Pre-2023
topic,1,6,77,6,69,0.31773020983738753,0.9304571458988142,Pre-2023
norms,1,3,31,2,28,0.46343002168429237,0.9189271960876485,Pre-2023
identify,1,13,200,11,176,0.20386543673456448,0.9138910429777034,Pre-2023
expert,1,4,46,4,43,0.3902268580829453,0.912406612883226,Pre-2023
instrument,1,4,46,3,33,0.3902268580829453,0.912406612883226,Pre-2023
completed,1,4,46,4,45,0.3902268580829453,0.912406612883226,Pre-2023
explore,1,17,274,15,258,0.17588458305130938,0.9111822709165946,Pre-2023
read,1,1,6,1,5,0.8695038771336492,0.9036306894602171,Pre-2023
key components,2,1,6,1,6,0.8695038771336492,0.9036306894602171,Pre-2023
replaces,1,1,6,1,6,0.8695038771336492,0.9036306894602171,Pre-2023
competencies needed,2,1,6,1,6,0.8695038771336492,0.9036306894602171,Pre-2023
directly indirectly,2,1,6,1,6,0.8695038771336492,0.9036306894602171,Pre-2023
content delivery,2,1,6,1,6,0.8695038771336492,0.9036306894602171,Pre-2023
spreading,1,1,6,1,6,0.8695038771336492,0.9036306894602171,Pre-2023
age group,2,1,6,1,6,0.8695038771336492,0.9036306894602171,Pre-2023
provider,1,1,6,1,6,0.8695038771336492,0.9036306894602171,Pre-2023
scarcity,1,1,6,1,6,0.8695038771336492,0.9036306894602171,Pre-2023
trust technology,2,1,6,1,5,0.8695038771336492,0.9036306894602171,Pre-2023
clarification,1,1,6,1,6,0.8695038771336492,0.9036306894602171,Pre-2023
trying,1,1,6,1,6,0.8695038771336492,0.9036306894602171,Pre-2023
accessible engaging,2,1,6,1,6,0.8695038771336492,0.9036306894602171,Pre-2023
provides new,2,1,6,1,6,0.8695038771336492,0.9036306894602171,Pre-2023
featured,1,1,6,1,6,0.8695038771336492,0.9036306894602171,Pre-2023
speakers,1,1,6,1,5,0.8695038771336492,0.9036306894602171,Pre-2023
carry,1,1,6,1,6,0.8695038771336492,0.9036306894602171,Pre-2023
begin,1,1,6,1,6,0.8695038771336492,0.9036306894602171,Pre-2023
remote,1,1,6,1,6,0.8695038771336492,0.9036306894602171,Pre-2023
covid- pandemic,2,1,6,1,6,0.8695038771336492,0.9036306894602171,Pre-2023
factors shape,2,1,6,1,6,0.8695038771336492,0.9036306894602171,Pre-2023
reading writing,2,1,6,1,4,0.8695038771336492,0.9036306894602171,Pre-2023
interacted,1,1,6,1,5,0.8695038771336492,0.9036306894602171,Pre-2023
surface,1,1,6,1,6,0.8695038771336492,0.9036306894602171,Pre-2023
progressively,1,1,6,1,6,0.8695038771336492,0.9036306894602171,Pre-2023
secondary university,2,1,6,1,4,0.8695038771336492,0.9036306894602171,Pre-2023
search engine,2,1,6,1,5,0.8695038771336492,0.9036306894602171,Pre-2023
sweden,1,1,6,1,6,0.8695038771336492,0.9036306894602171,Pre-2023
limitation,1,1,6,1,6,0.8695038771336492,0.9036306894602171,Pre-2023
compares,1,1,6,1,6,0.8695038771336492,0.9036306894602171,Pre-2023
effective tools,2,1,6,1,6,0.8695038771336492,0.9036306894602171,Pre-2023
qualitative feedback,2,1,6,1,6,0.8695038771336492,0.9036306894602171,Pre-2023
understanding digital,2,1,6,1,6,0.8695038771336492,0.9036306894602171,Pre-2023
proven,1,1,6,1,6,0.8695038771336492,0.9036306894602171,Pre-2023
alleviate,1,1,6,1,6,0.8695038771336492,0.9036306894602171,Pre-2023
children aged,2,1,6,1,6,0.8695038771336492,0.9036306894602171,Pre-2023
shortcomings,1,1,6,1,6,0.8695038771336492,0.9036306894602171,Pre-2023
participants completed,2,1,6,1,6,0.8695038771336492,0.9036306894602171,Pre-2023
engineering critical,2,1,6,1,6,0.8695038771336492,0.9036306894602171,Pre-2023
engineering mathematics,2,1,6,1,6,0.8695038771336492,0.9036306894602171,Pre-2023
awareness critical,2,1,6,1,6,0.8695038771336492,0.9036306894602171,Pre-2023
demonstration,1,1,6,1,6,0.8695038771336492,0.9036306894602171,Pre-2023
qualitative survey,2,1,6,1,6,0.8695038771336492,0.9036306894602171,Pre-2023
need equip,2,1,6,1,6,0.8695038771336492,0.9036306894602171,Pre-2023
understanding systems,2,1,6,1,6,0.8695038771336492,0.9036306894602171,Pre-2023
erasmus,1,1,6,1,6,0.8695038771336492,0.9036306894602171,Pre-2023
questionnaire administered,2,1,6,1,6,0.8695038771336492,0.9036306894602171,Pre-2023
ethical regulatory,2,1,6,1,5,0.8695038771336492,0.9036306894602171,Pre-2023
ethical societal,2,1,6,1,6,0.8695038771336492,0.9036306894602171,Pre-2023
evaluate create,2,1,6,1,6,0.8695038771336492,0.9036306894602171,Pre-2023
review literature,2,1,6,1,6,0.8695038771336492,0.9036306894602171,Pre-2023
need foster,2,1,6,1,6,0.8695038771336492,0.9036306894602171,Pre-2023
evaluation ethical,2,1,6,1,6,0.8695038771336492,0.9036306894602171,Pre-2023
greatest,1,1,6,1,5,0.8695038771336492,0.9036306894602171,Pre-2023
elementary schools,2,1,6,1,6,0.8695038771336492,0.9036306894602171,Pre-2023
performing,1,1,6,1,6,0.8695038771336492,0.9036306894602171,Pre-2023
eastern,1,1,6,1,6,0.8695038771336492,0.9036306894602171,Pre-2023
committed,1,1,6,1,5,0.8695038771336492,0.9036306894602171,Pre-2023
black box,2,1,6,1,6,0.8695038771336492,0.9036306894602171,Pre-2023
distinction,1,1,6,1,5,0.8695038771336492,0.9036306894602171,Pre-2023
consulting,1,1,6,1,6,0.8695038771336492,0.9036306894602171,Pre-2023
project management,2,1,6,1,5,0.8695038771336492,0.9036306894602171,Pre-2023
accepted,1,1,6,1,6,0.8695038771336492,0.9036306894602171,Pre-2023
access technology,2,1,6,1,6,0.8695038771336492,0.9036306894602171,Pre-2023
formal informal,2,1,6,1,6,0.8695038771336492,0.9036306894602171,Pre-2023
prevention,1,1,6,1,5,0.8695038771336492,0.9036306894602171,Pre-2023
literary,1,1,6,1,4,0.8695038771336492,0.9036306894602171,Pre-2023
imagine,1,1,6,1,6,0.8695038771336492,0.9036306894602171,Pre-2023
format,1,1,6,1,6,0.8695038771336492,0.9036306894602171,Pre-2023
addresses gaps,2,1,6,1,6,0.8695038771336492,0.9036306894602171,Pre-2023
assessment tool,2,1,6,1,6,0.8695038771336492,0.9036306894602171,Pre-2023
national strategies,2,1,6,1,4,0.8695038771336492,0.9036306894602171,Pre-2023
include,1,11,165,9,153,0.2192956099267942,0.8991950820905599,Pre-2023
participants,1,22,371,13,254,0.14917843565562627,0.8883845618411661,Pre-2023
creative,1,10,148,9,91,0.2275366591553949,0.8869303271140944,Pre-2023
aspects,1,10,148,8,123,0.2275366591553949,0.8869303271140944,Pre-2023
decision,1,6,79,4,45,0.3011551498037228,0.8866669698440239,Pre-2023
inquiry-based,1,2,18,1,9,0.5614428087365706,0.8856936910861651,Pre-2023
sophisticated,1,2,18,2,17,0.5614428087365706,0.8856936910861651,Pre-2023
tpb,1,2,18,1,12,0.5614428087365706,0.8856936910861651,Pre-2023
factors influence,2,2,18,2,17,0.5614428087365706,0.8856936910861651,Pre-2023
prevalence,1,2,18,2,14,0.5614428087365706,0.8856936910861651,Pre-2023
cycle,1,2,18,2,17,0.5614428087365706,0.8856936910861651,Pre-2023
curiosity,1,2,18,2,16,0.5614428087365706,0.8856936910861651,Pre-2023
organization,1,2,18,2,14,0.5614428087365706,0.8856936910861651,Pre-2023
contribution,1,4,47,4,44,0.3757974860426998,0.882468240544252,Pre-2023
known,1,4,47,4,46,0.3757974860426998,0.882468240544252,Pre-2023
coding,1,4,47,3,38,0.3757974860426998,0.882468240544252,Pre-2023
expected,1,3,32,2,27,0.441444829173836,0.8807229088833949,Pre-2023
special,1,3,32,3,22,0.441444829173836,0.8807229088833949,Pre-2023
recognized,1,3,32,3,32,0.441444829173836,0.8807229088833949,Pre-2023
affected,1,3,32,3,27,0.441444829173836,0.8807229088833949,Pre-2023
plays,1,3,32,3,32,0.441444829173836,0.8807229088833949,Pre-2023
content,1,25,430,16,303,0.1376782415984419,0.8780579950702863,Pre-2023
finally,1,5,63,5,58,0.32965667679010036,0.8779189756216907,Pre-2023
improve,1,12,185,11,159,0.20258347921517572,0.8729240087775292,Pre-2023
factors,1,22,373,10,224,0.14602823774215956,0.8707145330875415,Pre-2023
utilizing,1,6,80,6,74,0.2930783909929602,0.8651806758852523,Pre-2023
improvement,1,5,64,4,63,0.31939557649033645,0.8533769076456941,Pre-2023
aied,1,4,48,2,23,0.36176902590636395,0.8531508674754442,Pre-2023
little,1,4,48,4,45,0.36176902590636395,0.8531508674754442,Pre-2023
imaging,1,3,33,1,10,0.42033704605472444,0.8436712936593783,Pre-2023
systems,1,25,435,18,259,0.13096602196472062,0.8375241817509163,Pre-2023
debates,1,2,19,2,16,0.5226188829649967,0.8327499265481814,Pre-2023
function,1,2,19,2,18,0.5226188829649967,0.8327499265481814,Pre-2023
employee,1,2,19,1,9,0.5226188829649967,0.8327499265481814,Pre-2023
employ,1,2,19,2,18,0.5226188829649967,0.8327499265481814,Pre-2023
technological pedagogical,2,2,19,2,17,0.5226188829649967,0.8327499265481814,Pre-2023
scenario,1,2,19,2,15,0.5226188829649967,0.8327499265481814,Pre-2023
discipline,1,2,19,2,18,0.5226188829649967,0.8327499265481814,Pre-2023
problem,1,4,49,4,40,0.3481236709721305,0.8244295048663579,Pre-2023
interact,1,4,49,4,47,0.3481236709721305,0.8244295048663579,Pre-2023
certain,1,3,34,3,34,0.4000507363825889,0.8077062331608998,Pre-2023
forms,1,3,34,3,33,0.4000507363825889,0.8077062331608998,Pre-2023
architecture,1,1,7,1,6,0.7490427125042629,0.7990847394324245,Pre-2023
proposals,1,1,7,1,7,0.7490427125042629,0.7990847394324245,Pre-2023
critically examine,2,1,7,1,7,0.7490427125042629,0.7990847394324245,Pre-2023
valid reliable,2,1,7,1,7,0.7490427125042629,0.7990847394324245,Pre-2023
connect,1,1,7,1,7,0.7490427125042629,0.7990847394324245,Pre-2023
vary,1,1,7,1,7,0.7490427125042629,0.7990847394324245,Pre-2023
program design,2,1,7,1,5,0.7490427125042629,0.7990847394324245,Pre-2023
units,1,1,7,1,7,0.7490427125042629,0.7990847394324245,Pre-2023
writing pedagogy,2,1,7,1,4,0.7490427125042629,0.7990847394324245,Pre-2023
cross-national,1,1,7,1,5,0.7490427125042629,0.7990847394324245,Pre-2023
attitudinal,1,1,7,1,6,0.7490427125042629,0.7990847394324245,Pre-2023
preventing,1,1,7,1,7,0.7490427125042629,0.7990847394324245,Pre-2023
organizing,1,1,7,1,7,0.7490427125042629,0.7990847394324245,Pre-2023
extracurricular,1,1,7,1,6,0.7490427125042629,0.7990847394324245,Pre-2023
audits,1,1,7,1,5,0.7490427125042629,0.7990847394324245,Pre-2023
formulated,1,1,7,1,7,0.7490427125042629,0.7990847394324245,Pre-2023
notions,1,1,7,1,7,0.7490427125042629,0.7990847394324245,Pre-2023
childhood ece,2,1,7,1,6,0.7490427125042629,0.7990847394324245,Pre-2023
new approaches,2,1,7,1,7,0.7490427125042629,0.7990847394324245,Pre-2023
future society,2,1,7,1,7,0.7490427125042629,0.7990847394324245,Pre-2023
need understand,2,1,7,1,7,0.7490427125042629,0.7990847394324245,Pre-2023
gameplay,1,1,7,1,5,0.7490427125042629,0.7990847394324245,Pre-2023
guarantee,1,1,7,1,6,0.7490427125042629,0.7990847394324245,Pre-2023
similarly,1,1,7,1,7,0.7490427125042629,0.7990847394324245,Pre-2023
imagination,1,1,7,1,6,0.7490427125042629,0.7990847394324245,Pre-2023
named,1,1,7,1,7,0.7490427125042629,0.7990847394324245,Pre-2023
museum,1,1,7,1,4,0.7490427125042629,0.7990847394324245,Pre-2023
regularly,1,1,7,1,7,0.7490427125042629,0.7990847394324245,Pre-2023
related ethical,2,1,7,1,6,0.7490427125042629,0.7990847394324245,Pre-2023
infancy,1,1,7,1,7,0.7490427125042629,0.7990847394324245,Pre-2023
influence perceived,2,1,7,1,6,0.7490427125042629,0.7990847394324245,Pre-2023
self-study,1,1,7,1,5,0.7490427125042629,0.7990847394324245,Pre-2023
relates,1,1,7,1,7,0.7490427125042629,0.7990847394324245,Pre-2023
relationships factors,2,1,7,1,6,0.7490427125042629,0.7990847394324245,Pre-2023
interdisciplinarity,1,1,7,1,7,0.7490427125042629,0.7990847394324245,Pre-2023
school curriculum,2,1,7,1,7,0.7490427125042629,0.7990847394324245,Pre-2023
issues related,2,1,7,1,7,0.7490427125042629,0.7990847394324245,Pre-2023
keyword,1,1,7,1,6,0.7490427125042629,0.7990847394324245,Pre-2023
medical school,2,1,7,1,5,0.7490427125042629,0.7990847394324245,Pre-2023
scaffolds,1,1,7,1,7,0.7490427125042629,0.7990847394324245,Pre-2023
satisfying,1,1,7,1,4,0.7490427125042629,0.7990847394324245,Pre-2023
rich,1,1,7,1,7,0.7490427125042629,0.7990847394324245,Pre-2023
summarized,1,1,7,1,7,0.7490427125042629,0.7990847394324245,Pre-2023
children critical,2,1,7,1,5,0.7490427125042629,0.7990847394324245,Pre-2023
experience design,2,1,7,1,4,0.7490427125042629,0.7990847394324245,Pre-2023
things,1,1,7,1,6,0.7490427125042629,0.7990847394324245,Pre-2023
disease,1,1,7,1,7,0.7490427125042629,0.7990847394324245,Pre-2023
attention paid,2,1,7,1,6,0.7490427125042629,0.7990847394324245,Pre-2023
public private,2,1,7,1,7,0.7490427125042629,0.7990847394324245,Pre-2023
think-aloud,1,1,7,1,6,0.7490427125042629,0.7990847394324245,Pre-2023
compelling,1,1,7,1,7,0.7490427125042629,0.7990847394324245,Pre-2023
answered,1,1,7,1,7,0.7490427125042629,0.7990847394324245,Pre-2023
thoughts,1,1,7,1,7,0.7490427125042629,0.7990847394324245,Pre-2023
point likert,2,1,7,1,7,0.7490427125042629,0.7990847394324245,Pre-2023
tool support,2,1,7,1,7,0.7490427125042629,0.7990847394324245,Pre-2023
aspiring,1,1,7,1,6,0.7490427125042629,0.7990847394324245,Pre-2023
track,1,1,7,1,5,0.7490427125042629,0.7990847394324245,Pre-2023
differ,1,1,7,1,7,0.7490427125042629,0.7990847394324245,Pre-2023
desired,1,1,7,1,7,0.7490427125042629,0.7990847394324245,Pre-2023
compulsory,1,1,7,1,7,0.7490427125042629,0.7990847394324245,Pre-2023
pre-test,1,1,7,1,7,0.7490427125042629,0.7990847394324245,Pre-2023
dissertation,1,1,7,1,4,0.7490427125042629,0.7990847394324245,Pre-2023
healthcare services,2,1,7,1,4,0.7490427125042629,0.7990847394324245,Pre-2023
perpetuate,1,1,7,1,6,0.7490427125042629,0.7990847394324245,Pre-2023
technologists,1,1,7,1,7,0.7490427125042629,0.7990847394324245,Pre-2023
push,1,1,7,1,6,0.7490427125042629,0.7990847394324245,Pre-2023
qualitative quantitative,2,1,7,1,7,0.7490427125042629,0.7990847394324245,Pre-2023
qualities,1,1,7,1,6,0.7490427125042629,0.7990847394324245,Pre-2023
mathematics,1,4,50,2,27,0.3348447170670257,0.7962805753766211,Pre-2023
culturally,1,4,50,2,37,0.3348447170670257,0.7962805753766211,Pre-2023
interactive,1,8,119,6,94,0.22438420680512028,0.7831774599626575,Pre-2023
abstract,1,2,20,2,20,0.4863229540769858,0.7824443078588259,Pre-2023
interpretation,1,2,20,2,18,0.4863229540769858,0.7824443078588259,Pre-2023
allowing,1,2,20,1,20,0.4863229540769858,0.7824443078588259,Pre-2023
equation modelling,2,2,20,2,20,0.4863229540769858,0.7824443078588259,Pre-2023
commonly,1,2,20,2,20,0.4863229540769858,0.7824443078588259,Pre-2023
socio-technical,1,2,20,2,10,0.4863229540769858,0.7824443078588259,Pre-2023
linked,1,2,20,2,19,0.4863229540769858,0.7824443078588259,Pre-2023
simultaneously,1,2,20,2,19,0.4863229540769858,0.7824443078588259,Pre-2023
pervasive,1,2,20,2,20,0.4863229540769858,0.7824443078588259,Pre-2023
varied,1,3,35,3,35,0.38053491409683815,0.772766881765092,Pre-2023
setting,1,3,35,2,33,0.38053491409683815,0.772766881765092,Pre-2023
underlying,1,3,35,3,35,0.38053491409683815,0.772766881765092,Pre-2023
association,1,3,35,2,27,0.38053491409683815,0.772766881765092,Pre-2023
processing,1,4,51,4,46,0.32191647477381746,0.7686818120356385,Pre-2023
natural,1,4,51,4,48,0.32191647477381746,0.7686818120356385,Pre-2023
ai-based,1,6,85,5,64,0.2546557572514079,0.7615774413469999,Pre-2023
disciplines,1,6,85,6,68,0.2546557572514079,0.7615774413469999,Pre-2023
platforms,1,5,68,5,51,0.2804138701713068,0.758854246758066,Pre-2023
youth,1,5,68,4,27,0.2804138701713068,0.758854246758066,Pre-2023
classroom,1,12,195,9,137,0.17093367357207168,0.7453906832449186,Pre-2023
communities,1,4,52,3,41,0.30932419017757873,0.7416121658231065,Pre-2023
confirmatory factor,2,3,36,2,36,0.3617429833635395,0.7387971371294936,Pre-2023
products,1,2,21,2,14,0.452294128107507,0.7345342975226141,Pre-2023
defined,1,2,21,2,21,0.452294128107507,0.7345342975226141,Pre-2023
helps,1,2,21,2,21,0.452294128107507,0.7345342975226141,Pre-2023
comparison,1,2,21,2,19,0.452294128107507,0.7345342975226141,Pre-2023
called,1,2,21,2,20,0.452294128107507,0.7345342975226141,Pre-2023
profile,1,2,21,1,15,0.452294128107507,0.7345342975226141,Pre-2023
advocate,1,2,21,2,21,0.452294128107507,0.7345342975226141,Pre-2023
pedagogical content,2,2,21,2,18,0.452294128107507,0.7345342975226141,Pre-2023
generation,1,8,122,7,101,0.20912906901067085,0.7339807759346003,Pre-2023
activity,1,4,53,2,41,0.29705397316015336,0.7150517210699229,Pre-2023
programs,1,16,274,6,227,0.14010827762994982,0.7141127429095061,Pre-2023
identifying,1,5,70,3,68,0.2620693366119333,0.7136329366986603,Pre-2023
elementary,1,5,70,4,33,0.2620693366119333,0.7136329366986603,Pre-2023
address,1,15,255,14,237,0.14436995408231112,0.7112485781966748,Pre-2023
specialty,1,1,8,1,6,0.6479196981459872,0.7075298265843317,Pre-2023
companion,1,1,8,1,5,0.6479196981459872,0.7075298265843317,Pre-2023
cues,1,1,8,1,4,0.6479196981459872,0.7075298265843317,Pre-2023
representative,1,1,8,1,8,0.6479196981459872,0.7075298265843317,Pre-2023
help educators,2,1,8,1,8,0.6479196981459872,0.7075298265843317,Pre-2023
considerable,1,1,8,1,8,0.6479196981459872,0.7075298265843317,Pre-2023
comparable,1,1,8,1,8,0.6479196981459872,0.7075298265843317,Pre-2023
directions future,2,1,8,1,8,0.6479196981459872,0.7075298265843317,Pre-2023
reinforcing,1,1,8,1,8,0.6479196981459872,0.7075298265843317,Pre-2023
nascent,1,1,8,1,8,0.6479196981459872,0.7075298265843317,Pre-2023
parts,1,1,8,1,8,0.6479196981459872,0.7075298265843317,Pre-2023
influential factors,2,1,8,1,7,0.6479196981459872,0.7075298265843317,Pre-2023
unlike,1,1,8,1,8,0.6479196981459872,0.7075298265843317,Pre-2023
allowed,1,1,8,1,8,0.6479196981459872,0.7075298265843317,Pre-2023
collected analyzed,2,1,8,1,8,0.6479196981459872,0.7075298265843317,Pre-2023
covid-,1,1,8,1,7,0.6479196981459872,0.7075298265843317,Pre-2023
creative thinking,2,1,8,1,7,0.6479196981459872,0.7075298265843317,Pre-2023
summarize,1,1,8,1,8,0.6479196981459872,0.7075298265843317,Pre-2023
age groups,2,1,8,1,8,0.6479196981459872,0.7075298265843317,Pre-2023
cover,1,1,8,1,8,0.6479196981459872,0.7075298265843317,Pre-2023
email,1,1,8,1,8,0.6479196981459872,0.7075298265843317,Pre-2023
real-life,1,1,8,1,7,0.6479196981459872,0.7075298265843317,Pre-2023
lastly,1,1,8,1,8,0.6479196981459872,0.7075298265843317,Pre-2023
organize,1,1,8,1,8,0.6479196981459872,0.7075298265843317,Pre-2023
various domains,2,1,8,1,8,0.6479196981459872,0.7075298265843317,Pre-2023
human resources,2,1,8,1,5,0.6479196981459872,0.7075298265843317,Pre-2023
increasing attention,2,1,8,1,8,0.6479196981459872,0.7075298265843317,Pre-2023
entering,1,1,8,1,8,0.6479196981459872,0.7075298265843317,Pre-2023
enterprises,1,1,8,1,8,0.6479196981459872,0.7075298265843317,Pre-2023
recent developments,2,1,8,1,8,0.6479196981459872,0.7075298265843317,Pre-2023
hub,1,1,8,1,4,0.6479196981459872,0.7075298265843317,Pre-2023
experiencing,1,1,8,1,7,0.6479196981459872,0.7075298265843317,Pre-2023
drug,1,1,8,1,5,0.6479196981459872,0.7075298265843317,Pre-2023
representatives,1,1,8,1,6,0.6479196981459872,0.7075298265843317,Pre-2023
october,1,1,8,1,8,0.6479196981459872,0.7075298265843317,Pre-2023
democracy,1,1,8,1,5,0.6479196981459872,0.7075298265843317,Pre-2023
intelligent agents,2,1,8,1,7,0.6479196981459872,0.7075298265843317,Pre-2023
systems increasingly,2,1,8,1,8,0.6479196981459872,0.7075298265843317,Pre-2023
accompanied,1,1,8,1,8,0.6479196981459872,0.7075298265843317,Pre-2023
sequence,1,1,8,1,6,0.6479196981459872,0.7075298265843317,Pre-2023
fewer,1,1,8,1,8,0.6479196981459872,0.7075298265843317,Pre-2023
adopt technologies,2,1,8,1,6,0.6479196981459872,0.7075298265843317,Pre-2023
factors affect,2,1,8,1,6,0.6479196981459872,0.7075298265843317,Pre-2023
designing implementing,2,1,8,1,7,0.6479196981459872,0.7075298265843317,Pre-2023
modes,1,1,8,1,7,0.6479196981459872,0.7075298265843317,Pre-2023
policy makers,2,1,8,1,8,0.6479196981459872,0.7075298265843317,Pre-2023
kind,1,1,8,1,8,0.6479196981459872,0.7075298265843317,Pre-2023
stimulate,1,1,8,1,8,0.6479196981459872,0.7075298265843317,Pre-2023
vocational training,2,1,8,1,7,0.6479196981459872,0.7075298265843317,Pre-2023
fatigue,1,1,8,1,4,0.6479196981459872,0.7075298265843317,Pre-2023
underserved communities,2,1,8,1,5,0.6479196981459872,0.7075298265843317,Pre-2023
intelligent systems,2,1,8,1,8,0.6479196981459872,0.7075298265843317,Pre-2023
person,1,1,8,1,7,0.6479196981459872,0.7075298265843317,Pre-2023
understanding ethics,2,1,8,1,4,0.6479196981459872,0.7075298265843317,Pre-2023
shifted,1,1,8,1,7,0.6479196981459872,0.7075298265843317,Pre-2023
strategic planning,2,1,8,1,8,0.6479196981459872,0.7075298265843317,Pre-2023
developed validated,2,1,8,1,8,0.6479196981459872,0.7075298265843317,Pre-2023
self-reflective,1,1,8,1,7,0.6479196981459872,0.7075298265843317,Pre-2023
percent,1,1,8,1,5,0.6479196981459872,0.7075298265843317,Pre-2023
uncertain,1,1,8,1,8,0.6479196981459872,0.7075298265843317,Pre-2023
box,1,1,8,1,8,0.6479196981459872,0.7075298265843317,Pre-2023
review background,2,1,8,1,8,0.6479196981459872,0.7075298265843317,Pre-2023
validate,1,3,37,3,36,0.3436322555181057,0.7057451747560377,Pre-2023
affordances,1,3,37,3,26,0.3436322555181057,0.7057451747560377,Pre-2023
achieve,1,3,37,3,37,0.3436322555181057,0.7057451747560377,Pre-2023
germany,1,2,22,2,20,0.4203084233199892,0.6888078193279233,Pre-2023
develop,1,16,277,14,242,0.13377797699757643,0.6835931536178826,Pre-2023
discussions,1,6,89,6,76,0.22607451362742026,0.6829375501166046,Pre-2023
evidence-based,1,3,38,3,36,0.3261635303782242,0.6735630369035912,Pre-2023
aware,1,3,38,3,37,0.3261635303782242,0.6735630369035912,Pre-2023
european,1,3,38,2,30,0.3261635303782242,0.6735630369035912,Pre-2023
affect,1,5,72,5,64,0.24442626279134938,0.6696695617251304,Pre-2023
serve,1,4,55,4,51,0.2734281163242134,0.663383981136333,Pre-2023
entrepreneurial,1,4,55,1,12,0.2734281163242134,0.663383981136333,Pre-2023
promoting,1,10,165,9,151,0.16184871102587461,0.6465460462556135,Pre-2023
outcome,1,2,23,2,18,0.39017219269396186,0.6450785239235644,Pre-2023
starting,1,2,23,2,23,0.39017219269396186,0.6450785239235644,Pre-2023
educators researchers,2,2,23,1,21,0.39017219269396186,0.6450785239235644,Pre-2023
broad,1,2,23,2,21,0.39017219269396186,0.6450785239235644,Pre-2023
robot,1,3,39,3,20,0.30930073191533936,0.6422062685772542,Pre-2023
competences,1,3,39,2,20,0.30930073191533936,0.6422062685772542,Pre-2023
complexity,1,3,39,3,33,0.30930073191533936,0.6422062685772542,Pre-2023
competency,1,9,147,4,74,0.16784882447710547,0.634621763883448,Pre-2023
invited,1,1,9,1,9,0.5614090224957202,0.626242327037465,Pre-2023
tools assessment,2,1,9,1,8,0.5614090224957202,0.626242327037465,Pre-2023
behavior tpb,2,1,9,1,9,0.5614090224957202,0.626242327037465,Pre-2023
creative problem-solving,2,1,9,1,5,0.5614090224957202,0.626242327037465,Pre-2023
dealing,1,1,9,1,9,0.5614090224957202,0.626242327037465,Pre-2023
ai-specific,1,1,9,1,9,0.5614090224957202,0.626242327037465,Pre-2023
monitor,1,1,9,1,8,0.5614090224957202,0.626242327037465,Pre-2023
intuitive,1,1,9,1,9,0.5614090224957202,0.626242327037465,Pre-2023
custom,1,1,9,1,5,0.5614090224957202,0.626242327037465,Pre-2023
known topic,2,1,9,1,9,0.5614090224957202,0.626242327037465,Pre-2023
massive,1,1,9,1,9,0.5614090224957202,0.626242327037465,Pre-2023
mastering,1,1,9,1,8,0.5614090224957202,0.626242327037465,Pre-2023
emerging technology,2,1,9,1,9,0.5614090224957202,0.626242327037465,Pre-2023
inspired,1,1,9,1,9,0.5614090224957202,0.626242327037465,Pre-2023
barriers adoption,2,1,9,1,9,0.5614090224957202,0.626242327037465,Pre-2023
inner,1,1,9,1,5,0.5614090224957202,0.626242327037465,Pre-2023
kindergarten children,2,1,9,1,4,0.5614090224957202,0.626242327037465,Pre-2023
need training,2,1,9,1,9,0.5614090224957202,0.626242327037465,Pre-2023
visible,1,1,9,1,9,0.5614090224957202,0.626242327037465,Pre-2023
tackle,1,1,9,1,9,0.5614090224957202,0.626242327037465,Pre-2023
voice assistants,2,1,9,1,5,0.5614090224957202,0.626242327037465,Pre-2023
social ethical,2,1,9,1,9,0.5614090224957202,0.626242327037465,Pre-2023
recommendation systems,2,1,9,1,5,0.5614090224957202,0.626242327037465,Pre-2023
notes known,2,1,9,1,9,0.5614090224957202,0.626242327037465,Pre-2023
inform future,2,1,9,1,9,0.5614090224957202,0.626242327037465,Pre-2023
sociotechnical,1,1,9,1,9,0.5614090224957202,0.626242327037465,Pre-2023
overarching,1,1,9,1,9,0.5614090224957202,0.626242327037465,Pre-2023
understanding technology,2,1,9,1,9,0.5614090224957202,0.626242327037465,Pre-2023
pre-and,1,1,9,1,8,0.5614090224957202,0.626242327037465,Pre-2023
uneven,1,1,9,1,9,0.5614090224957202,0.626242327037465,Pre-2023
technological change,2,1,9,1,9,0.5614090224957202,0.626242327037465,Pre-2023
speculative,1,1,9,1,4,0.5614090224957202,0.626242327037465,Pre-2023
strengthened,1,1,9,1,8,0.5614090224957202,0.626242327037465,Pre-2023
subjective norms,2,1,9,1,8,0.5614090224957202,0.626242327037465,Pre-2023
protocols,1,1,9,1,9,0.5614090224957202,0.626242327037465,Pre-2023
pattern,1,1,9,1,9,0.5614090224957202,0.626242327037465,Pre-2023
practitioner notes,2,1,9,1,9,0.5614090224957202,0.626242327037465,Pre-2023
true,1,1,9,1,9,0.5614090224957202,0.626242327037465,Pre-2023
screen,1,1,9,1,8,0.5614090224957202,0.626242327037465,Pre-2023
possibility,1,1,9,1,9,0.5614090224957202,0.626242327037465,Pre-2023
opinion,1,1,9,1,8,0.5614090224957202,0.626242327037465,Pre-2023
ethical risks,2,1,9,1,8,0.5614090224957202,0.626242327037465,Pre-2023
exposed,1,1,9,1,9,0.5614090224957202,0.626242327037465,Pre-2023
administrative tasks,2,1,9,1,9,0.5614090224957202,0.626242327037465,Pre-2023
race,1,1,9,1,6,0.5614090224957202,0.626242327037465,Pre-2023
challenges ethical,2,1,9,1,9,0.5614090224957202,0.626242327037465,Pre-2023
view,1,4,57,4,51,0.250942733245628,0.6135391418441789,Pre-2023
range,1,4,57,4,53,0.250942733245628,0.6135391418441789,Pre-2023
in-depth,1,4,57,2,56,0.250942733245628,0.6135391418441789,Pre-2023
benefit,1,3,40,3,38,0.2930105900430906,0.6116335944062669,Pre-2023
confirmatory,1,3,40,2,38,0.2930105900430906,0.6116335944062669,Pre-2023
changing,1,3,40,3,40,0.2930105900430906,0.6116335944062669,Pre-2023
additional,1,3,40,3,38,0.2930105900430906,0.6116335944062669,Pre-2023
demand,1,3,40,3,35,0.2930105900430906,0.6116335944062669,Pre-2023
tested,1,3,40,3,36,0.2930105900430906,0.6116335944062669,Pre-2023
rise,1,3,40,3,37,0.2930105900430906,0.6116335944062669,Pre-2023
foster,1,11,187,8,176,0.14431738384969606,0.6088551073290771,Pre-2023
gains,1,2,24,2,22,0.36171694461066295,0.6031819154837117,Pre-2023
overcome,1,2,24,2,22,0.36171694461066295,0.6031819154837117,Pre-2023
raised,1,2,24,2,24,0.36171694461066295,0.6031819154837117,Pre-2023
discussing,1,2,24,2,22,0.36171694461066295,0.6031819154837117,Pre-2023
wide,1,2,24,2,24,0.36171694461066295,0.6031819154837117,Pre-2023
pedagogical approaches,2,2,24,2,23,0.36171694461066295,0.6031819154837117,Pre-2023
numerous,1,2,24,2,24,0.36171694461066295,0.6031819154837117,Pre-2023
training,1,31,588,18,375,0.081943146774627,0.5957360162451734,Pre-2023
furthermore,1,6,94,6,94,0.19274347878757858,0.5893988467763907,Pre-2023
given,1,5,76,3,70,0.21107963191298218,0.5852458416146531,Pre-2023
analytical,1,3,41,3,36,0.2772623617021992,0.5818066311300724,Pre-2023
assist,1,3,41,3,40,0.2772623617021992,0.5818066311300724,Pre-2023
strengths,1,3,41,3,39,0.2772623617021992,0.5818066311300724,Pre-2023
change,1,6,95,6,72,0.1863716082611946,0.5712802956241138,Pre-2023
scientific,1,6,95,4,67,0.1863716082611946,0.5712802956241138,Pre-2023
actions,1,2,25,2,18,0.33479521992151184,0.5629721630558383,Pre-2023
presence,1,2,25,2,24,0.33479521992151184,0.5629721630558383,Pre-2023
requiring,1,2,25,2,25,0.33479521992151184,0.5629721630558383,Pre-2023
mechanism,1,2,25,2,18,0.33479521992151184,0.5629721630558383,Pre-2023
capture,1,2,25,2,24,0.33479521992151184,0.5629721630558383,Pre-2023
populations,1,2,25,2,23,0.33479521992151184,0.5629721630558383,Pre-2023
defining,1,2,25,2,23,0.33479521992151184,0.5629721630558383,Pre-2023
finding,1,2,25,2,24,0.33479521992151184,0.5629721630558383,Pre-2023
effectively,1,13,230,10,218,0.12121344419105284,0.5611807336947434,Pre-2023
processes,1,11,191,10,152,0.13200731632640483,0.5596918187682285,Pre-2023
key concepts,2,1,10,1,10,0.48629175153827653,0.5532361780111023,Pre-2023
bias privacy,2,1,10,1,10,0.48629175153827653,0.5532361780111023,Pre-2023
despite challenges,2,1,10,1,10,0.48629175153827653,0.5532361780111023,Pre-2023
presents new,2,1,10,1,10,0.48629175153827653,0.5532361780111023,Pre-2023
funding,1,1,10,1,8,0.48629175153827653,0.5532361780111023,Pre-2023
meaningfully,1,1,10,1,10,0.48629175153827653,0.5532361780111023,Pre-2023
self-assessed,1,1,10,1,10,0.48629175153827653,0.5532361780111023,Pre-2023
self-perceived,1,1,10,1,7,0.48629175153827653,0.5532361780111023,Pre-2023
t-test,1,1,10,1,10,0.48629175153827653,0.5532361780111023,Pre-2023
broadly,1,1,10,1,10,0.48629175153827653,0.5532361780111023,Pre-2023
cutting-edge,1,1,10,1,10,0.48629175153827653,0.5532361780111023,Pre-2023
rule,1,1,10,1,7,0.48629175153827653,0.5532361780111023,Pre-2023
assessment feedback,2,1,10,1,6,0.48629175153827653,0.5532361780111023,Pre-2023
weeks,1,1,10,1,10,0.48629175153827653,0.5532361780111023,Pre-2023
teams,1,1,10,1,9,0.48629175153827653,0.5532361780111023,Pre-2023
deploying,1,1,10,1,8,0.48629175153827653,0.5532361780111023,Pre-2023
pragmatic,1,1,10,1,9,0.48629175153827653,0.5532361780111023,Pre-2023
responded,1,1,10,1,10,0.48629175153827653,0.5532361780111023,Pre-2023
surveys interviews,2,1,10,1,10,0.48629175153827653,0.5532361780111023,Pre-2023
limits,1,1,10,1,9,0.48629175153827653,0.5532361780111023,Pre-2023
mechanics,1,1,10,1,10,0.48629175153827653,0.5532361780111023,Pre-2023
extension,1,1,10,1,9,0.48629175153827653,0.5532361780111023,Pre-2023
protocol,1,1,10,1,9,0.48629175153827653,0.5532361780111023,Pre-2023
heavily,1,1,10,1,10,0.48629175153827653,0.5532361780111023,Pre-2023
public policy,2,1,10,1,6,0.48629175153827653,0.5532361780111023,Pre-2023
held,1,1,10,1,9,0.48629175153827653,0.5532361780111023,Pre-2023
help develop,2,1,10,1,9,0.48629175153827653,0.5532361780111023,Pre-2023
blind,1,1,10,1,7,0.48629175153827653,0.5532361780111023,Pre-2023
timely,1,1,10,1,10,0.48629175153827653,0.5532361780111023,Pre-2023
parameters,1,1,10,1,9,0.48629175153827653,0.5532361780111023,Pre-2023
worked,1,1,10,1,10,0.48629175153827653,0.5532361780111023,Pre-2023
new insights,2,1,10,1,10,0.48629175153827653,0.5532361780111023,Pre-2023
inequality,1,1,10,1,9,0.48629175153827653,0.5532361780111023,Pre-2023
technologies increasingly,2,1,10,1,10,0.48629175153827653,0.5532361780111023,Pre-2023
easily,1,1,10,1,9,0.48629175153827653,0.5532361780111023,Pre-2023
receiving,1,1,10,1,9,0.48629175153827653,0.5532361780111023,Pre-2023
variation,1,1,10,1,10,0.48629175153827653,0.5532361780111023,Pre-2023
superficial,1,1,10,1,10,0.48629175153827653,0.5532361780111023,Pre-2023
home,1,1,10,1,7,0.48629175153827653,0.5532361780111023,Pre-2023
healthcare sector,2,1,10,1,7,0.48629175153827653,0.5532361780111023,Pre-2023
engage critically,2,1,10,1,10,0.48629175153827653,0.5532361780111023,Pre-2023
understanding generative,2,1,10,1,9,0.48629175153827653,0.5532361780111023,Pre-2023
ready,1,1,10,1,10,0.48629175153827653,0.5532361780111023,Pre-2023
principle,1,1,10,1,7,0.48629175153827653,0.5532361780111023,Pre-2023
experimentation,1,1,10,1,9,0.48629175153827653,0.5532361780111023,Pre-2023
problem solving,2,1,10,1,8,0.48629175153827653,0.5532361780111023,Pre-2023
attribution,1,1,10,1,8,0.48629175153827653,0.5532361780111023,Pre-2023
appropriateness,1,1,10,1,10,0.48629175153827653,0.5532361780111023,Pre-2023
confirming,1,1,10,1,10,0.48629175153827653,0.5532361780111023,Pre-2023
multiple-choice,1,1,10,1,10,0.48629175153827653,0.5532361780111023,Pre-2023
guidance educators,2,1,10,1,10,0.48629175153827653,0.5532361780111023,Pre-2023
patient outcomes,2,1,10,1,10,0.48629175153827653,0.5532361780111023,Pre-2023
chapter presents,2,1,10,1,9,0.48629175153827653,0.5532361780111023,Pre-2023
today,1,3,42,3,41,0.26202758556921424,0.5526896311747931,Pre-2023
focus,1,14,251,13,226,0.11362218519984157,0.5476193056857884,Pre-2023
solutions,1,5,78,5,70,0.19530195516333126,0.5446628669233745,Pre-2023
incorporate,1,4,60,4,57,0.21916749894011112,0.5419182664996505,Pre-2023
conducted,1,16,292,16,266,0.10352489786510599,0.535679561967494,Pre-2023
testing,1,2,26,2,24,0.3092772772391612,0.5243194597028703,Pre-2023
post-test,1,2,26,2,21,0.3092772772391612,0.5243194597028703,Pre-2023
participate,1,2,26,2,23,0.3092772772391612,0.5243194597028703,Pre-2023
respond,1,2,26,2,26,0.3092772772391612,0.5243194597028703,Pre-2023
series,1,2,26,2,22,0.3092772772391612,0.5243194597028703,Pre-2023
posed,1,2,26,2,25,0.3092772772391612,0.5243194597028703,Pre-2023
misconceptions,1,3,43,3,27,0.24727986564885818,0.5242492534446004,Pre-2023
insight,1,3,43,3,37,0.24727986564885818,0.5242492534446004,Pre-2023
created,1,3,43,3,41,0.24727986564885818,0.5242492534446004,Pre-2023
conduct,1,3,43,3,36,0.24727986564885818,0.5242492534446004,Pre-2023
investigating,1,4,61,4,60,0.2090584665288917,0.5188275673231446,Pre-2023
open,1,4,61,4,42,0.2090584665288917,0.5188275673231446,Pre-2023
recent,1,7,118,7,113,0.14920162406415827,0.5011494540863365,Pre-2023
images,1,3,44,2,22,0.23299467977093613,0.4964543579945261,Pre-2023
final,1,3,44,3,40,0.23299467977093613,0.4964543579945261,Pre-2023
nuanced,1,3,44,2,43,0.23299467977093613,0.4964543579945261,Pre-2023
year,1,3,44,3,37,0.23299467977093613,0.4964543579945261,Pre-2023
interdisciplinary,1,8,138,6,113,0.13577732561622824,0.49018056769974017,Pre-2023
prevalent,1,2,27,2,27,0.2850484037232466,0.48710782264079777,Pre-2023
critically evaluate,2,2,27,2,26,0.2850484037232466,0.48710782264079777,Pre-2023
peer-reviewed,1,2,27,2,26,0.2850484037232466,0.48710782264079777,Pre-2023
measured,1,2,27,2,25,0.2850484037232466,0.48710782264079777,Pre-2023
relational,1,1,11,1,11,0.42027980454030534,0.48702751604356587,Pre-2023
situations,1,1,11,1,9,0.42027980454030534,0.48702751604356587,Pre-2023
encounter,1,1,11,1,11,0.42027980454030534,0.48702751604356587,Pre-2023
closely,1,1,11,1,10,0.42027980454030534,0.48702751604356587,Pre-2023
informing,1,1,11,1,11,0.42027980454030534,0.48702751604356587,Pre-2023
blended,1,1,11,1,8,0.42027980454030534,0.48702751604356587,Pre-2023
medium,1,1,11,1,11,0.42027980454030534,0.48702751604356587,Pre-2023
viewing,1,1,11,1,11,0.42027980454030534,0.48702751604356587,Pre-2023
different types,2,1,11,1,10,0.42027980454030534,0.48702751604356587,Pre-2023
difficulty,1,1,11,1,11,0.42027980454030534,0.48702751604356587,Pre-2023
list,1,1,11,1,11,0.42027980454030534,0.48702751604356587,Pre-2023
current landscape,2,1,11,1,11,0.42027980454030534,0.48702751604356587,Pre-2023
linking,1,1,11,1,11,0.42027980454030534,0.48702751604356587,Pre-2023
responding,1,1,11,1,11,0.42027980454030534,0.48702751604356587,Pre-2023
mission,1,1,11,1,11,0.42027980454030534,0.48702751604356587,Pre-2023
base,1,1,11,1,11,0.42027980454030534,0.48702751604356587,Pre-2023
built,1,1,11,1,11,0.42027980454030534,0.48702751604356587,Pre-2023
curriculum designers,2,1,11,1,9,0.42027980454030534,0.48702751604356587,Pre-2023
describing,1,1,11,1,11,0.42027980454030534,0.48702751604356587,Pre-2023
deployed,1,1,11,1,10,0.42027980454030534,0.48702751604356587,Pre-2023
information management,2,1,11,1,9,0.42027980454030534,0.48702751604356587,Pre-2023
formats,1,1,11,1,10,0.42027980454030534,0.48702751604356587,Pre-2023
pandemic,1,1,11,1,9,0.42027980454030534,0.48702751604356587,Pre-2023
ones,1,1,11,1,11,0.42027980454030534,0.48702751604356587,Pre-2023
cost,1,1,11,1,11,0.42027980454030534,0.48702751604356587,Pre-2023
entry,1,1,11,1,10,0.42027980454030534,0.48702751604356587,Pre-2023
session,1,1,11,1,10,0.42027980454030534,0.48702751604356587,Pre-2023
obtain,1,1,11,1,10,0.42027980454030534,0.48702751604356587,Pre-2023
reduces,1,1,11,1,11,0.42027980454030534,0.48702751604356587,Pre-2023
realize,1,1,11,1,11,0.42027980454030534,0.48702751604356587,Pre-2023
ai-based tools,2,1,11,1,11,0.42027980454030534,0.48702751604356587,Pre-2023
successful implementation,2,1,11,1,11,0.42027980454030534,0.48702751604356587,Pre-2023
participants reported,2,1,11,1,11,0.42027980454030534,0.48702751604356587,Pre-2023
audio,1,1,11,1,11,0.42027980454030534,0.48702751604356587,Pre-2023
ethical social,2,1,11,1,9,0.42027980454030534,0.48702751604356587,Pre-2023
recommendations future,2,1,11,1,11,0.42027980454030534,0.48702751604356587,Pre-2023
non-technical,1,1,11,1,8,0.42027980454030534,0.48702751604356587,Pre-2023
covered,1,1,11,1,11,0.42027980454030534,0.48702751604356587,Pre-2023
automate,1,1,11,1,11,0.42027980454030534,0.48702751604356587,Pre-2023
solid,1,1,11,1,11,0.42027980454030534,0.48702751604356587,Pre-2023
new era,2,1,11,1,11,0.42027980454030534,0.48702751604356587,Pre-2023
ensure effective,2,1,11,1,11,0.42027980454030534,0.48702751604356587,Pre-2023
advancing,1,4,63,4,60,0.18951309866382893,0.47374425335725995,Pre-2023
examine,1,9,159,9,153,0.12200149196472054,0.4698045421781973,Pre-2023
empower,1,3,45,3,43,0.21914920963745566,0.46927582171006266,Pre-2023
areas,1,8,140,6,126,0.12744912517366735,0.4616767368787438,Pre-2023
individuals,1,7,121,5,100,0.13456476425862007,0.4546480296168556,Pre-2023
time,1,7,121,7,109,0.13456476425862007,0.4546480296168556,Pre-2023
seven,1,2,28,1,26,0.26200671506457063,0.4512332505642732,Pre-2023
videos,1,2,28,2,15,0.26200671506457063,0.4512332505642732,Pre-2023
conventional,1,2,28,1,25,0.26200671506457063,0.4512332505642732,Pre-2023
opinions,1,2,28,2,26,0.26200671506457063,0.4512332505642732,Pre-2023
poses,1,2,28,2,28,0.26200671506457063,0.4512332505642732,Pre-2023
overall,1,6,102,6,94,0.14425172496653538,0.4494647153982882,Pre-2023
control,1,5,83,3,61,0.15820966206705211,0.44752181998795193,Pre-2023
inclusion,1,4,65,4,59,0.17081311021739687,0.4300479750472938,Pre-2023
elements,1,4,65,3,57,0.17081311021739687,0.4300479750472938,Pre-2023
bringing,1,1,12,1,12,0.36169090964689943,0.4264833239248945,Pre-2023
advice,1,1,12,1,7,0.36169090964689943,0.4264833239248945,Pre-2023
assisting,1,1,12,1,12,0.36169090964689943,0.4264833239248945,Pre-2023
disclosure,1,1,12,1,6,0.36169090964689943,0.4264833239248945,Pre-2023
fourth,1,1,12,1,12,0.36169090964689943,0.4264833239248945,Pre-2023
scaffold,1,1,12,1,12,0.36169090964689943,0.4264833239248945,Pre-2023
convenience sampling,2,1,12,1,12,0.36169090964689943,0.4264833239248945,Pre-2023
ai-related competencies,2,1,12,1,12,0.36169090964689943,0.4264833239248945,Pre-2023
artefacts,1,1,12,1,6,0.36169090964689943,0.4264833239248945,Pre-2023
researcher,1,1,12,1,11,0.36169090964689943,0.4264833239248945,Pre-2023
underserved,1,1,12,1,8,0.36169090964689943,0.4264833239248945,Pre-2023
current status,2,1,12,1,10,0.36169090964689943,0.4264833239248945,Pre-2023
redesign,1,1,12,1,12,0.36169090964689943,0.4264833239248945,Pre-2023
nuanced understanding,2,1,12,1,12,0.36169090964689943,0.4264833239248945,Pre-2023
transdisciplinary,1,1,12,1,8,0.36169090964689943,0.4264833239248945,Pre-2023
playing,1,1,12,1,12,0.36169090964689943,0.4264833239248945,Pre-2023
scholarship,1,1,12,1,7,0.36169090964689943,0.4264833239248945,Pre-2023
searched,1,1,12,1,12,0.36169090964689943,0.4264833239248945,Pre-2023
adequately,1,1,12,1,12,0.36169090964689943,0.4264833239248945,Pre-2023
lessons learned,2,1,12,1,12,0.36169090964689943,0.4264833239248945,Pre-2023
ownership,1,1,12,1,11,0.36169090964689943,0.4264833239248945,Pre-2023
right,1,1,12,1,10,0.36169090964689943,0.4264833239248945,Pre-2023
implies,1,1,12,1,11,0.36169090964689943,0.4264833239248945,Pre-2023
human interaction,2,1,12,1,11,0.36169090964689943,0.4264833239248945,Pre-2023
optimistic,1,1,12,1,11,0.36169090964689943,0.4264833239248945,Pre-2023
decade,1,1,12,1,11,0.36169090964689943,0.4264833239248945,Pre-2023
safely,1,1,12,1,11,0.36169090964689943,0.4264833239248945,Pre-2023
lived,1,1,12,1,11,0.36169090964689943,0.4264833239248945,Pre-2023
democratic,1,1,12,1,10,0.36169090964689943,0.4264833239248945,Pre-2023
future workforce,2,1,12,1,9,0.36169090964689943,0.4264833239248945,Pre-2023
formulating,1,1,12,1,11,0.36169090964689943,0.4264833239248945,Pre-2023
related,1,10,183,9,161,0.10191502932344498,0.41718084243485665,Pre-2023
overview,1,3,47,2,45,0.19269377162010315,0.41666043990686824,Pre-2023
detection,1,3,47,3,35,0.19269377162010315,0.41666043990686824,Pre-2023
promotes,1,2,29,2,28,0.2400613417919928,0.4166021719998324,Pre-2023
comprehension,1,2,29,2,28,0.2400613417919928,0.4166021719998324,Pre-2023
cultivation,1,2,29,1,23,0.2400613417919928,0.4166021719998324,Pre-2023
learned,1,2,29,2,26,0.2400613417919928,0.4166021719998324,Pre-2023
interacting,1,2,29,2,27,0.2400613417919928,0.4166021719998324,Pre-2023
representation,1,2,29,2,24,0.2400613417919928,0.4166021719998324,Pre-2023
practitioners,1,5,85,4,65,0.144238600371021,0.4102659413539588,Pre-2023
provided,1,5,85,5,82,0.144238600371021,0.4102659413539588,Pre-2023
literature review,2,5,85,4,67,0.144238600371021,0.4102659413539588,Pre-2023
second,1,5,85,5,73,0.144238600371021,0.4102659413539588,Pre-2023
materials,1,5,85,3,66,0.144238600371021,0.4102659413539588,Pre-2023
evaluating,1,5,86,4,83,0.13742565130815443,0.391959046762661,Pre-2023
reasoning,1,5,86,3,59,0.13742565130815443,0.391959046762661,Pre-2023
led,1,2,30,2,30,0.21913092339919515,0.38313013214368,Pre-2023
documents,1,2,30,2,20,0.21913092339919515,0.38313013214368,Pre-2023
expanding,1,2,30,2,29,0.21913092339919515,0.38313013214368,Pre-2023
pathway,1,2,30,2,21,0.21913092339919515,0.38313013214368,Pre-2023
resulting,1,2,30,2,30,0.21913092339919515,0.38313013214368,Pre-2023
vision,1,2,30,2,21,0.21913092339919515,0.38313013214368,Pre-2023
exhibit,1,2,30,2,26,0.21913092339919515,0.38313013214368,Pre-2023
potentials,1,1,13,1,11,0.3092538261482112,0.3707217331874251,Pre-2023
general public,2,1,13,1,11,0.3092538261482112,0.3707217331874251,Pre-2023
harm,1,1,13,1,12,0.3092538261482112,0.3707217331874251,Pre-2023
differentiated,1,1,13,1,8,0.3092538261482112,0.3707217331874251,Pre-2023
participating,1,1,13,1,12,0.3092538261482112,0.3707217331874251,Pre-2023
evident,1,1,13,1,13,0.3092538261482112,0.3707217331874251,Pre-2023
problem-based,1,1,13,1,10,0.3092538261482112,0.3707217331874251,Pre-2023
professors,1,1,13,1,10,0.3092538261482112,0.3707217331874251,Pre-2023
invest,1,1,13,1,11,0.3092538261482112,0.3707217331874251,Pre-2023
references,1,1,13,1,12,0.3092538261482112,0.3707217331874251,Pre-2023
critical need,2,1,13,1,12,0.3092538261482112,0.3707217331874251,Pre-2023
divides,1,1,13,1,12,0.3092538261482112,0.3707217331874251,Pre-2023
exercises,1,1,13,1,13,0.3092538261482112,0.3707217331874251,Pre-2023
vast,1,1,13,1,13,0.3092538261482112,0.3707217331874251,Pre-2023
managing,1,1,13,1,12,0.3092538261482112,0.3707217331874251,Pre-2023
slightly,1,1,13,1,13,0.3092538261482112,0.3707217331874251,Pre-2023
nations,1,1,13,1,7,0.3092538261482112,0.3707217331874251,Pre-2023
single,1,1,13,1,13,0.3092538261482112,0.3707217331874251,Pre-2023
yielded,1,1,13,1,13,0.3092538261482112,0.3707217331874251,Pre-2023
ask,1,1,13,1,11,0.3092538261482112,0.3707217331874251,Pre-2023
acquiring,1,1,13,1,13,0.3092538261482112,0.3707217331874251,Pre-2023
thematically,1,1,13,1,13,0.3092538261482112,0.3707217331874251,Pre-2023
poor,1,1,13,1,9,0.3092538261482112,0.3707217331874251,Pre-2023
error,1,1,13,1,13,0.3092538261482112,0.3707217331874251,Pre-2023
positively associated,2,1,13,1,12,0.3092538261482112,0.3707217331874251,Pre-2023
hold,1,1,13,1,13,0.3092538261482112,0.3707217331874251,Pre-2023
screening,1,1,13,1,11,0.3092538261482112,0.3707217331874251,Pre-2023
correct,1,1,13,1,11,0.3092538261482112,0.3707217331874251,Pre-2023
makers,1,1,13,1,12,0.3092538261482112,0.3707217331874251,Pre-2023
rationale,1,1,13,1,13,0.3092538261482112,0.3707217331874251,Pre-2023
maximizing,1,1,13,1,11,0.3092538261482112,0.3707217331874251,Pre-2023
paid,1,1,13,1,11,0.3092538261482112,0.3707217331874251,Pre-2023
questions,1,9,167,6,135,0.09407503254040073,0.36655203573198575,Pre-2023
healthcare professionals,2,3,49,1,31,0.16775972676196638,0.3662045538287616,Pre-2023
emergence,1,3,49,3,49,0.16775972676196638,0.3662045538287616,Pre-2023
needs,1,12,228,10,176,0.08084261023750372,0.36582355015918555,Pre-2023
exploration,1,5,88,5,80,0.12413017113851232,0.35596225715389984,Pre-2023
perspective,1,9,168,6,141,0.09071856043453241,0.3539858146604146,Pre-2023
reported,1,6,108,6,92,0.11126733374924314,0.35140455903513246,Pre-2023
turn,1,2,31,2,29,0.19914234977904144,0.35074067620762295,Pre-2023
patients,1,2,31,2,18,0.19914234977904144,0.35074067620762295,Pre-2023
general,1,7,128,6,100,0.1023279740700298,0.3503869275323561,Pre-2023
better,1,7,128,7,119,0.1023279740700298,0.3503869275323561,Pre-2023
scoping,1,4,69,2,34,0.13572740829115126,0.34648257534411037,Pre-2023
observed,1,3,50,3,48,0.1558204668994989,0.3417308158755439,Pre-2023
utilized,1,3,50,2,50,0.1558204668994989,0.3417308158755439,Pre-2023
high,1,13,251,9,179,0.07192818357586184,0.3401125315595813,Pre-2023
significance,1,4,70,2,65,0.12740179374951133,0.32633351421618767,Pre-2023
shown,1,2,32,2,30,0.18002970288189601,0.3193643955433061,Pre-2023
capability,1,2,32,2,29,0.18002970288189601,0.3193643955433061,Pre-2023
write,1,1,14,1,14,0.26198584790333257,0.31904467947618825,Pre-2023
continuously,1,1,14,1,14,0.26198584790333257,0.31904467947618825,Pre-2023
course content,2,1,14,1,12,0.26198584790333257,0.31904467947618825,Pre-2023
marginalized,1,1,14,1,13,0.26198584790333257,0.31904467947618825,Pre-2023
technique,1,1,14,1,14,0.26198584790333257,0.31904467947618825,Pre-2023
subsequent,1,1,14,1,14,0.26198584790333257,0.31904467947618825,Pre-2023
reduction,1,1,14,1,10,0.26198584790333257,0.31904467947618825,Pre-2023
advantage,1,1,14,1,11,0.26198584790333257,0.31904467947618825,Pre-2023
asked,1,1,14,1,14,0.26198584790333257,0.31904467947618825,Pre-2023
user experience,2,1,14,1,12,0.26198584790333257,0.31904467947618825,Pre-2023
upskilling,1,1,14,1,14,0.26198584790333257,0.31904467947618825,Pre-2023
positioning,1,1,14,1,14,0.26198584790333257,0.31904467947618825,Pre-2023
deeply,1,1,14,1,14,0.26198584790333257,0.31904467947618825,Pre-2023
jobs,1,1,14,1,11,0.26198584790333257,0.31904467947618825,Pre-2023
words,1,1,14,1,13,0.26198584790333257,0.31904467947618825,Pre-2023
implications practice,2,1,14,1,14,0.26198584790333257,0.31904467947618825,Pre-2023
technology adoption,2,1,14,1,13,0.26198584790333257,0.31904467947618825,Pre-2023
scarce,1,1,14,1,14,0.26198584790333257,0.31904467947618825,Pre-2023
tensions,1,1,14,1,10,0.26198584790333257,0.31904467947618825,Pre-2023
evolved,1,1,14,1,14,0.26198584790333257,0.31904467947618825,Pre-2023
writing tasks,2,1,14,1,12,0.26198584790333257,0.31904467947618825,Pre-2023
wide range,2,1,14,1,14,0.26198584790333257,0.31904467947618825,Pre-2023
focus groups,2,1,14,1,12,0.26198584790333257,0.31904467947618825,Pre-2023
rubric,1,1,14,1,8,0.26198584790333257,0.31904467947618825,Pre-2023
place,1,1,14,1,14,0.26198584790333257,0.31904467947618825,Pre-2023
comprises,1,1,14,1,14,0.26198584790333257,0.31904467947618825,Pre-2023
meaning,1,1,14,1,13,0.26198584790333257,0.31904467947618825,Pre-2023
flexibility,1,1,14,1,12,0.26198584790333257,0.31904467947618825,Pre-2023
practicing,1,1,14,1,14,0.26198584790333257,0.31904467947618825,Pre-2023
computers,1,1,14,1,12,0.26198584790333257,0.31904467947618825,Pre-2023
generations,1,1,14,1,12,0.26198584790333257,0.31904467947618825,Pre-2023
formal,1,3,51,3,45,0.14421235835586899,0.3177328145136703,Pre-2023
shape,1,4,71,4,68,0.11924315641553296,0.306464085340435,Pre-2023
involved,1,4,71,4,66,0.11924315641553296,0.306464085340435,Pre-2023
workshop,1,6,111,3,55,0.09573633454379493,0.3043528477948359,Pre-2023
china,1,6,111,5,81,0.09573633454379493,0.3043528477948359,Pre-2023
scholars,1,3,52,2,33,0.13292105917601482,0.29419170024528657,Pre-2023
inquiry,1,3,52,3,38,0.13292105917601482,0.29419170024528657,Pre-2023
perspectives,1,12,235,9,187,0.06410101321723527,0.29223128365190015,Pre-2023
modules,1,2,33,1,25,0.16173336164272278,0.28893810928888897,Pre-2023
predicted,1,2,33,2,26,0.16173336164272278,0.28893810928888897,Pre-2023
tests,1,2,33,2,28,0.16173336164272278,0.28893810928888897,Pre-2023
small,1,2,33,2,26,0.16173336164272278,0.28893810928888897,Pre-2023
instead,1,2,33,2,32,0.16173336164272278,0.28893810928888897,Pre-2023
outlines,1,2,33,2,33,0.16173336164272278,0.28893810928888897,Pre-2023
scholarly,1,2,33,2,25,0.16173336164272278,0.28893810928888897,Pre-2023
powerful,1,2,33,2,32,0.16173336164272278,0.28893810928888897,Pre-2023
instructional,1,7,133,4,101,0.08080281427512137,0.27926481168862166,Pre-2023
followed,1,3,53,3,49,0.12193308077387854,0.2710896826129444,Pre-2023
studied,1,1,15,1,15,0.2191126402245569,0.27089131083049,Pre-2023
encouraged,1,1,15,1,14,0.2191126402245569,0.27089131083049,Pre-2023
expanded,1,1,15,1,15,0.2191126402245569,0.27089131083049,Pre-2023
verify,1,1,15,1,14,0.2191126402245569,0.27089131083049,Pre-2023
solution,1,1,15,1,13,0.2191126402245569,0.27089131083049,Pre-2023
likert scale,2,1,15,1,15,0.2191126402245569,0.27089131083049,Pre-2023
pace,1,1,15,1,15,0.2191126402245569,0.27089131083049,Pre-2023
implications integrating,2,1,15,1,15,0.2191126402245569,0.27089131083049,Pre-2023
controlled,1,1,15,1,14,0.2191126402245569,0.27089131083049,Pre-2023
age-appropriate,1,1,15,1,15,0.2191126402245569,0.27089131083049,Pre-2023
helped,1,1,15,1,15,0.2191126402245569,0.27089131083049,Pre-2023
statements,1,1,15,1,12,0.2191126402245569,0.27089131083049,Pre-2023
gradually,1,1,15,1,14,0.2191126402245569,0.27089131083049,Pre-2023
human-centred,1,1,15,1,14,0.2191126402245569,0.27089131083049,Pre-2023
manage,1,1,15,1,15,0.2191126402245569,0.27089131083049,Pre-2023
leads,1,1,15,1,14,0.2191126402245569,0.27089131083049,Pre-2023
comprising,1,1,15,1,15,0.2191126402245569,0.27089131083049,Pre-2023
socio-cultural,1,1,15,1,10,0.2191126402245569,0.27089131083049,Pre-2023
task performance,2,1,15,1,7,0.2191126402245569,0.27089131083049,Pre-2023
encompass,1,1,15,1,15,0.2191126402245569,0.27089131083049,Pre-2023
consensus,1,1,15,1,15,0.2191126402245569,0.27089131083049,Pre-2023
prepare future,2,1,15,1,14,0.2191126402245569,0.27089131083049,Pre-2023
discourses,1,1,15,1,13,0.2191126402245569,0.27089131083049,Pre-2023
explanatory,1,1,15,1,15,0.2191126402245569,0.27089131083049,Pre-2023
competency-based,1,1,15,1,11,0.2191126402245569,0.27089131083049,Pre-2023
extending,1,1,15,1,15,0.2191126402245569,0.27089131083049,Pre-2023
empathy,1,1,15,1,14,0.2191126402245569,0.27089131083049,Pre-2023
categorized,1,1,15,1,15,0.2191126402245569,0.27089131083049,Pre-2023
explaining,1,1,15,1,13,0.2191126402245569,0.27089131083049,Pre-2023
bring,1,1,15,1,14,0.2191126402245569,0.27089131083049,Pre-2023
notes,1,1,15,1,15,0.2191126402245569,0.27089131083049,Pre-2023
grounded,1,5,93,4,90,0.09269303733961021,0.26935420765311546,Pre-2023
techniques,1,4,73,3,60,0.10340608670745599,0.2675323925670507,Pre-2023
ai-powered,1,4,73,2,55,0.10340608670745599,0.2675323925670507,Pre-2023
driving,1,2,34,2,30,0.14419924093492043,0.25940415939336253,Pre-2023
statistically,1,2,34,2,34,0.14419924093492043,0.25940415939336253,Pre-2023
involves,1,2,34,2,32,0.14419924093492043,0.25940415939336253,Pre-2023
prioritize,1,2,34,2,33,0.14419924093492043,0.25940415939336253,Pre-2023
introduced,1,2,34,2,33,0.14419924093492043,0.25940415939336253,Pre-2023
literacies,1,6,114,3,60,0.0807948597863728,0.2585235234283309,Pre-2023
strategy,1,4,74,4,55,0.09571784449359289,0.24845506494733938,Pre-2023
leaders,1,3,54,3,40,0.11123572315408303,0.24840995432497764,Pre-2023
addressed,1,3,54,3,50,0.11123572315408303,0.24840995432497764,Pre-2023
specifically,1,6,115,4,114,0.07593932322652641,0.24350727511050654,Pre-2023
papers,1,2,35,2,25,0.12737814123608615,0.2307098009320287,Pre-2023
performed,1,2,35,2,35,0.12737814123608615,0.2307098009320287,Pre-2023
standards,1,4,75,4,66,0.08817693559331108,0.22962720887853408,Pre-2023
demonstrate,1,4,75,4,74,0.08817693559331108,0.22962720887853408,Pre-2023
reflecting,1,3,55,2,53,0.10081701610719662,0.22613662193693265,Pre-2023
unclear,1,1,16,1,16,0.1800140037507596,0.22580503716310624,Pre-2023
nigerian,1,1,16,1,6,0.1800140037507596,0.22580503716310624,Pre-2023
reflects,1,1,16,1,16,0.1800140037507596,0.22580503716310624,Pre-2023
behavioral intentions,2,1,16,1,11,0.1800140037507596,0.22580503716310624,Pre-2023
belief,1,1,16,1,10,0.1800140037507596,0.22580503716310624,Pre-2023
importantly,1,1,16,1,16,0.1800140037507596,0.22580503716310624,Pre-2023
choices,1,1,16,1,12,0.1800140037507596,0.22580503716310624,Pre-2023
new opportunities,2,1,16,1,16,0.1800140037507596,0.22580503716310624,Pre-2023
futures,1,1,16,1,14,0.1800140037507596,0.22580503716310624,Pre-2023
train,1,1,16,1,14,0.1800140037507596,0.22580503716310624,Pre-2023
future educators,2,1,16,1,13,0.1800140037507596,0.22580503716310624,Pre-2023
calling,1,1,16,1,12,0.1800140037507596,0.22580503716310624,Pre-2023
centered,1,1,16,1,16,0.1800140037507596,0.22580503716310624,Pre-2023
thorough,1,1,16,1,15,0.1800140037507596,0.22580503716310624,Pre-2023
archival,1,1,16,1,4,0.1800140037507596,0.22580503716310624,Pre-2023
barriers,1,6,117,3,87,0.06640837818256262,0.2138512009816064,Pre-2023
field,1,10,201,8,166,0.049853063283288535,0.2088224930430316,Pre-2023
aiming,1,3,56,2,55,0.09066566573213386,0.2042546424298321,Pre-2023
predictive,1,3,56,2,44,0.09066566573213386,0.2042546424298321,Pre-2023
acquire,1,2,36,2,36,0.11122519028407218,0.20280667286638973,Pre-2023
lifelong,1,2,36,2,27,0.11122519028407218,0.20280667286638973,Pre-2023
existing literature,2,2,36,2,33,0.11122519028407218,0.20280667286638973,Pre-2023
access,1,8,160,6,131,0.05255584535159752,0.19665731972253137,Pre-2023
objective,1,4,77,4,70,0.07351968084310201,0.1926929658795845,Pre-2023
total,1,4,77,4,72,0.07351968084310201,0.1926929658795845,Pre-2023
theoretically,1,1,17,1,17,0.14418612590418434,0.18340975740067364,Pre-2023
self-assessment,1,1,17,1,15,0.14418612590418434,0.18340975740067364,Pre-2023
refined,1,1,17,1,16,0.14418612590418434,0.18340975740067364,Pre-2023
hypotheses,1,1,17,1,16,0.14418612590418434,0.18340975740067364,Pre-2023
transfer,1,1,17,1,12,0.14418612590418434,0.18340975740067364,Pre-2023
flexible,1,1,17,1,16,0.14418612590418434,0.18340975740067364,Pre-2023
validity reliability,2,1,17,1,15,0.14418612590418434,0.18340975740067364,Pre-2023
rhetorical,1,1,17,1,12,0.14418612590418434,0.18340975740067364,Pre-2023
respectively,1,1,17,1,17,0.14418612590418434,0.18340975740067364,Pre-2023
obstacles,1,1,17,1,17,0.14418612590418434,0.18340975740067364,Pre-2023
design implementation,2,1,17,1,17,0.14418612590418434,0.18340975740067364,Pre-2023
human-like,1,1,17,1,16,0.14418612590418434,0.18340975740067364,Pre-2023
prominent,1,1,17,1,17,0.14418612590418434,0.18340975740067364,Pre-2023
american,1,1,17,1,10,0.14418612590418434,0.18340975740067364,Pre-2023
reviewing,1,1,17,1,17,0.14418612590418434,0.18340975740067364,Pre-2023
precision,1,1,17,1,16,0.14418612590418434,0.18340975740067364,Pre-2023
semester,1,1,17,1,12,0.14418612590418434,0.18340975740067364,Pre-2023
beginning,1,1,17,1,17,0.14418612590418434,0.18340975740067364,Pre-2023
confirm,1,1,17,1,17,0.14418612590418434,0.18340975740067364,Pre-2023
subsequently,1,1,17,1,17,0.14418612590418434,0.18340975740067364,Pre-2023
interests,1,1,17,1,16,0.14418612590418434,0.18340975740067364,Pre-2023
complete,1,1,17,1,17,0.14418612590418434,0.18340975740067364,Pre-2023
rules,1,1,17,1,15,0.14418612590418434,0.18340975740067364,Pre-2023
looking,1,1,17,1,16,0.14418612590418434,0.18340975740067364,Pre-2023
moving,1,1,17,1,16,0.14418612590418434,0.18340975740067364,Pre-2023
understanding ethical,2,1,17,1,17,0.14418612590418434,0.18340975740067364,Pre-2023
experiments,1,1,17,1,14,0.14418612590418434,0.18340975740067364,Pre-2023
korean,1,1,17,1,14,0.14418612590418434,0.18340975740067364,Pre-2023
production,1,1,17,1,17,0.14418612590418434,0.18340975740067364,Pre-2023
automating,1,1,17,1,17,0.14418612590418434,0.18340975740067364,Pre-2023
maps,1,1,17,1,15,0.14418612590418434,0.18340975740067364,Pre-2023
productive,1,1,17,1,13,0.14418612590418434,0.18340975740067364,Pre-2023
working,1,3,57,3,53,0.08077100571925122,0.1827497651012063,Pre-2023
ai-enhanced,1,3,57,2,52,0.08077100571925122,0.1827497651012063,Pre-2023
usability,1,2,37,2,26,0.0956993615896149,0.17565033700229593,Pre-2023
theories,1,2,37,2,31,0.0956993615896149,0.17565033700229593,Pre-2023
taxonomy,1,2,37,1,21,0.0956993615896149,0.17565033700229593,Pre-2023
quality,1,8,162,5,123,0.045809872961624976,0.1719485549598737,Pre-2023
investigated,1,3,58,3,55,0.07112295289662995,0.16160847825052077,Pre-2023
discusses,1,3,58,3,53,0.07112295289662995,0.16160847825052077,Pre-2023
question,1,3,58,3,53,0.07112295289662995,0.16160847825052077,Pre-2023
case,1,11,227,6,173,0.035630277112849384,0.15757149715094163,Pre-2023
community,1,4,79,4,56,0.059401203133620406,0.15667834638760816,Pre-2023
assistant,1,2,38,2,27,0.08076305749503909,0.14919987499796186,Pre-2023
directly,1,2,38,2,35,0.08076305749503909,0.14919987499796186,Pre-2023
sem,1,2,38,1,34,0.08076305749503909,0.14919987499796186,Pre-2023
sciences,1,2,38,2,31,0.08076305749503909,0.14919987499796186,Pre-2023
scaffolded,1,1,18,1,16,0.11121465941063491,0.14339239588274563,Pre-2023
helping,1,1,18,1,18,0.11121465941063491,0.14339239588274563,Pre-2023
brief,1,1,18,1,17,0.11121465941063491,0.14339239588274563,Pre-2023
prospective,1,1,18,1,11,0.11121465941063491,0.14339239588274563,Pre-2023
ecosystems,1,1,18,1,15,0.11121465941063491,0.14339239588274563,Pre-2023
codes,1,1,18,1,6,0.11121465941063491,0.14339239588274563,Pre-2023
corpus,1,1,18,1,8,0.11121465941063491,0.14339239588274563,Pre-2023
contributes growing,2,1,18,1,18,0.11121465941063491,0.14339239588274563,Pre-2023
synthesize,1,1,18,1,17,0.11121465941063491,0.14339239588274563,Pre-2023
initially,1,1,18,1,18,0.11121465941063491,0.14339239588274563,Pre-2023
child,1,1,18,1,12,0.11121465941063491,0.14339239588274563,Pre-2023
shifting,1,1,18,1,18,0.11121465941063491,0.14339239588274563,Pre-2023
shapes,1,1,18,1,18,0.11121465941063491,0.14339239588274563,Pre-2023
protection,1,1,18,1,15,0.11121465941063491,0.14339239588274563,Pre-2023
illustrate,1,1,18,1,18,0.11121465941063491,0.14339239588274563,Pre-2023
maintain,1,1,18,1,17,0.11121465941063491,0.14339239588274563,Pre-2023
viewed,1,1,18,1,17,0.11121465941063491,0.14339239588274563,Pre-2023
constructed,1,1,18,1,17,0.11121465941063491,0.14339239588274563,Pre-2023
human-machine,1,1,18,1,13,0.11121465941063491,0.14339239588274563,Pre-2023
raise,1,1,18,1,18,0.11121465941063491,0.14339239588274563,Pre-2023
advances,1,3,59,2,55,0.061711966601581736,0.14081796019815612,Pre-2023
reveals,1,4,80,3,79,0.05253437607012312,0.13900091868685532,Pre-2023
era,1,7,144,7,121,0.03730843664582384,0.1315140925711229,Pre-2023
established,1,2,39,2,36,0.06638174670593422,0.12341753497460617,Pre-2023
implement,1,2,39,2,37,0.06638174670593422,0.12341753497460617,Pre-2023
end,1,2,39,2,38,0.06638174670593422,0.12341753497460617,Pre-2023
tpack,1,2,39,2,23,0.06638174670593422,0.12341753497460617,Pre-2023
enables,1,2,39,2,39,0.06638174670593422,0.12341753497460617,Pre-2023
stages,1,2,39,2,38,0.06638174670593422,0.12341753497460617,Pre-2023
questionnaires,1,2,39,2,36,0.06638174670593422,0.12341753497460617,Pre-2023
united states,2,2,39,2,38,0.06638174670593422,0.12341753497460617,Pre-2023
population,1,2,39,2,32,0.06638174670593422,0.12341753497460617,Pre-2023
adopting,1,3,60,3,58,0.052529011490820565,0.12036603422720035,Pre-2023
differences,1,7,145,6,112,0.033593945748170206,0.11862777439153736,Pre-2023
regarding,1,11,232,10,202,0.023988186792629485,0.10667417951420534,Pre-2023
diagnosis,1,1,19,1,10,0.08075511083580444,0.10548986269528543,Pre-2023
critical reflection,2,1,19,1,15,0.08075511083580444,0.10548986269528543,Pre-2023
reflected,1,1,19,1,19,0.08075511083580444,0.10548986269528543,Pre-2023
encourages,1,1,19,1,19,0.08075511083580444,0.10548986269528543,Pre-2023
share,1,1,19,1,19,0.08075511083580444,0.10548986269528543,Pre-2023
situation,1,1,19,1,18,0.08075511083580444,0.10548986269528543,Pre-2023
feel,1,1,19,1,18,0.08075511083580444,0.10548986269528543,Pre-2023
anthropomorphic,1,1,19,1,11,0.08075511083580444,0.10548986269528543,Pre-2023
divided,1,1,19,1,19,0.08075511083580444,0.10548986269528543,Pre-2023
understood,1,1,19,1,19,0.08075511083580444,0.10548986269528543,Pre-2023
internet,1,1,19,1,18,0.08075511083580444,0.10548986269528543,Pre-2023
practical recommendations,2,1,19,1,19,0.08075511083580444,0.10548986269528543,Pre-2023
adapt,1,4,82,4,81,0.03916759630991873,0.10427781049072694,Pre-2023
personal,1,4,82,4,71,0.03916759630991873,0.10427781049072694,Pre-2023
intervention,1,4,82,3,56,0.03916759630991873,0.10427781049072694,Pre-2023
curricula,1,12,254,12,208,0.022085815038088263,0.10267558297746554,Pre-2023
address gap,2,2,40,2,40,0.052523648007273493,0.09826842066813135,Pre-2023
encouraging,1,2,40,2,38,0.052523648007273493,0.09826842066813135,Pre-2023
innovative,1,8,169,7,117,0.02312244609141345,0.087724990527756,Pre-2023
prior,1,4,83,4,69,0.03266087738292889,0.08722153686164469,Pre-2023
real-world,1,3,62,2,54,0.03481337828307751,0.08043223069532997,Pre-2023
art,1,3,62,3,22,0.03481337828307751,0.08043223069532997,Pre-2023
report,1,3,62,3,47,0.03481337828307751,0.08043223069532997,Pre-2023
creation,1,5,105,3,87,0.02627042202279206,0.07867547732167664,Pre-2023
experiment,1,2,41,1,37,0.03915945330796866,0.07372021719460925,Pre-2023
confirmed,1,1,20,1,19,0.052518285619141736,0.06947917244867599,Pre-2023
term,1,1,20,1,20,0.052518285619141736,0.06947917244867599,Pre-2023
difficulties,1,1,20,1,20,0.052518285619141736,0.06947917244867599,Pre-2023
junior,1,1,20,1,13,0.052518285619141736,0.06947917244867599,Pre-2023
likert,1,1,20,1,20,0.052518285619141736,0.06947917244867599,Pre-2023
relation,1,1,20,1,19,0.052518285619141736,0.06947917244867599,Pre-2023
textual,1,1,20,1,19,0.052518285619141736,0.06947917244867599,Pre-2023
publication,1,1,20,1,19,0.052518285619141736,0.06947917244867599,Pre-2023
standard,1,1,20,1,19,0.052518285619141736,0.06947917244867599,Pre-2023
influential,1,1,20,1,19,0.052518285619141736,0.06947917244867599,Pre-2023
fragmented,1,1,20,1,18,0.052518285619141736,0.06947917244867599,Pre-2023
sparked,1,1,20,1,20,0.052518285619141736,0.06947917244867599,Pre-2023
reasons,1,1,20,1,14,0.052518285619141736,0.06947917244867599,Pre-2023
ethical standards,2,1,20,1,20,0.052518285619141736,0.06947917244867599,Pre-2023
section,1,1,20,1,14,0.052518285619141736,0.06947917244867599,Pre-2023
past,1,1,20,1,19,0.052518285619141736,0.06947917244867599,Pre-2023
boundaries,1,1,20,1,20,0.052518285619141736,0.06947917244867599,Pre-2023
functionality,1,1,20,1,16,0.052518285619141736,0.06947917244867599,Pre-2023
accurate,1,1,20,1,20,0.052518285619141736,0.06947917244867599,Pre-2023
convenience,1,1,20,1,20,0.052518285619141736,0.06947917244867599,Pre-2023
professionals,1,11,236,4,135,0.014935620305839947,0.06670922114284453,Pre-2023
developers,1,3,63,3,54,0.026264862962324997,0.06092886685255417,Pre-2023
opportunity,1,2,42,2,40,0.02626208431430932,0.04974294843463115,Pre-2023
attention,1,5,107,5,101,0.016268633747544392,0.048957413555813394,Pre-2023
structural,1,7,151,6,136,0.012068302226627914,0.043059436071945505,Pre-2023
medicine,1,3,64,2,37,0.01791264911682866,0.04172105452752052,Pre-2023
engaged,1,3,64,3,62,0.01791264911682866,0.04172105452752052,Pre-2023
clinical,1,9,195,3,86,0.009756105660495784,0.03951517763439803,Pre-2023
link,1,1,21,1,18,0.02625930625418782,0.03516985541732371,Pre-2023
pose,1,1,21,1,21,0.02625930625418782,0.03516985541732371,Pre-2023
indicates,1,1,21,1,21,0.02625930625418782,0.03516985541732371,Pre-2023
roadmap,1,1,21,1,18,0.02625930625418782,0.03516985541732371,Pre-2023
choice,1,1,21,1,17,0.02625930625418782,0.03516985541732371,Pre-2023
phases,1,1,21,1,16,0.02625930625418782,0.03516985541732371,Pre-2023
average,1,1,21,1,17,0.02625930625418782,0.03516985541732371,Pre-2023
observations,1,1,21,1,21,0.02625930625418782,0.03516985541732371,Pre-2023
guides,1,1,21,1,15,0.02625930625418782,0.03516985541732371,Pre-2023
practitioner,1,1,21,1,19,0.02625930625418782,0.03516985541732371,Pre-2023
rates,1,1,21,1,19,0.02625930625418782,0.03516985541732371,Pre-2023
answer,1,1,21,1,19,0.02625930625418782,0.03516985541732371,Pre-2023
identification,1,1,21,1,18,0.02625930625418782,0.03516985541732371,Pre-2023
senior,1,1,21,1,15,0.02625930625418782,0.03516985541732371,Pre-2023
practice policy,2,1,21,1,19,0.02625930625418782,0.03516985541732371,Pre-2023
predictor,1,1,21,1,20,0.02625930625418782,0.03516985541732371,Pre-2023
test,1,5,108,2,63,0.011369977205733406,0.034297762331016106,Pre-2023
narrative,1,2,43,1,33,0.01380647807182811,0.026308761811621246,Pre-2023
reports,1,2,43,2,40,0.01380647807182811,0.026308761811621246,Pre-2023
suggestions,1,2,43,1,39,0.01380647807182811,0.026308761811621246,Pre-2023
advancement,1,3,65,3,63,0.009749768629037092,0.022799279656494975,Pre-2023
reliance,1,3,65,1,40,0.009749768629037092,0.022799279656494975,Pre-2023
play,1,3,65,3,63,0.009749768629037092,0.022799279656494975,Pre-2023
equity,1,4,87,2,69,0.007738687869310645,0.020916734114078368,Pre-2023
fields,1,4,87,3,73,0.007738687869310645,0.020916734114078368,Pre-2023
presented,1,3,66,3,62,0.001769591099121115,0.004154467136325019,Pre-2023
contextual,1,3,66,3,53,0.001769591099121115,0.004154467136325019,Pre-2023
compared,1,3,66,3,59,0.001769591099121115,0.004154467136325019,Pre-2023
available,1,2,44,2,40,0.0017693973815102737,0.0033917368773928583,Pre-2023
aged,1,2,44,2,41,0.0017693973815102737,0.0033917368773928583,Pre-2023
adds,1,1,22,1,20,0.0017692037063081756,0.002398057629995951,Pre-2023
enhancement,1,1,22,1,21,0.0017692037063081756,0.002398057629995951,Pre-2023
force,1,1,22,1,22,0.0017692037063081756,0.002398057629995951,Pre-2023
foundations,1,1,22,1,22,0.0017692037063081756,0.002398057629995951,Pre-2023
score,1,1,22,1,18,0.0017692037063081756,0.002398057629995951,Pre-2023
companies,1,1,22,1,17,0.0017692037063081756,0.002398057629995951,Pre-2023
peers,1,1,22,1,20,0.0017692037063081756,0.002398057629995951,Pre-2023
biased,1,1,22,1,20,0.0017692037063081756,0.002398057629995951,Pre-2023
examined,1,5,111,5,108,-0.0029341037858419128,-0.008913826527529367,2024-2025
clear,1,4,89,3,83,-0.004099905191859321,-0.011147106163297057,2024-2025
communication,1,9,200,5,121,-0.0034544419507955837,-0.0140836773200756,2024-2025
foundation,1,3,67,3,65,-0.006034196976711925,-0.014222045143954977,2024-2025
age,1,8,178,8,141,-0.004101716710801284,-0.015771354119578338,2024-2025
programmes,1,2,45,1,36,-0.009870737275020858,-0.019032285350519436,2024-2025
developments,1,2,45,2,42,-0.009870737275020858,-0.019032285350519436,2024-2025
widely,1,2,45,2,44,-0.009870737275020858,-0.019032285350519436,2024-2025
domains,1,4,90,4,83,-0.00987293508601983,-0.02692170909892183,2024-2025
planning,1,4,90,3,71,-0.00987293508601983,-0.02692170909892183,2024-2025
revolution,1,1,23,1,20,-0.021131606381915802,-0.028978097445491357,2024-2025
simple,1,1,23,1,20,-0.021131606381915802,-0.028978097445491357,2024-2025
consumer,1,1,23,1,17,-0.021131606381915802,-0.028978097445491357,2024-2025
in-service,1,1,23,1,19,-0.021131606381915802,-0.028978097445491357,2024-2025
upper,1,1,23,1,16,-0.021131606381915802,-0.028978097445491357,2024-2025
extends,1,1,23,1,23,-0.021131606381915802,-0.028978097445491357,2024-2025
indirectly,1,1,23,1,19,-0.021131606381915802,-0.028978097445491357,2024-2025
written,1,1,23,1,23,-0.021131606381915802,-0.028978097445491357,2024-2025
explanation,1,1,23,1,16,-0.021131606381915802,-0.028978097445491357,2024-2025
ai-driven future,2,1,23,1,20,-0.021131606381915802,-0.028978097445491357,2024-2025
independent,1,1,23,1,22,-0.021131606381915802,-0.028978097445491357,2024-2025
clinicians,1,1,23,1,14,-0.021131606381915802,-0.028978097445491357,2024-2025
leading,1,3,68,3,63,-0.013667611469018404,-0.03233853041058088,2024-2025
identified,1,10,224,10,194,-0.007580209479598032,-0.0326438492198134,2024-2025
perception,1,5,113,5,81,-0.01215699471560594,-0.037105854035259754,2024-2025
ultimately,1,2,46,2,46,-0.021133997148540473,-0.04098585491143373,2024-2025
states,1,2,46,2,45,-0.021133997148540473,-0.04098585491143373,2024-2025
progress,1,2,46,2,45,-0.021133997148540473,-0.04098585491143373,2024-2025
lessons,1,2,46,2,35,-0.021133997148540473,-0.04098585491143373,2024-2025
analyses,1,4,91,4,85,-0.015551767756964097,-0.042530034883238525,2024-2025
improving,1,6,136,6,120,-0.013672202390346833,-0.045748950107910386,2024-2025
successful,1,3,69,3,66,-0.021136388456209687,-0.05020289540756603,2024-2025
identifies,1,3,69,3,67,-0.021136388456209687,-0.05020289540756603,2024-2025
facilitate,1,3,69,3,67,-0.021136388456209687,-0.05020289540756603,2024-2025
ethical implications,2,3,69,2,62,-0.021136388456209687,-0.05020289540756603,2024-2025
survey,1,15,338,8,276,-0.010648557360647182,-0.05625112166245627,2024-2025
skill,1,4,92,4,81,-0.021138780305117066,-0.05797587031383846,2024-2025
reflective,1,4,92,3,66,-0.021138780305117066,-0.05797587031383846,2024-2025
validating,1,1,24,1,23,-0.04259844577952876,-0.05908219289154855,2024-2025
unplugged,1,1,24,1,9,-0.04259844577952876,-0.05908219289154855,2024-2025
adequate,1,1,24,1,22,-0.04259844577952876,-0.05908219289154855,2024-2025
aid,1,1,24,1,21,-0.04259844577952876,-0.05908219289154855,2024-2025
consisting,1,1,24,1,23,-0.04259844577952876,-0.05908219289154855,2024-2025
evolve,1,1,24,1,23,-0.04259844577952876,-0.05908219289154855,2024-2025
profound,1,1,24,1,23,-0.04259844577952876,-0.05908219289154855,2024-2025
position,1,1,24,1,22,-0.04259844577952876,-0.05908219289154855,2024-2025
optimization,1,1,24,1,20,-0.04259844577952876,-0.05908219289154855,2024-2025
records,1,1,24,1,19,-0.04259844577952876,-0.05908219289154855,2024-2025
enrich,1,1,24,1,24,-0.04259844577952876,-0.05908219289154855,2024-2025
offered,1,1,24,1,23,-0.04259844577952876,-0.05908219289154855,2024-2025
analysed,1,2,47,2,45,-0.03203907839150055,-0.06249004952328135,2024-2025
cultivating,1,2,47,2,40,-0.03203907839150055,-0.06249004952328135,2024-2025
computational thinking,2,3,70,3,32,-0.028446000767201163,-0.0678227012351747,2024-2025
assess,1,6,139,5,126,-0.024819228317507935,-0.08352778852049444,2024-2025
background,1,6,139,5,135,-0.024819228317507935,-0.08352778852049444,2024-2025
require,1,2,48,2,43,-0.04260342104488579,-0.08356459722987164,2024-2025
culture,1,2,48,2,38,-0.04260342104488579,-0.08356459722987164,2024-2025
diversity,1,2,48,1,35,-0.04260342104488579,-0.08356459722987164,2024-2025
addition,1,3,71,3,63,-0.0356016733366058,-0.08520518275193463,2024-2025
africa,1,1,25,1,15,-0.06276643886873323,-0.08802247201896425,2024-2025
journey,1,1,25,1,17,-0.06276643886873323,-0.08802247201896425,2024-2025
reviewed,1,1,25,1,24,-0.06276643886873323,-0.08802247201896425,2024-2025
elementary school,2,1,25,1,14,-0.06276643886873323,-0.08802247201896425,2024-2025
clinical practice,2,1,25,1,20,-0.06276643886873323,-0.08802247201896425,2024-2025
introductory,1,1,25,1,17,-0.06276643886873323,-0.08802247201896425,2024-2025
academics,1,1,25,1,14,-0.06276643886873323,-0.08802247201896425,2024-2025
correlations,1,1,25,1,20,-0.06276643886873323,-0.08802247201896425,2024-2025
current state,2,1,25,1,24,-0.06276643886873323,-0.08802247201896425,2024-2025
items,1,4,94,3,64,-0.03204644695060033,-0.08839460044943695,2024-2025
novel,1,4,94,4,85,-0.03204644695060033,-0.08839460044943695,2024-2025
current,1,12,275,10,234,-0.019303930418553605,-0.09161308476282712,2024-2025
support,1,26,589,19,422,-0.013411610516685712,-0.09340499438819855,2024-2025
influenced,1,3,72,3,70,-0.042608397472722714,-0.10235726665623256,2024-2025
multiple,1,4,95,4,85,-0.03737145939599884,-0.10337446742367996,2024-2025
focused,1,4,95,4,88,-0.03737145939599884,-0.10337446742367996,2024-2025
statistics,1,2,49,2,47,-0.05284331560585365,-0.10422798673516817,2024-2025
workplace,1,2,49,2,39,-0.05284331560585365,-0.10422798673516817,2024-2025
physicians,1,1,26,1,17,-0.08175377092571878,-0.11589422715885934,2024-2025
economy,1,1,26,1,22,-0.08175377092571878,-0.11589422715885934,2024-2025
strongly,1,1,26,1,25,-0.08175377092571878,-0.11589422715885934,2024-2025
formation,1,1,26,1,22,-0.08175377092571878,-0.11589422715885934,2024-2025
orientation,1,1,26,1,13,-0.08175377092571878,-0.11589422715885934,2024-2025
plan,1,1,26,1,20,-0.08175377092571878,-0.11589422715885934,2024-2025
remains limited,2,1,26,1,26,-0.08175377092571878,-0.11589422715885934,2024-2025
contrast,1,1,26,1,26,-0.08175377092571878,-0.11589422715885934,2024-2025
involvement,1,1,26,1,26,-0.08175377092571878,-0.11589422715885934,2024-2025
feasibility,1,1,26,1,17,-0.08175377092571878,-0.11589422715885934,2024-2025
collaboration,1,9,210,7,164,-0.02846553442806332,-0.1175530318601412,2024-2025
implementation,1,15,346,12,246,-0.022641682584438882,-0.12034387892126927,2024-2025
comparative,1,2,50,2,43,-0.0627739986897371,-0.1244975668623505,2024-2025
digital transformation,2,2,50,1,34,-0.0627739986897371,-0.1244975668623505,2024-2025
algorithmic,1,5,120,4,86,-0.04261835381746426,-0.1321735409426561,2024-2025
undergraduate,1,5,120,3,95,-0.04261835381746426,-0.1321735409426561,2024-2025
database,1,1,27,1,24,-0.09966432325764707,-0.14278174718335962,2024-2025
measuring,1,1,27,1,27,-0.09966432325764707,-0.14278174718335962,2024-2025
consistency,1,1,27,1,25,-0.09966432325764707,-0.14278174718335962,2024-2025
urban,1,1,27,1,17,-0.09966432325764707,-0.14278174718335962,2024-2025
partnerships,1,1,27,1,25,-0.09966432325764707,-0.14278174718335962,2024-2025
path,1,1,27,1,23,-0.09966432325764707,-0.14278174718335962,2024-2025
pedagogical strategies,2,1,27,1,24,-0.09966432325764707,-0.14278174718335962,2024-2025
mindset,1,1,27,1,18,-0.09966432325764707,-0.14278174718335962,2024-2025
employment,1,1,27,1,17,-0.09966432325764707,-0.14278174718335962,2024-2025
critically,1,7,167,7,152,-0.039641882575008225,-0.1452346222981749,2024-2025
initiatives,1,4,98,4,95,-0.052855855140819585,-0.1474356100770249,2024-2025
computational,1,4,98,4,54,-0.052855855140819585,-0.1474356100770249,2024-2025
limited,1,10,237,10,218,-0.03633840144294709,-0.15884158026827447,2024-2025
network,1,2,52,2,32,-0.08176391535928218,-0.1639195253134085,2024-2025
expressed,1,2,52,2,50,-0.08176391535928218,-0.1639195253134085,2024-2025
central,1,2,52,2,44,-0.08176391535928218,-0.1639195253134085,2024-2025
action,1,2,52,2,45,-0.08176391535928218,-0.1639195253134085,2024-2025
diverse,1,9,215,6,191,-0.04031723175811042,-0.1675458628146952,2024-2025
review,1,19,443,10,209,-0.02811658918716997,-0.16867311970442309,2024-2025
relatively,1,1,28,1,25,-0.11658982206017221,-0.16875991714689226,2024-2025
rapid integration,2,1,28,1,28,-0.11658982206017221,-0.16875991714689226,2024-2025
expand,1,1,28,1,28,-0.11658982206017221,-0.16875991714689226,2024-2025
versus,1,1,28,1,19,-0.11658982206017221,-0.16875991714689226,2024-2025
participant,1,1,28,1,24,-0.11658982206017221,-0.16875991714689226,2024-2025
equipped,1,1,28,1,28,-0.11658982206017221,-0.16875991714689226,2024-2025
sense,1,1,28,1,23,-0.11658982206017221,-0.16875991714689226,2024-2025
optimizing,1,1,28,1,26,-0.11658982206017221,-0.16875991714689226,2024-2025
possibilities,1,1,28,1,28,-0.11658982206017221,-0.16875991714689226,2024-2025
discussed,1,3,76,2,74,-0.06923817707940039,-0.1687902883442419,2024-2025
attitude,1,5,123,4,69,-0.05487330641735255,-0.1713188398294182,2024-2025
focusing,1,7,170,7,166,-0.04852210607771301,-0.17862244135183264,2024-2025
guidelines,1,7,170,6,137,-0.04852210607771301,-0.17862244135183264,2024-2025
balance,1,2,53,2,47,-0.09084908589454876,-0.1831016685876352,2024-2025
validity,1,3,77,3,56,-0.07556773151431528,-0.18488461934699504,2024-2025
errors,1,1,29,1,21,-0.13261160413383877,-0.19389554132969636,2024-2025
political,1,1,29,1,23,-0.13261160413383877,-0.19389554132969636,2024-2025
acquisition,1,1,29,1,27,-0.13261160413383877,-0.19389554132969636,2024-2025
combines,1,1,29,1,29,-0.13261160413383877,-0.19389554132969636,2024-2025
assignment,1,1,29,1,24,-0.13261160413383877,-0.19389554132969636,2024-2025
consequences,1,1,29,1,28,-0.13261160413383877,-0.19389554132969636,2024-2025
intersection,1,1,29,1,26,-0.13261160413383877,-0.19389554132969636,2024-2025
citizenship,1,1,29,1,14,-0.13261160413383877,-0.19389554132969636,2024-2025
mediated,1,1,29,1,27,-0.13261160413383877,-0.19389554132969636,2024-2025
degree,1,1,29,1,28,-0.13261160413383877,-0.19389554132969636,2024-2025
emphasising,1,1,29,1,27,-0.13261160413383877,-0.19389554132969636,2024-2025
aim,1,5,125,5,119,-0.06279668908668334,-0.19691909020917536,2024-2025
theory,1,9,218,6,161,-0.04723249540026231,-0.19701654061385773,2024-2025
chatbot,1,3,78,1,40,-0.0817740623121086,-0.20078451233969835,2024-2025
sectors,1,2,54,2,49,-0.09967705236068092,-0.2019496729951132,2024-2025
security,1,2,54,2,47,-0.09967705236068092,-0.2019496729951132,2024-2025
state,1,2,54,2,46,-0.09967705236068092,-0.2019496729951132,2024-2025
included,1,6,149,5,129,-0.05952576133812837,-0.20410531060663942,2024-2025
rapidly,1,4,102,4,99,-0.07242744982824156,-0.20424772689121065,2024-2025
individual,1,4,102,3,80,-0.07242744982824156,-0.20424772689121065,2024-2025
effectiveness,1,7,173,6,132,-0.0571704633126604,-0.21145916390384145,2024-2025
practice,1,15,358,11,246,-0.03987893655377395,-0.2138959412822259,2024-2025
behavior,1,4,103,3,64,-0.07714022296752798,-0.21812395469796783,2024-2025
points,1,1,30,1,27,-0.14780207803237566,-0.2182484446083531,2024-2025
predominantly,1,1,30,1,30,-0.14780207803237566,-0.2182484446083531,2024-2025
refinement,1,1,30,1,27,-0.14780207803237566,-0.2182484446083531,2024-2025
achieving,1,1,30,1,29,-0.14780207803237566,-0.2182484446083531,2024-2025
synthesis,1,1,30,1,25,-0.14780207803237566,-0.2182484446083531,2024-2025
challenging,1,1,30,1,29,-0.14780207803237566,-0.2182484446083531,2024-2025
preferred,1,1,30,1,26,-0.14780207803237566,-0.2182484446083531,2024-2025
open-ended,1,1,30,1,29,-0.14780207803237566,-0.2182484446083531,2024-2025
functions,1,1,30,1,28,-0.14780207803237566,-0.2182484446083531,2024-2025
behaviour,1,1,30,1,16,-0.14780207803237566,-0.2182484446083531,2024-2025
adapting,1,1,30,1,29,-0.14780207803237566,-0.2182484446083531,2024-2025
unesco,1,1,30,1,18,-0.14780207803237566,-0.2182484446083531,2024-2025
lacking,1,1,30,1,30,-0.14780207803237566,-0.2182484446083531,2024-2025
considerations,1,8,197,5,173,-0.05539397829170056,-0.21881963213751196,2024-2025
providing,1,7,174,7,165,-0.060003342407900284,-0.22228572512794015,2024-2025
foundational,1,4,104,4,89,-0.08178421178513506,-0.23187476030302442,2024-2025
industry,1,4,104,4,70,-0.08178421178513506,-0.23187476030302442,2024-2025
characteristics,1,3,80,2,60,-0.09383162802540124,-0.2320215232693299,2024-2025
conclusions,1,3,80,3,77,-0.09383162802540124,-0.2320215232693299,2024-2025
united,1,2,56,2,48,-0.11660513588959631,-0.23869391144295782,2024-2025
equip,1,2,56,2,56,-0.11660513588959631,-0.23869391144295782,2024-2025
environments,1,6,152,5,132,-0.06926345959460267,-0.23879267896382106,2024-2025
exploring,1,8,199,7,190,-0.06036297738488017,-0.23910450396247004,2024-2025
subjective,1,1,31,1,20,-0.16222594110608313,-0.2418723948512934,2024-2025
source,1,1,31,1,23,-0.16222594110608313,-0.2418723948512934,2024-2025
younger,1,1,31,1,25,-0.16222594110608313,-0.2418723948512934,2024-2025
showing,1,1,31,1,31,-0.16222594110608313,-0.2418723948512934,2024-2025
administered,1,1,31,1,31,-0.16222594110608313,-0.2418723948512934,2024-2025
reform,1,1,31,1,18,-0.16222594110608313,-0.2418723948512934,2024-2025
relationships,1,4,106,4,93,-0.09087196806459641,-0.2590100834831593,2024-2025
recognize,1,1,32,1,31,-0.17594119940308062,-0.2648158798083693,2024-2025
recommendation,1,1,32,1,19,-0.17594119940308062,-0.2648158798083693,2024-2025
promise,1,1,32,1,32,-0.17594119940308062,-0.2648158798083693,2024-2025
conversations,1,1,32,1,30,-0.17594119940308062,-0.2648158798083693,2024-2025
gathered,1,1,32,1,31,-0.17594119940308062,-0.2648158798083693,2024-2025
argues,1,1,32,1,32,-0.17594119940308062,-0.2648158798083693,2024-2025
empirically,1,1,32,1,31,-0.17594119940308062,-0.2648158798083693,2024-2025
networks,1,1,32,1,22,-0.17594119940308062,-0.2648158798083693,2024-2025
idea,1,1,32,1,30,-0.17594119940308062,-0.2648158798083693,2024-2025
empowering,1,2,58,2,51,-0.13262950274656937,-0.27424671436661274,2024-2025
module,1,2,58,2,24,-0.13262950274656937,-0.27424671436661274,2024-2025
data-driven,1,2,58,2,37,-0.13262950274656937,-0.27424671436661274,2024-2025
primarily,1,2,58,2,57,-0.13262950274656937,-0.27424671436661274,2024-2025
scoping review,2,2,58,1,31,-0.13262950274656937,-0.27424671436661274,2024-2025
educators,1,29,688,18,428,-0.03693141296842306,-0.27498660932737473,2024-2025
assessments,1,3,83,2,70,-0.11108113040051837,-0.2775420725830708,2024-2025
fostering,1,12,297,10,252,-0.05791562285408247,-0.2805838626527557,2024-2025
outcomes,1,11,274,9,220,-0.06105676666471549,-0.28370332368036477,2024-2025
informed,1,4,108,4,101,-0.09970252033187332,-0.28567293864561566,2024-2025
ai-related,1,4,108,3,89,-0.09970252033187332,-0.28567293864561566,2024-2025
collaborative,1,7,180,5,131,-0.07649946329153323,-0.2860443614741184,2024-2025
machines,1,1,33,1,25,-0.18900002722209663,-0.28712276493363487,2024-2025
stronger,1,1,33,1,33,-0.18900002722209663,-0.28712276493363487,2024-2025
inclusivity,1,1,33,1,29,-0.18900002722209663,-0.28712276493363487,2024-2025
online survey,2,1,33,1,33,-0.18900002722209663,-0.28712276493363487,2024-2025
indicators,1,1,33,1,22,-0.18900002722209663,-0.28712276493363487,2024-2025
transformed,1,1,33,1,30,-0.18900002722209663,-0.28712276493363487,2024-2025
pedagogical,1,15,368,11,258,-0.05359755372365971,-0.2896209151848667,2024-2025
includes,1,2,59,2,57,-0.1403257341303643,-0.29160311446462284,2024-2025
reflections,1,2,59,1,53,-0.1403257341303643,-0.29160311446462284,2024-2025
various,1,10,253,7,224,-0.06865671536055551,-0.30546909696618935,2024-2025
contributes,1,6,158,5,154,-0.08789389337552311,-0.30628552520061486,2024-2025
demonstrates,1,2,60,2,53,-0.14782256148532724,-0.30869268521037757,2024-2025
participation,1,2,60,2,48,-0.14782256148532724,-0.30869268521037757,2024-2025
recommended,1,1,34,1,32,-0.2014494953768846,-0.3088328531800229,2024-2025
educators policymakers,2,1,34,1,34,-0.2014494953768846,-0.3088328531800229,2024-2025
structures,1,1,34,1,30,-0.2014494953768846,-0.3088328531800229,2024-2025
rapid advancement,2,1,34,1,34,-0.2014494953768846,-0.3088328531800229,2024-2025
highly,1,1,34,1,33,-0.2014494953768846,-0.3088328531800229,2024-2025
correlated,1,1,34,1,30,-0.2014494953768846,-0.3088328531800229,2024-2025
databases,1,1,34,1,34,-0.2014494953768846,-0.3088328531800229,2024-2025
emphasized,1,1,34,1,33,-0.2014494953768846,-0.3088328531800229,2024-2025
revealing,1,1,34,1,34,-0.2014494953768846,-0.3088328531800229,2024-2025
dimensions,1,8,207,5,157,-0.0795100469287755,-0.31837657317756796,2024-2025
human,1,18,442,12,264,-0.054064511116019176,-0.3201064840387145,2024-2025
interventions,1,3,86,2,76,-0.1274008625769154,-0.32156640739332365,2024-2025
reading,1,2,61,2,20,-0.15512784038905814,-0.32552467369166704,2024-2025
actual,1,2,61,2,44,-0.15512784038905814,-0.32552467369166704,2024-2025
affective,1,2,61,2,42,-0.15512784038905814,-0.32552467369166704,2024-2025
users,1,8,208,5,136,-0.08182483489807613,-0.32808331245888644,2024-2025
self-reported,1,1,35,1,34,-0.21333219129764025,-0.3299823636221005,2024-2025
associations,1,1,35,1,25,-0.21333219129764025,-0.3299823636221005,2024-2025
male,1,1,35,1,31,-0.21333219129764025,-0.3299823636221005,2024-2025
similar,1,1,35,1,34,-0.21333219129764025,-0.3299823636221005,2024-2025
shared,1,1,35,1,33,-0.21333219129764025,-0.3299823636221005,2024-2025
motivating,1,0,5,0,5,-0.7355843845564696,-0.3355134013125668,2024-2025
binary,1,0,5,0,5,-0.7355843845564696,-0.3355134013125668,2024-2025
morocco,1,0,5,0,5,-0.7355843845564696,-0.3355134013125668,2024-2025
survey chinese,2,0,5,0,5,-0.7355843845564696,-0.3355134013125668,2024-2025
peripheral,1,0,5,0,5,-0.7355843845564696,-0.3355134013125668,2024-2025
integrating chatgpt,2,0,5,0,5,-0.7355843845564696,-0.3355134013125668,2024-2025
survey involving,2,0,5,0,5,-0.7355843845564696,-0.3355134013125668,2024-2025
truly,1,0,5,0,5,-0.7355843845564696,-0.3355134013125668,2024-2025
surfaced,1,0,5,0,5,-0.7355843845564696,-0.3355134013125668,2024-2025
perspectives integrating,2,0,5,0,5,-0.7355843845564696,-0.3355134013125668,2024-2025
balanced integration,2,0,5,0,5,-0.7355843845564696,-0.3355134013125668,2024-2025
trust reliance,2,0,5,0,5,-0.7355843845564696,-0.3355134013125668,2024-2025
perceptions higher,2,0,5,0,5,-0.7355843845564696,-0.3355134013125668,2024-2025
narrowly,1,0,5,0,5,-0.7355843845564696,-0.3355134013125668,2024-2025
additionally perceived,2,0,5,0,5,-0.7355843845564696,-0.3355134013125668,2024-2025
strong positive,2,0,5,0,5,-0.7355843845564696,-0.3355134013125668,2024-2025
insufficient training,2,0,5,0,5,-0.7355843845564696,-0.3355134013125668,2024-2025
generative reshaping,2,0,5,0,5,-0.7355843845564696,-0.3355134013125668,2024-2025
integrated nursing,2,0,5,0,5,-0.7355843845564696,-0.3355134013125668,2024-2025
personally,1,0,5,0,5,-0.7355843845564696,-0.3355134013125668,2024-2025
surface-level,1,0,5,0,5,-0.7355843845564696,-0.3355134013125668,2024-2025
generative digital,2,0,5,0,5,-0.7355843845564696,-0.3355134013125668,2024-2025
active engagement,2,0,5,0,5,-0.7355843845564696,-0.3355134013125668,2024-2025
generative enhance,2,0,5,0,5,-0.7355843845564696,-0.3355134013125668,2024-2025
generative chapter,2,0,5,0,5,-0.7355843845564696,-0.3355134013125668,2024-2025
generative era,2,0,5,0,5,-0.7355843845564696,-0.3355134013125668,2024-2025
personalized feedback,2,0,5,0,5,-0.7355843845564696,-0.3355134013125668,2024-2025
theory explore,2,0,5,0,5,-0.7355843845564696,-0.3355134013125668,2024-2025
limited exposure,2,0,5,0,5,-0.7355843845564696,-0.3355134013125668,2024-2025
integrated various,2,0,5,0,5,-0.7355843845564696,-0.3355134013125668,2024-2025
limited exists,2,0,5,0,5,-0.7355843845564696,-0.3355134013125668,2024-2025
survey analyzed,2,0,5,0,5,-0.7355843845564696,-0.3355134013125668,2024-2025
generative increasingly,2,0,5,0,5,-0.7355843845564696,-0.3355134013125668,2024-2025
moment,1,0,5,0,5,-0.7355843845564696,-0.3355134013125668,2024-2025
integrated everyday,2,0,5,0,5,-0.7355843845564696,-0.3355134013125668,2024-2025
located,1,0,5,0,5,-0.7355843845564696,-0.3355134013125668,2024-2025
persists,1,0,5,0,5,-0.7355843845564696,-0.3355134013125668,2024-2025
balancing technological,2,0,5,0,5,-0.7355843845564696,-0.3355134013125668,2024-2025
perspectives genai,2,0,5,0,5,-0.7355843845564696,-0.3355134013125668,2024-2025
limited institutional,2,0,5,0,5,-0.7355843845564696,-0.3355134013125668,2024-2025
generative presents,2,0,5,0,5,-0.7355843845564696,-0.3355134013125668,2024-2025
generative context,2,0,5,0,5,-0.7355843845564696,-0.3355134013125668,2024-2025
address unique,2,0,5,0,5,-0.7355843845564696,-0.3355134013125668,2024-2025
integration daily,2,0,5,0,5,-0.7355843845564696,-0.3355134013125668,2024-2025
moderate positive,2,0,5,0,5,-0.7355843845564696,-0.3355134013125668,2024-2025
persuasive,1,0,5,0,5,-0.7355843845564696,-0.3355134013125668,2024-2025
methodology employed,2,0,5,0,5,-0.7355843845564696,-0.3355134013125668,2024-2025
interviews participants,2,0,5,0,5,-0.7355843845564696,-0.3355134013125668,2024-2025
sustained engagement,2,0,5,0,5,-0.7355843845564696,-0.3355134013125668,2024-2025
chatgpt users,2,0,5,0,5,-0.7355843845564696,-0.3355134013125668,2024-2025
sustainable integration,2,0,5,0,5,-0.7355843845564696,-0.3355134013125668,2024-2025
activities support,2,0,5,0,5,-0.7355843845564696,-0.3355134013125668,2024-2025
chatgpt tool,2,0,5,0,5,-0.7355843845564696,-0.3355134013125668,2024-2025
chatgpt sparked,2,0,5,0,5,-0.7355843845564696,-0.3355134013125668,2024-2025
interrogate,1,0,5,0,5,-0.7355843845564696,-0.3355134013125668,2024-2025
poised,1,0,5,0,5,-0.7355843845564696,-0.3355134013125668,2024-2025
interpreted,1,0,5,0,5,-0.7355843845564696,-0.3355134013125668,2024-2025
bibliographic,1,0,5,0,5,-0.7355843845564696,-0.3355134013125668,2024-2025
pointed,1,0,5,0,5,-0.7355843845564696,-0.3355134013125668,2024-2025
assess long-term,2,0,5,0,5,-0.7355843845564696,-0.3355134013125668,2024-2025
min,1,0,5,0,5,-0.7355843845564696,-0.3355134013125668,2024-2025
mind,1,0,5,0,5,-0.7355843845564696,-0.3355134013125668,2024-2025
gaps current,2,0,5,0,5,-0.7355843845564696,-0.3355134013125668,2024-2025
gaps understanding,2,0,5,0,5,-0.7355843845564696,-0.3355134013125668,2024-2025
strategies fostering,2,0,5,0,5,-0.7355843845564696,-0.3355134013125668,2024-2025
pls,1,0,5,0,5,-0.7355843845564696,-0.3355134013125668,2024-2025
interdisciplinary approaches,2,0,5,0,5,-0.7355843845564696,-0.3355134013125668,2024-2025
gained popularity,2,0,5,0,5,-0.7355843845564696,-0.3355134013125668,2024-2025
interviews quantitative,2,0,5,0,5,-0.7355843845564696,-0.3355134013125668,2024-2025
bias detection,2,0,5,0,5,-0.7355843845564696,-0.3355134013125668,2024-2025
technology support,2,0,5,0,5,-0.7355843845564696,-0.3355134013125668,2024-2025
measurement tool,2,0,5,0,5,-0.7355843845564696,-0.3355134013125668,2024-2025
mechanisms underlying,2,0,5,0,5,-0.7355843845564696,-0.3355134013125668,2024-2025
children ages,2,0,5,0,5,-0.7355843845564696,-0.3355134013125668,2024-2025
systems enhance,2,0,5,0,5,-0.7355843845564696,-0.3355134013125668,2024-2025
media industry,2,0,5,0,5,-0.7355843845564696,-0.3355134013125668,2024-2025
mediate relationship,2,0,5,0,5,-0.7355843845564696,-0.3355134013125668,2024-2025
technology usage,2,0,5,0,5,-0.7355843845564696,-0.3355134013125668,2024-2025
checks,1,0,5,0,5,-0.7355843845564696,-0.3355134013125668,2024-2025
key component,2,0,5,0,5,-0.7355843845564696,-0.3355134013125668,2024-2025
member,1,0,5,0,5,-0.7355843845564696,-0.3355134013125668,2024-2025
gai higher,2,0,5,0,5,-0.7355843845564696,-0.3355134013125668,2024-2025
key concerns,2,0,5,0,5,-0.7355843845564696,-0.3355134013125668,2024-2025
maximum,1,0,5,0,5,-0.7355843845564696,-0.3355134013125668,2024-2025
future practice,2,0,5,0,5,-0.7355843845564696,-0.3355134013125668,2024-2025
future professionals,2,0,5,0,5,-0.7355843845564696,-0.3355134013125668,2024-2025
strategies educators,2,0,5,0,5,-0.7355843845564696,-0.3355134013125668,2024-2025
introduction rapid,2,0,5,0,5,-0.7355843845564696,-0.3355134013125668,2024-2025
key issues,2,0,5,0,5,-0.7355843845564696,-0.3355134013125668,2024-2025
key questions,2,0,5,0,5,-0.7355843845564696,-0.3355134013125668,2024-2025
policy interventions,2,0,5,0,5,-0.7355843845564696,-0.3355134013125668,2024-2025
missing,1,0,5,0,5,-0.7355843845564696,-0.3355134013125668,2024-2025
links,1,0,5,0,5,-0.7355843845564696,-0.3355134013125668,2024-2025
integration future,2,0,5,0,5,-0.7355843845564696,-0.3355134013125668,2024-2025
gender academic,2,0,5,0,5,-0.7355843845564696,-0.3355134013125668,2024-2025
moderates relationship,2,0,5,0,5,-0.7355843845564696,-0.3355134013125668,2024-2025
lines,1,0,5,0,5,-0.7355843845564696,-0.3355134013125668,2024-2025
accuracy efficiency,2,0,5,0,5,-0.7355843845564696,-0.3355134013125668,2024-2025
pioneering,1,0,5,0,5,-0.7355843845564696,-0.3355134013125668,2024-2025
piloted,1,0,5,0,5,-0.7355843845564696,-0.3355134013125668,2024-2025
genai-related,1,0,5,0,5,-0.7355843845564696,-0.3355134013125668,2024-2025
stratified random,2,0,5,0,5,-0.7355843845564696,-0.3355134013125668,2024-2025
linear regression,2,0,5,0,5,-0.7355843845564696,-0.3355134013125668,2024-2025
streamlining,1,0,5,0,5,-0.7355843845564696,-0.3355134013125668,2024-2025
llm-generated,1,0,5,0,5,-0.7355843845564696,-0.3355134013125668,2024-2025
themes subthemes,2,0,5,0,5,-0.7355843845564696,-0.3355134013125668,2024-2025
accuracy reliability,2,0,5,0,5,-0.7355843845564696,-0.3355134013125668,2024-2025
integration systems,2,0,5,0,5,-0.7355843845564696,-0.3355134013125668,2024-2025
addresses need,2,0,5,0,5,-0.7355843845564696,-0.3355134013125668,2024-2025
gender gap,2,0,5,0,5,-0.7355843845564696,-0.3355134013125668,2024-2025
chatgpt increasingly,2,0,5,0,5,-0.7355843845564696,-0.3355134013125668,2024-2025
moderation,1,0,5,0,5,-0.7355843845564696,-0.3355134013125668,2024-2025
theoretical foundations,2,0,5,0,5,-0.7355843845564696,-0.3355134013125668,2024-2025
tailored experiences,2,0,5,0,5,-0.7355843845564696,-0.3355134013125668,2024-2025
modifying,1,0,5,0,5,-0.7355843845564696,-0.3355134013125668,2024-2025
genai reshaping,2,0,5,0,5,-0.7355843845564696,-0.3355134013125668,2024-2025
genai outputs,2,0,5,0,5,-0.7355843845564696,-0.3355134013125668,2024-2025
burden,1,0,5,0,5,-0.7355843845564696,-0.3355134013125668,2024-2025
intensified,1,0,5,0,5,-0.7355843845564696,-0.3355134013125668,2024-2025
strategies help,2,0,5,0,5,-0.7355843845564696,-0.3355134013125668,2024-2025
misunderstandings,1,0,5,0,5,-0.7355843845564696,-0.3355134013125668,2024-2025
business administration,2,0,5,0,5,-0.7355843845564696,-0.3355134013125668,2024-2025
intentionally,1,0,5,0,5,-0.7355843845564696,-0.3355134013125668,2024-2025
technology provides,2,0,5,0,5,-0.7355843845564696,-0.3355134013125668,2024-2025
barriers integration,2,0,5,0,5,-0.7355843845564696,-0.3355134013125668,2024-2025
platform designed,2,0,5,0,5,-0.7355843845564696,-0.3355134013125668,2024-2025
strategies promote,2,0,5,0,5,-0.7355843845564696,-0.3355134013125668,2024-2025
constructionism,1,0,5,0,5,-0.7355843845564696,-0.3355134013125668,2024-2025
modeling revealed,2,0,5,0,5,-0.7355843845564696,-0.3355134013125668,2024-2025
integration various,2,0,5,0,5,-0.7355843845564696,-0.3355134013125668,2024-2025
key trends,2,0,5,0,5,-0.7355843845564696,-0.3355134013125668,2024-2025
bridges gap,2,0,5,0,5,-0.7355843845564696,-0.3355134013125668,2024-2025
tailor,1,0,5,0,5,-0.7355843845564696,-0.3355134013125668,2024-2025
accuracy concerns,2,0,5,0,5,-0.7355843845564696,-0.3355134013125668,2024-2025
modelling sem,2,0,5,0,5,-0.7355843845564696,-0.3355134013125668,2024-2025
actionable strategies,2,0,5,0,5,-0.7355843845564696,-0.3355134013125668,2024-2025
technical pedagogical,2,0,5,0,5,-0.7355843845564696,-0.3355134013125668,2024-2025
survey respondents,2,0,5,0,5,-0.7355843845564696,-0.3355134013125668,2024-2025
genai offers,2,0,5,0,5,-0.7355843845564696,-0.3355134013125668,2024-2025
likert-scale,1,0,5,0,5,-0.7355843845564696,-0.3355134013125668,2024-2025
opportunities enhance,2,0,5,0,5,-0.7355843845564696,-0.3355134013125668,2024-2025
treatment planning,2,0,5,0,5,-0.7355843845564696,-0.3355134013125668,2024-2025
honesty,1,0,5,0,5,-0.7355843845564696,-0.3355134013125668,2024-2025
inception,1,0,5,0,5,-0.7355843845564696,-0.3355134013125668,2024-2025
launch,1,0,5,0,5,-0.7355843845564696,-0.3355134013125668,2024-2025
highlights critical,2,0,5,0,5,-0.7355843845564696,-0.3355134013125668,2024-2025
launched,1,0,5,0,5,-0.7355843845564696,-0.3355134013125668,2024-2025
highlights growing,2,0,5,0,5,-0.7355843845564696,-0.3355134013125668,2024-2025
board,1,0,5,0,5,-0.7355843845564696,-0.3355134013125668,2024-2025
occurring,1,0,5,0,5,-0.7355843845564696,-0.3355134013125668,2024-2025
improving quality,2,0,5,0,5,-0.7355843845564696,-0.3355134013125668,2024-2025
tools language,2,0,5,0,5,-0.7355843845564696,-0.3355134013125668,2024-2025
offer guidance,2,0,5,0,5,-0.7355843845564696,-0.3355134013125668,2024-2025
hoc,1,0,5,0,5,-0.7355843845564696,-0.3355134013125668,2024-2025
offering comprehensive,2,0,5,0,5,-0.7355843845564696,-0.3355134013125668,2024-2025
offering new,2,0,5,0,5,-0.7355843845564696,-0.3355134013125668,2024-2025
challenged,1,0,5,0,5,-0.7355843845564696,-0.3355134013125668,2024-2025
importance understanding,2,0,5,0,5,-0.7355843845564696,-0.3355134013125668,2024-2025
holding,1,0,5,0,5,-0.7355843845564696,-0.3355134013125668,2024-2025
holds substantial,2,0,5,0,5,-0.7355843845564696,-0.3355134013125668,2024-2025
holds transformative,2,0,5,0,5,-0.7355843845564696,-0.3355134013125668,2024-2025
trace,1,0,5,0,5,-0.7355843845564696,-0.3355134013125668,2024-2025
importance promoting,2,0,5,0,5,-0.7355843845564696,-0.3355134013125668,2024-2025
holistic understanding,2,0,5,0,5,-0.7355843845564696,-0.3355134013125668,2024-2025
assume,1,0,5,0,5,-0.7355843845564696,-0.3355134013125668,2024-2025
augments,1,0,5,0,5,-0.7355843845564696,-0.3355134013125668,2024-2025
papers included,2,0,5,0,5,-0.7355843845564696,-0.3355134013125668,2024-2025
better support,2,0,5,0,5,-0.7355843845564696,-0.3355134013125668,2024-2025
tools different,2,0,5,0,5,-0.7355843845564696,-0.3355134013125668,2024-2025
chapter addresses,2,0,5,0,5,-0.7355843845564696,-0.3355134013125668,2024-2025
tools employed,2,0,5,0,5,-0.7355843845564696,-0.3355134013125668,2024-2025
incorporate genai,2,0,5,0,5,-0.7355843845564696,-0.3355134013125668,2024-2025
participants expressed,2,0,5,0,5,-0.7355843845564696,-0.3355134013125668,2024-2025
assists,1,0,5,0,5,-0.7355843845564696,-0.3355134013125668,2024-2025
hierarchical,1,0,5,0,5,-0.7355843845564696,-0.3355134013125668,2024-2025
later,1,0,5,0,5,-0.7355843845564696,-0.3355134013125668,2024-2025
high engagement,2,0,5,0,5,-0.7355843845564696,-0.3355134013125668,2024-2025
partially,1,0,5,0,5,-0.7355843845564696,-0.3355134013125668,2024-2025
address concerns,2,0,5,0,5,-0.7355843845564696,-0.3355134013125668,2024-2025
machine natural,2,0,5,0,5,-0.7355843845564696,-0.3355134013125668,2024-2025
summarizes,1,0,5,0,5,-0.7355843845564696,-0.3355134013125668,2024-2025
inclusion exclusion,2,0,5,0,5,-0.7355843845564696,-0.3355134013125668,2024-2025
higher digital,2,0,5,0,5,-0.7355843845564696,-0.3355134013125668,2024-2025
training ethical,2,0,5,0,5,-0.7355843845564696,-0.3355134013125668,2024-2025
higher sector,2,0,5,0,5,-0.7355843845564696,-0.3355134013125668,2024-2025
adjusted,1,0,5,0,5,-0.7355843845564696,-0.3355134013125668,2024-2025
objective assess,2,0,5,0,5,-0.7355843845564696,-0.3355134013125668,2024-2025
include ethical,2,0,5,0,5,-0.7355843845564696,-0.3355134013125668,2024-2025
homes,1,0,5,0,5,-0.7355843845564696,-0.3355134013125668,2024-2025
tools presents,2,0,5,0,5,-0.7355843845564696,-0.3355134013125668,2024-2025
targeted programs,2,0,5,0,5,-0.7355843845564696,-0.3355134013125668,2024-2025
challenges presented,2,0,5,0,5,-0.7355843845564696,-0.3355134013125668,2024-2025
total respondents,2,0,5,0,5,-0.7355843845564696,-0.3355134013125668,2024-2025
challenges encountered,2,0,5,0,5,-0.7355843845564696,-0.3355134013125668,2024-2025
sufficiently,1,0,5,0,5,-0.7355843845564696,-0.3355134013125668,2024-2025
challenges like,2,0,5,0,5,-0.7355843845564696,-0.3355134013125668,2024-2025
human-computer interaction,2,0,5,0,5,-0.7355843845564696,-0.3355134013125668,2024-2025
human-in-the-loop,1,0,5,0,5,-0.7355843845564696,-0.3355134013125668,2024-2025
technologies critical,2,0,5,0,5,-0.7355843845564696,-0.3355134013125668,2024-2025
implementation evaluation,2,0,5,0,5,-0.7355843845564696,-0.3355134013125668,2024-2025
total articles,2,0,5,0,5,-0.7355843845564696,-0.3355134013125668,2024-2025
imperatives,1,0,5,0,5,-0.7355843845564696,-0.3355134013125668,2024-2025
hypotheses tested,2,0,5,0,5,-0.7355843845564696,-0.3355134013125668,2024-2025
online platform,2,0,5,0,5,-0.7355843845564696,-0.3355134013125668,2024-2025
ibm spss,2,0,5,0,5,-0.7355843845564696,-0.3355134013125668,2024-2025
tools work,2,0,5,0,5,-0.7355843845564696,-0.3355134013125668,2024-2025
challenges ensuring,2,0,5,0,5,-0.7355843845564696,-0.3355134013125668,2024-2025
opening,1,0,5,0,5,-0.7355843845564696,-0.3355134013125668,2024-2025
opens,1,0,5,0,5,-0.7355843845564696,-0.3355134013125668,2024-2025
identified distinct,2,0,5,0,5,-0.7355843845564696,-0.3355134013125668,2024-2025
identified include,2,0,5,0,5,-0.7355843845564696,-0.3355134013125668,2024-2025
operate,1,0,5,0,5,-0.7355843845564696,-0.3355134013125668,2024-2025
challenges genai,2,0,5,0,5,-0.7355843845564696,-0.3355134013125668,2024-2025
challenges chatgpt,2,0,5,0,5,-0.7355843845564696,-0.3355134013125668,2024-2025
tools specific,2,0,5,0,5,-0.7355843845564696,-0.3355134013125668,2024-2025
ongoing debate,2,0,5,0,5,-0.7355843845564696,-0.3355134013125668,2024-2025
outdated,1,0,5,0,5,-0.7355843845564696,-0.3355134013125668,2024-2025
technological proficiency,2,0,5,0,5,-0.7355843845564696,-0.3355134013125668,2024-2025
offers novel,2,0,5,0,5,-0.7355843845564696,-0.3355134013125668,2024-2025
hours,1,0,5,0,5,-0.7355843845564696,-0.3355134013125668,2024-2025
acquire necessary,2,0,5,0,5,-0.7355843845564696,-0.3355134013125668,2024-2025
tools process,2,0,5,0,5,-0.7355843845564696,-0.3355134013125668,2024-2025
over-reliance ai-generated,2,0,5,0,5,-0.7355843845564696,-0.3355134013125668,2024-2025
outside classroom,2,0,5,0,5,-0.7355843845564696,-0.3355134013125668,2024-2025
human cognitive,2,0,5,0,5,-0.7355843845564696,-0.3355134013125668,2024-2025
human computer,2,0,5,0,5,-0.7355843845564696,-0.3355134013125668,2024-2025
implications tools,2,0,5,0,5,-0.7355843845564696,-0.3355134013125668,2024-2025
implications extend,2,0,5,0,5,-0.7355843845564696,-0.3355134013125668,2024-2025
human dignity,2,0,5,0,5,-0.7355843845564696,-0.3355134013125668,2024-2025
legal considerations,2,0,5,0,5,-0.7355843845564696,-0.3355134013125668,2024-2025
implications technologies,2,0,5,0,5,-0.7355843845564696,-0.3355134013125668,2024-2025
suggestions future,2,0,5,0,5,-0.7355843845564696,-0.3355134013125668,2024-2025
implications limitations,2,0,5,0,5,-0.7355843845564696,-0.3355134013125668,2024-2025
implications genai,2,0,5,0,5,-0.7355843845564696,-0.3355134013125668,2024-2025
challenges limited,2,0,5,0,5,-0.7355843845564696,-0.3355134013125668,2024-2025
subtle,1,0,5,0,5,-0.7355843845564696,-0.3355134013125668,2024-2025
offers theoretical,2,0,5,0,5,-0.7355843845564696,-0.3355134013125668,2024-2025
chapter advocates,2,0,5,0,5,-0.7355843845564696,-0.3355134013125668,2024-2025
numbers,1,0,5,0,5,-0.7355843845564696,-0.3355134013125668,2024-2025
institutions adapt,2,0,5,0,5,-0.7355843845564696,-0.3355134013125668,2024-2025
language contexts,2,0,5,0,5,-0.7355843845564696,-0.3355134013125668,2024-2025
translation tools,2,0,5,0,5,-0.7355843845564696,-0.3355134013125668,2024-2025
awareness importance,2,0,5,0,5,-0.7355843845564696,-0.3355134013125668,2024-2025
innovative solutions,2,0,5,0,5,-0.7355843845564696,-0.3355134013125668,2024-2025
need effective,2,0,5,0,5,-0.7355843845564696,-0.3355134013125668,2024-2025
innovative activities,2,0,5,0,5,-0.7355843845564696,-0.3355134013125668,2024-2025
mann-whitney,1,0,5,0,5,-0.7355843845564696,-0.3355134013125668,2024-2025
grammarly,1,0,5,0,5,-0.7355843845564696,-0.3355134013125668,2024-2025
identify relevant,2,0,5,0,5,-0.7355843845564696,-0.3355134013125668,2024-2025
pedagogically sound,2,0,5,0,5,-0.7355843845564696,-0.3355134013125668,2024-2025
pedagogical value,2,0,5,0,5,-0.7355843845564696,-0.3355134013125668,2024-2025
support instructors,2,0,5,0,5,-0.7355843845564696,-0.3355134013125668,2024-2025
innovation ethical,2,0,5,0,5,-0.7355843845564696,-0.3355134013125668,2024-2025
need inclusive,2,0,5,0,5,-0.7355843845564696,-0.3355134013125668,2024-2025
pedagogical tool,2,0,5,0,5,-0.7355843845564696,-0.3355134013125668,2024-2025
manifests,1,0,5,0,5,-0.7355843845564696,-0.3355134013125668,2024-2025
chatbots chatgpt,2,0,5,0,5,-0.7355843845564696,-0.3355134013125668,2024-2025
captures,1,0,5,0,5,-0.7355843845564696,-0.3355134013125668,2024-2025
informed decision-making,2,0,5,0,5,-0.7355843845564696,-0.3355134013125668,2024-2025
group experimental,2,0,5,0,5,-0.7355843845564696,-0.3355134013125668,2024-2025
group showed,2,0,5,0,5,-0.7355843845564696,-0.3355134013125668,2024-2025
paving way,2,0,5,0,5,-0.7355843845564696,-0.3355134013125668,2024-2025
chatgpt adoption,2,0,5,0,5,-0.7355843845564696,-0.3355134013125668,2024-2025
thirty,1,0,5,0,5,-0.7355843845564696,-0.3355134013125668,2024-2025
need cultivate,2,0,5,0,5,-0.7355843845564696,-0.3355134013125668,2024-2025
background rapid,2,0,5,0,5,-0.7355843845564696,-0.3355134013125668,2024-2025
chatgpt enhancing,2,0,5,0,5,-0.7355843845564696,-0.3355134013125668,2024-2025
good bad,2,0,5,0,5,-0.7355843845564696,-0.3355134013125668,2024-2025
perceiving,1,0,5,0,5,-0.7355843845564696,-0.3355134013125668,2024-2025
think critically,2,0,5,0,5,-0.7355843845564696,-0.3355134013125668,2024-2025
goodness,1,0,5,0,5,-0.7355843845564696,-0.3355134013125668,2024-2025
goodness fit,2,0,5,0,5,-0.7355843845564696,-0.3355134013125668,2024-2025
perceived relevance,2,0,5,0,5,-0.7355843845564696,-0.3355134013125668,2024-2025
structured support,2,0,5,0,5,-0.7355843845564696,-0.3355134013125668,2024-2025
governance structures,2,0,5,0,5,-0.7355843845564696,-0.3355134013125668,2024-2025
chatgpt chatgpt,2,0,5,0,5,-0.7355843845564696,-0.3355134013125668,2024-2025
need balanced,2,0,5,0,5,-0.7355843845564696,-0.3355134013125668,2024-2025
supportive tool,2,0,5,0,5,-0.7355843845564696,-0.3355134013125668,2024-2025
instant feedback,2,0,5,0,5,-0.7355843845564696,-0.3355134013125668,2024-2025
instant,1,0,5,0,5,-0.7355843845564696,-0.3355134013125668,2024-2025
insights tools,2,0,5,0,5,-0.7355843845564696,-0.3355134013125668,2024-2025
insights recommendations,2,0,5,0,5,-0.7355843845564696,-0.3355134013125668,2024-2025
governmental,1,0,5,0,5,-0.7355843845564696,-0.3355134013125668,2024-2025
backdrop,1,0,5,0,5,-0.7355843845564696,-0.3355134013125668,2024-2025
chatgpt applications,2,0,5,0,5,-0.7355843845564696,-0.3355134013125668,2024-2025
structured survey,2,0,5,0,5,-0.7355843845564696,-0.3355134013125668,2024-2025
paving,1,0,5,0,5,-0.7355843845564696,-0.3355134013125668,2024-2025
information searching,2,0,5,0,5,-0.7355843845564696,-0.3355134013125668,2024-2025
benefits mitigating,2,0,5,0,5,-0.7355843845564696,-0.3355134013125668,2024-2025
growing presence,2,0,5,0,5,-0.7355843845564696,-0.3355134013125668,2024-2025
hands-on training,2,0,5,0,5,-0.7355843845564696,-0.3355134013125668,2024-2025
low-resource,1,0,5,0,5,-0.7355843845564696,-0.3355134013125668,2024-2025
tool assessing,2,0,5,0,5,-0.7355843845564696,-0.3355134013125668,2024-2025
individuals society,2,0,5,0,5,-0.7355843845564696,-0.3355134013125668,2024-2025
chapter focuses,2,0,5,0,5,-0.7355843845564696,-0.3355134013125668,2024-2025
particularly chatgpt,2,0,5,0,5,-0.7355843845564696,-0.3355134013125668,2024-2025
health policy,2,0,5,0,5,-0.7355843845564696,-0.3355134013125668,2024-2025
addressing limitations,2,0,5,0,5,-0.7355843845564696,-0.3355134013125668,2024-2025
particularly areas,2,0,5,0,5,-0.7355843845564696,-0.3355134013125668,2024-2025
subject areas,2,0,5,0,5,-0.7355843845564696,-0.3355134013125668,2024-2025
language programs,2,0,5,0,5,-0.7355843845564696,-0.3355134013125668,2024-2025
technological advancement,2,0,5,0,5,-0.7355843845564696,-0.3355134013125668,2024-2025
chapter delves,2,0,5,0,5,-0.7355843845564696,-0.3355134013125668,2024-2025
participated online,2,0,5,0,5,-0.7355843845564696,-0.3355134013125668,2024-2025
subjected,1,0,5,0,5,-0.7355843845564696,-0.3355134013125668,2024-2025
indicate high,2,0,5,0,5,-0.7355843845564696,-0.3355134013125668,2024-2025
categorizes,1,0,5,0,5,-0.7355843845564696,-0.3355134013125668,2024-2025
increasingly ubiquitous,2,0,5,0,5,-0.7355843845564696,-0.3355134013125668,2024-2025
categorizing,1,0,5,0,5,-0.7355843845564696,-0.3355134013125668,2024-2025
participants perceptions,2,0,5,0,5,-0.7355843845564696,-0.3355134013125668,2024-2025
liability,1,0,5,0,5,-0.7355843845564696,-0.3355134013125668,2024-2025
subgroup,1,0,5,0,5,-0.7355843845564696,-0.3355134013125668,2024-2025
actually,1,0,5,0,5,-0.7355843845564696,-0.3355134013125668,2024-2025
industry needs,2,0,5,0,5,-0.7355843845564696,-0.3355134013125668,2024-2025
influence performance,2,0,5,0,5,-0.7355843845564696,-0.3355134013125668,2024-2025
grown,1,0,5,0,5,-0.7355843845564696,-0.3355134013125668,2024-2025
life crucial,2,0,5,0,5,-0.7355843845564696,-0.3355134013125668,2024-2025
needed navigate,2,0,5,0,5,-0.7355843845564696,-0.3355134013125668,2024-2025
care delivery,2,0,5,0,5,-0.7355843845564696,-0.3355134013125668,2024-2025
language educators,2,0,5,0,5,-0.7355843845564696,-0.3355134013125668,2024-2025
character,1,0,5,0,5,-0.7355843845564696,-0.3355134013125668,2024-2025
negotiating,1,0,5,0,5,-0.7355843845564696,-0.3355134013125668,2024-2025
guidelines ensure,2,0,5,0,5,-0.7355843845564696,-0.3355134013125668,2024-2025
negotiation,1,0,5,0,5,-0.7355843845564696,-0.3355134013125668,2024-2025
guidelines ethical,2,0,5,0,5,-0.7355843845564696,-0.3355134013125668,2024-2025
language like,2,0,5,0,5,-0.7355843845564696,-0.3355134013125668,2024-2025
influence perceptions,2,0,5,0,5,-0.7355843845564696,-0.3355134013125668,2024-2025
language esl,2,0,5,0,5,-0.7355843845564696,-0.3355134013125668,2024-2025
studio,1,0,5,0,5,-0.7355843845564696,-0.3355134013125668,2024-2025
influence academic,2,0,5,0,5,-0.7355843845564696,-0.3355134013125668,2024-2025
automatically,1,0,5,0,5,-0.7355843845564696,-0.3355134013125668,2024-2025
automated feedback,2,0,5,0,5,-0.7355843845564696,-0.3355134013125668,2024-2025
transformational,1,0,5,0,5,-0.7355843845564696,-0.3355134013125668,2024-2025
target groups,2,0,5,0,5,-0.7355843845564696,-0.3355134013125668,2024-2025
language instruction,2,0,5,0,5,-0.7355843845564696,-0.3355134013125668,2024-2025
transitioning,1,0,5,0,5,-0.7355843845564696,-0.3355134013125668,2024-2025
barriers included,2,0,5,0,5,-0.7355843845564696,-0.3355134013125668,2024-2025
communication strategies,2,0,5,0,5,-0.7355843845564696,-0.3355134013125668,2024-2025
specific competencies,2,0,5,0,5,-0.7355843845564696,-0.3355134013125668,2024-2025
readiness adoption,2,0,5,0,5,-0.7355843845564696,-0.3355134013125668,2024-2025
validated instruments,2,0,5,0,5,-0.7355843845564696,-0.3355134013125668,2024-2025
degradation,1,0,5,0,5,-0.7355843845564696,-0.3355134013125668,2024-2025
review slr,2,0,5,0,5,-0.7355843845564696,-0.3355134013125668,2024-2025
specialties,1,0,5,0,5,-0.7355843845564696,-0.3355134013125668,2024-2025
promoting responsible,2,0,5,0,5,-0.7355843845564696,-0.3355134013125668,2024-2025
ethical pedagogically,2,0,5,0,5,-0.7355843845564696,-0.3355134013125668,2024-2025
competencies effective,2,0,5,0,5,-0.7355843845564696,-0.3355134013125668,2024-2025
promote equitable,2,0,5,0,5,-0.7355843845564696,-0.3355134013125668,2024-2025
embase,1,0,5,0,5,-0.7355843845564696,-0.3355134013125668,2024-2025
cohesive,1,0,5,0,5,-0.7355843845564696,-0.3355134013125668,2024-2025
decisive,1,0,5,0,5,-0.7355843845564696,-0.3355134013125668,2024-2025
promise enhancing,2,0,5,0,5,-0.7355843845564696,-0.3355134013125668,2024-2025
elucidates,1,0,5,0,5,-0.7355843845564696,-0.3355134013125668,2024-2025
prominence,1,0,5,0,5,-0.7355843845564696,-0.3355134013125668,2024-2025
concerns lack,2,0,5,0,5,-0.7355843845564696,-0.3355134013125668,2024-2025
competencies critical,2,0,5,0,5,-0.7355843845564696,-0.3355134013125668,2024-2025
revisiting,1,0,5,0,5,-0.7355843845564696,-0.3355134013125668,2024-2025
relating,1,0,5,0,5,-0.7355843845564696,-0.3355134013125668,2024-2025
project designed,2,0,5,0,5,-0.7355843845564696,-0.3355134013125668,2024-2025
applications healthcare,2,0,5,0,5,-0.7355843845564696,-0.3355134013125668,2024-2025
revolutionary,1,0,5,0,5,-0.7355843845564696,-0.3355134013125668,2024-2025
analyses showed,2,0,5,0,5,-0.7355843845564696,-0.3355134013125668,2024-2025
adoption strategies,2,0,5,0,5,-0.7355843845564696,-0.3355134013125668,2024-2025
ethical equitable,2,0,5,0,5,-0.7355843845564696,-0.3355134013125668,2024-2025
delineates,1,0,5,0,5,-0.7355843845564696,-0.3355134013125668,2024-2025
essential component,2,0,5,0,5,-0.7355843845564696,-0.3355134013125668,2024-2025
appeal,1,0,5,0,5,-0.7355843845564696,-0.3355134013125668,2024-2025
weight,1,0,5,0,5,-0.7355843845564696,-0.3355134013125668,2024-2025
demonstrated significantly,2,0,5,0,5,-0.7355843845564696,-0.3355134013125668,2024-2025
revealed positive,2,0,5,0,5,-0.7355843845564696,-0.3355134013125668,2024-2025
demonstrated improvements,2,0,5,0,5,-0.7355843845564696,-0.3355134013125668,2024-2025
essential future,2,0,5,0,5,-0.7355843845564696,-0.3355134013125668,2024-2025
essential preparing,2,0,5,0,5,-0.7355843845564696,-0.3355134013125668,2024-2025
dimensions awareness,2,0,5,0,5,-0.7355843845564696,-0.3355134013125668,2024-2025
establishes,1,0,5,0,5,-0.7355843845564696,-0.3355134013125668,2024-2025
university united,2,0,5,0,5,-0.7355843845564696,-0.3355134013125668,2024-2025
relationships constructs,2,0,5,0,5,-0.7355843845564696,-0.3355134013125668,2024-2025
emerging challenges,2,0,5,0,5,-0.7355843845564696,-0.3355134013125668,2024-2025
combat,1,0,5,0,5,-0.7355843845564696,-0.3355134013125668,2024-2025
university participated,2,0,5,0,5,-0.7355843845564696,-0.3355134013125668,2024-2025
aiding,1,0,5,0,5,-0.7355843845564696,-0.3355134013125668,2024-2025
ethical behavior,2,0,5,0,5,-0.7355843845564696,-0.3355134013125668,2024-2025
university new,2,0,5,0,5,-0.7355843845564696,-0.3355134013125668,2024-2025
delve,1,0,5,0,5,-0.7355843845564696,-0.3355134013125668,2024-2025
early adopters,2,0,5,0,5,-0.7355843845564696,-0.3355134013125668,2024-2025
review followed,2,0,5,0,5,-0.7355843845564696,-0.3355134013125668,2024-2025
showed strong,2,0,5,0,5,-0.7355843845564696,-0.3355134013125668,2024-2025
elicited,1,0,5,0,5,-0.7355843845564696,-0.3355134013125668,2024-2025
underutilized,1,0,5,0,5,-0.7355843845564696,-0.3355134013125668,2024-2025
spheres,1,0,5,0,5,-0.7355843845564696,-0.3355134013125668,2024-2025
ai-related training,2,0,5,0,5,-0.7355843845564696,-0.3355134013125668,2024-2025
exam preparation,2,0,5,0,5,-0.7355843845564696,-0.3355134013125668,2024-2025
slight,1,0,5,0,5,-0.7355843845564696,-0.3355134013125668,2024-2025
efl contexts,2,0,5,0,5,-0.7355843845564696,-0.3355134013125668,2024-2025
professional contexts,2,0,5,0,5,-0.7355843845564696,-0.3355134013125668,2024-2025
wisely,1,0,5,0,5,-0.7355843845564696,-0.3355134013125668,2024-2025
combining quantitative,2,0,5,0,5,-0.7355843845564696,-0.3355134013125668,2024-2025
collection tools,2,0,5,0,5,-0.7355843845564696,-0.3355134013125668,2024-2025
exceed,1,0,5,0,5,-0.7355843845564696,-0.3355134013125668,2024-2025
data-driven decision-making,2,0,5,0,5,-0.7355843845564696,-0.3355134013125668,2024-2025
conclusion chatgpt,2,0,5,0,5,-0.7355843845564696,-0.3355134013125668,2024-2025
specific needs,2,0,5,0,5,-0.7355843845564696,-0.3355134013125668,2024-2025
adoption healthcare,2,0,5,0,5,-0.7355843845564696,-0.3355134013125668,2024-2025
registered,1,0,5,0,5,-0.7355843845564696,-0.3355134013125668,2024-2025
academic databases,2,0,5,0,5,-0.7355843845564696,-0.3355134013125668,2024-2025
valuable resource,2,0,5,0,5,-0.7355843845564696,-0.3355134013125668,2024-2025
safeguard,1,0,5,0,5,-0.7355843845564696,-0.3355134013125668,2024-2025
exemplified,1,0,5,0,5,-0.7355843845564696,-0.3355134013125668,2024-2025
unequal,1,0,5,0,5,-0.7355843845564696,-0.3355134013125668,2024-2025
regionally,1,0,5,0,5,-0.7355843845564696,-0.3355134013125668,2024-2025
china japan,2,0,5,0,5,-0.7355843845564696,-0.3355134013125668,2024-2025
safely effectively,2,0,5,0,5,-0.7355843845564696,-0.3355134013125668,2024-2025
specifically designed,2,0,5,0,5,-0.7355843845564696,-0.3355134013125668,2024-2025
proficiency critical,2,0,5,0,5,-0.7355843845564696,-0.3355134013125668,2024-2025
dbr,1,0,5,0,5,-0.7355843845564696,-0.3355134013125668,2024-2025
concise,1,0,5,0,5,-0.7355843845564696,-0.3355134013125668,2024-2025
programs prepare,2,0,5,0,5,-0.7355843845564696,-0.3355134013125668,2024-2025
disclose,1,0,5,0,5,-0.7355843845564696,-0.3355134013125668,2024-2025
elevate,1,0,5,0,5,-0.7355843845564696,-0.3355134013125668,2024-2025
disclosing,1,0,5,0,5,-0.7355843845564696,-0.3355134013125668,2024-2025
decision-making patient,2,0,5,0,5,-0.7355843845564696,-0.3355134013125668,2024-2025
decision-making ethical,2,0,5,0,5,-0.7355843845564696,-0.3355134013125668,2024-2025
real-time feedback,2,0,5,0,5,-0.7355843845564696,-0.3355134013125668,2024-2025
decision-making critical,2,0,5,0,5,-0.7355843845564696,-0.3355134013125668,2024-2025
evaluating creating,2,0,5,0,5,-0.7355843845564696,-0.3355134013125668,2024-2025
cognitive offloading,2,0,5,0,5,-0.7355843845564696,-0.3355134013125668,2024-2025
concerns plagiarism,2,0,5,0,5,-0.7355843845564696,-0.3355134013125668,2024-2025
specific strategies,2,0,5,0,5,-0.7355843845564696,-0.3355134013125668,2024-2025
rising,1,0,5,0,5,-0.7355843845564696,-0.3355134013125668,2024-2025
applying generative,2,0,5,0,5,-0.7355843845564696,-0.3355134013125668,2024-2025
wilcoxon,1,0,5,0,5,-0.7355843845564696,-0.3355134013125668,2024-2025
risks academic,2,0,5,0,5,-0.7355843845564696,-0.3355134013125668,2024-2025
risks ethical,2,0,5,0,5,-0.7355843845564696,-0.3355134013125668,2024-2025
unfamiliar,1,0,5,0,5,-0.7355843845564696,-0.3355134013125668,2024-2025
evidence-based insights,2,0,5,0,5,-0.7355843845564696,-0.3355134013125668,2024-2025
specifically chatgpt,2,0,5,0,5,-0.7355843845564696,-0.3355134013125668,2024-2025
evolves,1,0,5,0,5,-0.7355843845564696,-0.3355134013125668,2024-2025
accept,1,0,5,0,5,-0.7355843845564696,-0.3355134013125668,2024-2025
provide evidence,2,0,5,0,5,-0.7355843845564696,-0.3355134013125668,2024-2025
revealed key,2,0,5,0,5,-0.7355843845564696,-0.3355134013125668,2024-2025
resist,1,0,5,0,5,-0.7355843845564696,-0.3355134013125668,2024-2025
aim cultivate,2,0,5,0,5,-0.7355843845564696,-0.3355134013125668,2024-2025
user satisfaction,2,0,5,0,5,-0.7355843845564696,-0.3355134013125668,2024-2025
visions,1,0,5,0,5,-0.7355843845564696,-0.3355134013125668,2024-2025
researchers seeking,2,0,5,0,5,-0.7355843845564696,-0.3355134013125668,2024-2025
differential,1,0,5,0,5,-0.7355843845564696,-0.3355134013125668,2024-2025
signs,1,0,5,0,5,-0.7355843845564696,-0.3355134013125668,2024-2025
usage attitudes,2,0,5,0,5,-0.7355843845564696,-0.3355134013125668,2024-2025
despite recognizing,2,0,5,0,5,-0.7355843845564696,-0.3355134013125668,2024-2025
resilient,1,0,5,0,5,-0.7355843845564696,-0.3355134013125668,2024-2025
empirically validated,2,0,5,0,5,-0.7355843845564696,-0.3355134013125668,2024-2025
significantly mediated,2,0,5,0,5,-0.7355843845564696,-0.3355134013125668,2024-2025
emotional responses,2,0,5,0,5,-0.7355843845564696,-0.3355134013125668,2024-2025
enhance educators,2,0,5,0,5,-0.7355843845564696,-0.3355134013125668,2024-2025
differentiation,1,0,5,0,5,-0.7355843845564696,-0.3355134013125668,2024-2025
completed survey,2,0,5,0,5,-0.7355843845564696,-0.3355134013125668,2024-2025
empirical validation,2,0,5,0,5,-0.7355843845564696,-0.3355134013125668,2024-2025
remains unclear,2,0,5,0,5,-0.7355843845564696,-0.3355134013125668,2024-2025
designed support,2,0,5,0,5,-0.7355843845564696,-0.3355134013125668,2024-2025
enhance nursing,2,0,5,0,5,-0.7355843845564696,-0.3355134013125668,2024-2025
advanced tools,2,0,5,0,5,-0.7355843845564696,-0.3355134013125668,2024-2025
puts,1,0,5,0,5,-0.7355843845564696,-0.3355134013125668,2024-2025
respondents reported,2,0,5,0,5,-0.7355843845564696,-0.3355134013125668,2024-2025
quantitative collected,2,0,5,0,5,-0.7355843845564696,-0.3355134013125668,2024-2025
aim enhance,2,0,5,0,5,-0.7355843845564696,-0.3355134013125668,2024-2025
quantitative cross-sectional,2,0,5,0,5,-0.7355843845564696,-0.3355134013125668,2024-2025
remains uneven,2,0,5,0,5,-0.7355843845564696,-0.3355134013125668,2024-2025
reported high,2,0,5,0,5,-0.7355843845564696,-0.3355134013125668,2024-2025
vigilance,1,0,5,0,5,-0.7355843845564696,-0.3355134013125668,2024-2025
radically,1,0,5,0,5,-0.7355843845564696,-0.3355134013125668,2024-2025
complex interplay,2,0,5,0,5,-0.7355843845564696,-0.3355134013125668,2024-2025
user needs,2,0,5,0,5,-0.7355843845564696,-0.3355134013125668,2024-2025
enacting,1,0,5,0,5,-0.7355843845564696,-0.3355134013125668,2024-2025
diaries,1,0,5,0,5,-0.7355843845564696,-0.3355134013125668,2024-2025
encourage critical,2,0,5,0,5,-0.7355843845564696,-0.3355134013125668,2024-2025
questionnaire distributed,2,0,5,0,5,-0.7355843845564696,-0.3355134013125668,2024-2025
collected structured,2,0,5,0,5,-0.7355843845564696,-0.3355134013125668,2024-2025
aimed develop,2,0,5,0,5,-0.7355843845564696,-0.3355134013125668,2024-2025
renewed,1,0,5,0,5,-0.7355843845564696,-0.3355134013125668,2024-2025
advancement generative,2,0,5,0,5,-0.7355843845564696,-0.3355134013125668,2024-2025
usage generative,2,0,5,0,5,-0.7355843845564696,-0.3355134013125668,2024-2025
engagement critical,2,0,5,0,5,-0.7355843845564696,-0.3355134013125668,2024-2025
develop strategies,2,0,5,0,5,-0.7355843845564696,-0.3355134013125668,2024-2025
develop new,2,0,5,0,5,-0.7355843845564696,-0.3355134013125668,2024-2025
develop effective,2,0,5,0,5,-0.7355843845564696,-0.3355134013125668,2024-2025
develop digital,2,0,5,0,5,-0.7355843845564696,-0.3355134013125668,2024-2025
analyze relationships,2,0,5,0,5,-0.7355843845564696,-0.3355134013125668,2024-2025
quantitatively,1,0,5,0,5,-0.7355843845564696,-0.3355134013125668,2024-2025
pursue,1,0,5,0,5,-0.7355843845564696,-0.3355134013125668,2024-2025
computer interaction,2,0,5,0,5,-0.7355843845564696,-0.3355134013125668,2024-2025
sophistication,1,0,5,0,5,-0.7355843845564696,-0.3355134013125668,2024-2025
sites,1,0,5,0,5,-0.7355843845564696,-0.3355134013125668,2024-2025
conceptualise,1,0,5,0,5,-0.7355843845564696,-0.3355134013125668,2024-2025
envisioning,1,0,5,0,5,-0.7355843845564696,-0.3355134013125668,2024-2025
relies,1,0,5,0,5,-0.7355843845564696,-0.3355134013125668,2024-2025
equal access,2,0,5,0,5,-0.7355843845564696,-0.3355134013125668,2024-2025
southeastern,1,0,5,0,5,-0.7355843845564696,-0.3355134013125668,2024-2025
equip future,2,0,5,0,5,-0.7355843845564696,-0.3355134013125668,2024-2025
significantly enhanced,2,0,5,0,5,-0.7355843845564696,-0.3355134013125668,2024-2025
situating,1,0,5,0,5,-0.7355843845564696,-0.3355134013125668,2024-2025
provides implications,2,0,5,0,5,-0.7355843845564696,-0.3355134013125668,2024-2025
equipping future,2,0,5,0,5,-0.7355843845564696,-0.3355134013125668,2024-2025
warning,1,0,5,0,5,-0.7355843845564696,-0.3355134013125668,2024-2025
equitable effective,2,0,5,0,5,-0.7355843845564696,-0.3355134013125668,2024-2025
rapidly changing,2,0,5,0,5,-0.7355843845564696,-0.3355134013125668,2024-2025
significantly affects,2,0,5,0,5,-0.7355843845564696,-0.3355134013125668,2024-2025
weaker,1,0,5,0,5,-0.7355843845564696,-0.3355134013125668,2024-2025
deploy,1,0,5,0,5,-0.7355843845564696,-0.3355134013125668,2024-2025
provide new,2,0,5,0,5,-0.7355843845564696,-0.3355134013125668,2024-2025
error detection,2,0,5,0,5,-0.7355843845564696,-0.3355134013125668,2024-2025
week intervention,2,0,5,0,5,-0.7355843845564696,-0.3355134013125668,2024-2025
anxiety scale,2,0,5,0,5,-0.7355843845564696,-0.3355134013125668,2024-2025
especially generative,2,0,5,0,5,-0.7355843845564696,-0.3355134013125668,2024-2025
collaborative environments,2,0,5,0,5,-0.7355843845564696,-0.3355134013125668,2024-2025
design adopted,2,0,5,0,5,-0.7355843845564696,-0.3355134013125668,2024-2025
enhancing decision-making,2,0,5,0,5,-0.7355843845564696,-0.3355134013125668,2024-2025
rapid pace,2,0,5,0,5,-0.7355843845564696,-0.3355134013125668,2024-2025
randomly assigned,2,0,5,0,5,-0.7355843845564696,-0.3355134013125668,2024-2025
users perceptions,2,0,5,0,5,-0.7355843845564696,-0.3355134013125668,2024-2025
responses collected,2,0,5,0,5,-0.7355843845564696,-0.3355134013125668,2024-2025
enhancing experiences,2,0,5,0,5,-0.7355843845564696,-0.3355134013125668,2024-2025
enhancing outcomes,2,0,5,0,5,-0.7355843845564696,-0.3355134013125668,2024-2025
uses genai,2,0,5,0,5,-0.7355843845564696,-0.3355134013125668,2024-2025
design develop,2,0,5,0,5,-0.7355843845564696,-0.3355134013125668,2024-2025
emphasizing ethical,2,0,5,0,5,-0.7355843845564696,-0.3355134013125668,2024-2025
ushered,1,0,5,0,5,-0.7355843845564696,-0.3355134013125668,2024-2025
ensure enhances,2,0,5,0,5,-0.7355843845564696,-0.3355134013125668,2024-2025
annual,1,0,5,0,5,-0.7355843845564696,-0.3355134013125668,2024-2025
publication trends,2,0,5,0,5,-0.7355843845564696,-0.3355134013125668,2024-2025
responses participants,2,0,5,0,5,-0.7355843845564696,-0.3355134013125668,2024-2025
emphasizes necessity,2,0,5,0,5,-0.7355843845564696,-0.3355134013125668,2024-2025
design cross-sectional,2,0,5,0,5,-0.7355843845564696,-0.3355134013125668,2024-2025
entails,1,0,5,0,5,-0.7355843845564696,-0.3355134013125668,2024-2025
enter,1,0,5,0,5,-0.7355843845564696,-0.3355134013125668,2024-2025
public perceptions,2,0,5,0,5,-0.7355843845564696,-0.3355134013125668,2024-2025
rapid emergence,2,0,5,0,5,-0.7355843845564696,-0.3355134013125668,2024-2025
collaborator,1,0,5,0,5,-0.7355843845564696,-0.3355134013125668,2024-2025
remain limited,2,0,5,0,5,-0.7355843845564696,-0.3355134013125668,2024-2025
real-world scenarios,2,0,5,0,5,-0.7355843845564696,-0.3355134013125668,2024-2025
coefficient,1,0,5,0,5,-0.7355843845564696,-0.3355134013125668,2024-2025
recognise,1,0,5,0,5,-0.7355843845564696,-0.3355134013125668,2024-2025
ai-driven healthcare,2,0,5,0,5,-0.7355843845564696,-0.3355134013125668,2024-2025
confusion,1,0,5,0,5,-0.7355843845564696,-0.3355134013125668,2024-2025
advantages disadvantages,2,0,5,0,5,-0.7355843845564696,-0.3355134013125668,2024-2025
statistically improvements,2,0,5,0,5,-0.7355843845564696,-0.3355134013125668,2024-2025
fostering pre-service,2,0,5,0,5,-0.7355843845564696,-0.3355134013125668,2024-2025
context rapid,2,0,5,0,5,-0.7355843845564696,-0.3355134013125668,2024-2025
ambivalent,1,0,5,0,5,-0.7355843845564696,-0.3355134013125668,2024-2025
current genai,2,0,5,0,5,-0.7355843845564696,-0.3355134013125668,2024-2025
educators particularly,2,0,5,0,5,-0.7355843845564696,-0.3355134013125668,2024-2025
correlational design,2,0,5,0,5,-0.7355843845564696,-0.3355134013125668,2024-2025
possibly,1,0,5,0,5,-0.7355843845564696,-0.3355134013125668,2024-2025
clear ethical,2,0,5,0,5,-0.7355843845564696,-0.3355134013125668,2024-2025
pre-training,1,0,5,0,5,-0.7355843845564696,-0.3355134013125668,2024-2025
screened,1,0,5,0,5,-0.7355843845564696,-0.3355134013125668,2024-2025
correlation regression,2,0,5,0,5,-0.7355843845564696,-0.3355134013125668,2024-2025
absent,1,0,5,0,5,-0.7355843845564696,-0.3355134013125668,2024-2025
fostering creativity,2,0,5,0,5,-0.7355843845564696,-0.3355134013125668,2024-2025
articulated,1,0,5,0,5,-0.7355843845564696,-0.3355134013125668,2024-2025
correction,1,0,5,0,5,-0.7355843845564696,-0.3355134013125668,2024-2025
contexts including,2,0,5,0,5,-0.7355843845564696,-0.3355134013125668,2024-2025
statistically improvement,2,0,5,0,5,-0.7355843845564696,-0.3355134013125668,2024-2025
fostering secondary,2,0,5,0,5,-0.7355843845564696,-0.3355134013125668,2024-2025
writing higher,2,0,5,0,5,-0.7355843845564696,-0.3355134013125668,2024-2025
factor analyses,2,0,5,0,5,-0.7355843845564696,-0.3355134013125668,2024-2025
creative applications,2,0,5,0,5,-0.7355843845564696,-0.3355134013125668,2024-2025
ability provide,2,0,5,0,5,-0.7355843845564696,-0.3355134013125668,2024-2025
positively predicted,2,0,5,0,5,-0.7355843845564696,-0.3355134013125668,2024-2025
understanding algorithms,2,0,5,0,5,-0.7355843845564696,-0.3355134013125668,2024-2025
create engaging,2,0,5,0,5,-0.7355843845564696,-0.3355134013125668,2024-2025
secure,1,0,5,0,5,-0.7355843845564696,-0.3355134013125668,2024-2025
fosters critical,2,0,5,0,5,-0.7355843845564696,-0.3355134013125668,2024-2025
clearly,1,0,5,0,5,-0.7355843845564696,-0.3355134013125668,2024-2025
preparing ai-driven,2,0,5,0,5,-0.7355843845564696,-0.3355134013125668,2024-2025
diverse range,2,0,5,0,5,-0.7355843845564696,-0.3355134013125668,2024-2025
clearer,1,0,5,0,5,-0.7355843845564696,-0.3355134013125668,2024-2025
courses enhance,2,0,5,0,5,-0.7355843845564696,-0.3355134013125668,2024-2025
common themes,2,0,5,0,5,-0.7355843845564696,-0.3355134013125668,2024-2025
understanding ability,2,0,5,0,5,-0.7355843845564696,-0.3355134013125668,2024-2025
aged years,2,0,5,0,5,-0.7355843845564696,-0.3355134013125668,2024-2025
recent work,2,0,5,0,5,-0.7355843845564696,-0.3355134013125668,2024-2025
static,1,0,5,0,5,-0.7355843845564696,-0.3355134013125668,2024-2025
duties,1,0,5,0,5,-0.7355843845564696,-0.3355134013125668,2024-2025
classroom practice,2,0,5,0,5,-0.7355843845564696,-0.3355134013125668,2024-2025
core values,2,0,5,0,5,-0.7355843845564696,-0.3355134013125668,2024-2025
science database,2,0,5,0,5,-0.7355843845564696,-0.3355134013125668,2024-2025
classroom observations,2,0,5,0,5,-0.7355843845564696,-0.3355134013125668,2024-2025
secondly,1,0,5,0,5,-0.7355843845564696,-0.3355134013125668,2024-2025
forward-looking,1,0,5,0,5,-0.7355843845564696,-0.3355134013125668,2024-2025
coming years,2,0,5,0,5,-0.7355843845564696,-0.3355134013125668,2024-2025
practice-based,1,0,5,0,5,-0.7355843845564696,-0.3355134013125668,2024-2025
practice remains,2,0,5,0,5,-0.7355843845564696,-0.3355134013125668,2024-2025
accomplish,1,0,5,0,5,-0.7355843845564696,-0.3355134013125668,2024-2025
accordance,1,0,5,0,5,-0.7355843845564696,-0.3355134013125668,2024-2025
written reflections,2,0,5,0,5,-0.7355843845564696,-0.3355134013125668,2024-2025
contribute ongoing,2,0,5,0,5,-0.7355843845564696,-0.3355134013125668,2024-2025
practical strategies,2,0,5,0,5,-0.7355843845564696,-0.3355134013125668,2024-2025
post-survey,1,0,5,0,5,-0.7355843845564696,-0.3355134013125668,2024-2025
choosing,1,0,5,0,5,-0.7355843845564696,-0.3355134013125668,2024-2025
drawing empirical,2,0,5,0,5,-0.7355843845564696,-0.3355134013125668,2024-2025
contribute broader,2,0,5,0,5,-0.7355843845564696,-0.3355134013125668,2024-2025
drawing insights,2,0,5,0,5,-0.7355843845564696,-0.3355134013125668,2024-2025
underlining,1,0,5,0,5,-0.7355843845564696,-0.3355134013125668,2024-2025
underline,1,0,5,0,5,-0.7355843845564696,-0.3355134013125668,2024-2025
practical challenges,2,0,5,0,5,-0.7355843845564696,-0.3355134013125668,2024-2025
sectors society,2,0,5,0,5,-0.7355843845564696,-0.3355134013125668,2024-2025
ai-based technologies,2,0,5,0,5,-0.7355843845564696,-0.3355134013125668,2024-2025
practices particularly,2,0,5,0,5,-0.7355843845564696,-0.3355134013125668,2024-2025
writing tool,2,0,5,0,5,-0.7355843845564696,-0.3355134013125668,2024-2025
foster positive,2,0,5,0,5,-0.7355843845564696,-0.3355134013125668,2024-2025
pre-service training,2,0,5,0,5,-0.7355843845564696,-0.3355134013125668,2024-2025
yield,1,0,5,0,5,-0.7355843845564696,-0.3355134013125668,2024-2025
little attention,2,0,5,0,5,-0.7355843845564696,-0.3355134013125668,2024-2025
feedback systems,2,0,5,0,5,-0.7355843845564696,-0.3355134013125668,2024-2025
advent generative,2,0,5,0,5,-0.7355843845564696,-0.3355134013125668,2024-2025
core concepts,2,0,5,0,5,-0.7355843845564696,-0.3355134013125668,2024-2025
feelings,1,0,5,0,5,-0.7355843845564696,-0.3355134013125668,2024-2025
cooperative,1,0,5,0,5,-0.7355843845564696,-0.3355134013125668,2024-2025
fields including,2,0,5,0,5,-0.7355843845564696,-0.3355134013125668,2024-2025
educators adapt,2,0,5,0,5,-0.7355843845564696,-0.3355134013125668,2024-2025
chinese universities,2,0,5,0,5,-0.7355843845564696,-0.3355134013125668,2024-2025
serves valuable,2,0,5,0,5,-0.7355843845564696,-0.3355134013125668,2024-2025
drive innovation,2,0,5,0,5,-0.7355843845564696,-0.3355134013125668,2024-2025
seeing,1,0,5,0,5,-0.7355843845564696,-0.3355134013125668,2024-2025
statistics correlation,2,0,5,0,5,-0.7355843845564696,-0.3355134013125668,2024-2025
smaller,1,0,5,0,5,-0.7355843845564696,-0.3355134013125668,2024-2025
continues reshape,2,0,5,0,5,-0.7355843845564696,-0.3355134013125668,2024-2025
various stakeholders,2,0,5,0,5,-0.7355843845564696,-0.3355134013125668,2024-2025
semistructured interviews,2,0,5,0,5,-0.7355843845564696,-0.3355134013125668,2024-2025
alleviating,1,0,5,0,5,-0.7355843845564696,-0.3355134013125668,2024-2025
effective generative,2,0,5,0,5,-0.7355843845564696,-0.3355134013125668,2024-2025
effectively navigate,2,0,5,0,5,-0.7355843845564696,-0.3355134013125668,2024-2025
prisma-scr guidelines,2,0,5,0,5,-0.7355843845564696,-0.3355134013125668,2024-2025
varying engagement,2,0,5,0,5,-0.7355843845564696,-0.3355134013125668,2024-2025
cross-cutting,1,0,5,0,5,-0.7355843845564696,-0.3355134013125668,2024-2025
critiquing,1,0,5,0,5,-0.7355843845564696,-0.3355134013125668,2024-2025
effectively utilize,2,0,5,0,5,-0.7355843845564696,-0.3355134013125668,2024-2025
critically ethically,2,0,5,0,5,-0.7355843845564696,-0.3355134013125668,2024-2025
scale scale,2,0,5,0,5,-0.7355843845564696,-0.3355134013125668,2024-2025
areas improvement,2,0,5,0,5,-0.7355843845564696,-0.3355134013125668,2024-2025
effectively integrating,2,0,5,0,5,-0.7355843845564696,-0.3355134013125668,2024-2025
work explore,2,0,5,0,5,-0.7355843845564696,-0.3355134013125668,2024-2025
scale validation,2,0,5,0,5,-0.7355843845564696,-0.3355134013125668,2024-2025
explorations,1,0,5,0,5,-0.7355843845564696,-0.3355134013125668,2024-2025
clinical settings,2,0,5,0,5,-0.7355843845564696,-0.3355134013125668,2024-2025
effectively incorporate,2,0,5,0,5,-0.7355843845564696,-0.3355134013125668,2024-2025
diverse academic,2,0,5,0,5,-0.7355843845564696,-0.3355134013125668,2024-2025
frameworks digital,2,0,5,0,5,-0.7355843845564696,-0.3355134013125668,2024-2025
adoption digital,2,0,5,0,5,-0.7355843845564696,-0.3355134013125668,2024-2025
critical pedagogy,2,0,5,0,5,-0.7355843845564696,-0.3355134013125668,2024-2025
work presents,2,0,5,0,5,-0.7355843845564696,-0.3355134013125668,2024-2025
saving,1,0,5,0,5,-0.7355843845564696,-0.3355134013125668,2024-2025
scant,1,0,5,0,5,-0.7355843845564696,-0.3355134013125668,2024-2025
fulfill,1,0,5,0,5,-0.7355843845564696,-0.3355134013125668,2024-2025
cultures,1,0,5,0,5,-0.7355843845564696,-0.3355134013125668,2024-2025
approaching,1,0,5,0,5,-0.7355843845564696,-0.3355134013125668,2024-2025
sampled,1,0,5,0,5,-0.7355843845564696,-0.3355134013125668,2024-2025
problem-solving abilities,2,0,5,0,5,-0.7355843845564696,-0.3355134013125668,2024-2025
spring,1,0,5,0,5,-0.7355843845564696,-0.3355134013125668,2024-2025
expansive,1,0,5,0,5,-0.7355843845564696,-0.3355134013125668,2024-2025
fully leverage,2,0,5,0,5,-0.7355843845564696,-0.3355134013125668,2024-2025
proactive engagement,2,0,5,0,5,-0.7355843845564696,-0.3355134013125668,2024-2025
early stages,2,0,5,0,5,-0.7355843845564696,-0.3355134013125668,2024-2025
conducted university,2,0,5,0,5,-0.7355843845564696,-0.3355134013125668,2024-2025
cultural contextual,2,0,5,0,5,-0.7355843845564696,-0.3355134013125668,2024-2025
private universities,2,0,5,0,5,-0.7355843845564696,-0.3355134013125668,2024-2025
recursive,1,0,5,0,5,-0.7355843845564696,-0.3355134013125668,2024-2025
redefine,1,0,5,0,5,-0.7355843845564696,-0.3355134013125668,2024-2025
privacy ethical,2,0,5,0,5,-0.7355843845564696,-0.3355134013125668,2024-2025
contain,1,0,5,0,5,-0.7355843845564696,-0.3355134013125668,2024-2025
dissatisfaction,1,0,5,0,5,-0.7355843845564696,-0.3355134013125668,2024-2025
closely linked,2,0,5,0,5,-0.7355843845564696,-0.3355134013125668,2024-2025
exploring chatgpt,2,0,5,0,5,-0.7355843845564696,-0.3355134013125668,2024-2025
explore factors,2,0,5,0,5,-0.7355843845564696,-0.3355134013125668,2024-2025
shape engagement,2,0,5,0,5,-0.7355843845564696,-0.3355134013125668,2024-2025
extracting,1,0,5,0,5,-0.7355843845564696,-0.3355134013125668,2024-2025
extension scoping,2,0,5,0,5,-0.7355843845564696,-0.3355134013125668,2024-2025
scenario-based,1,0,5,0,5,-0.7355843845564696,-0.3355134013125668,2024-2025
presents transformative,2,0,5,0,5,-0.7355843845564696,-0.3355134013125668,2024-2025
access resources,2,0,5,0,5,-0.7355843845564696,-0.3355134013125668,2024-2025
school conducted,2,0,5,0,5,-0.7355843845564696,-0.3355134013125668,2024-2025
agencies,1,0,5,0,5,-0.7355843845564696,-0.3355134013125668,2024-2025
frames,1,0,5,0,5,-0.7355843845564696,-0.3355134013125668,2024-2025
redefinition,1,0,5,0,5,-0.7355843845564696,-0.3355134013125668,2024-2025
effective prompt,2,0,5,0,5,-0.7355843845564696,-0.3355134013125668,2024-2025
extraction,1,0,5,0,5,-0.7355843845564696,-0.3355134013125668,2024-2025
regarding genai,2,0,5,0,5,-0.7355843845564696,-0.3355134013125668,2024-2025
understanding children,2,0,5,0,5,-0.7355843845564696,-0.3355134013125668,2024-2025
presents design,2,0,5,0,5,-0.7355843845564696,-0.3355134013125668,2024-2025
content accuracy,2,0,5,0,5,-0.7355843845564696,-0.3355134013125668,2024-2025
faced challenges,2,0,5,0,5,-0.7355843845564696,-0.3355134013125668,2024-2025
faced educators,2,0,5,0,5,-0.7355843845564696,-0.3355134013125668,2024-2025
recent advances,2,0,5,0,5,-0.7355843845564696,-0.3355134013125668,2024-2025
state-of-the-art,1,0,5,0,5,-0.7355843845564696,-0.3355134013125668,2024-2025
ai-generated responses,2,0,5,0,5,-0.7355843845564696,-0.3355134013125668,2024-2025
science courses,2,0,5,0,5,-0.7355843845564696,-0.3355134013125668,2024-2025
ai-human,1,0,5,0,5,-0.7355843845564696,-0.3355134013125668,2024-2025
access quality,2,0,5,0,5,-0.7355843845564696,-0.3355134013125668,2024-2025
undergraduate postgraduate,2,0,5,0,5,-0.7355843845564696,-0.3355134013125668,2024-2025
exploring new,2,0,5,0,5,-0.7355843845564696,-0.3355134013125668,2024-2025
regarding reliability,2,0,5,0,5,-0.7355843845564696,-0.3355134013125668,2024-2025
critical assessment,2,0,5,0,5,-0.7355843845564696,-0.3355134013125668,2024-2025
containing,1,0,5,0,5,-0.7355843845564696,-0.3355134013125668,2024-2025
academic backgrounds,2,0,5,0,5,-0.7355843845564696,-0.3355134013125668,2024-2025
adoption addressing,2,0,5,0,5,-0.7355843845564696,-0.3355134013125668,2024-2025
critical ensuring,2,0,5,0,5,-0.7355843845564696,-0.3355134013125668,2024-2025
scepticism,1,0,5,0,5,-0.7355843845564696,-0.3355134013125668,2024-2025
amidst,1,0,5,0,5,-0.7355843845564696,-0.3355134013125668,2024-2025
varying degrees,2,0,5,0,5,-0.7355843845564696,-0.3355134013125668,2024-2025
applied,1,3,87,3,80,-0.13264740619858895,-0.3359275971443286,2024-2025
following,1,3,87,3,86,-0.13264740619858895,-0.3359275971443286,2024-2025
patterns,1,4,112,3,90,-0.11663577563393179,-0.3376528668546588,2024-2025
presents,1,8,210,8,199,-0.0864041720044133,-0.3473669059331009,2024-2025
status,1,1,36,1,28,-0.2246867495024123,-0.3506043424996725,2024-2025
concern,1,1,36,1,34,-0.2246867495024123,-0.3506043424996725,2024-2025
optimize,1,1,36,1,35,-0.2246867495024123,-0.3506043424996725,2024-2025
reliable,1,1,36,1,33,-0.2246867495024123,-0.3506043424996725,2024-2025
holds,1,1,36,1,36,-0.2246867495024123,-0.3506043424996725,2024-2025
divide,1,1,36,1,26,-0.2246867495024123,-0.3506043424996725,2024-2025
narratives,1,1,36,1,26,-0.2246867495024123,-0.3506043424996725,2024-2025
confidence,1,5,138,4,104,-0.10998955098130825,-0.3545413271053026,2024-2025
feedback,1,8,211,6,138,-0.08866909547902857,-0.35694462260201454,2024-2025
adopt,1,2,63,1,51,-0.16919311820980631,-0.3584505954039658,2024-2025
ethically,1,2,63,2,57,-0.16919311820980631,-0.3584505954039658,2024-2025
replacing,1,0,6,0,6,-0.7355869682277536,-0.36753780742595715,2024-2025
academic practice,2,0,6,0,6,-0.7355869682277536,-0.36753780742595715,2024-2025
duration,1,0,6,0,5,-0.7355869682277536,-0.36753780742595715,2024-2025
differentiate,1,0,6,0,6,-0.7355869682277536,-0.36753780742595715,2024-2025
simplifying,1,0,6,0,6,-0.7355869682277536,-0.36753780742595715,2024-2025
drawings,1,0,6,0,5,-0.7355869682277536,-0.36753780742595715,2024-2025
eager,1,0,6,0,6,-0.7355869682277536,-0.36753780742595715,2024-2025
drawing recent,2,0,6,0,6,-0.7355869682277536,-0.36753780742595715,2024-2025
different domains,2,0,6,0,6,-0.7355869682277536,-0.36753780742595715,2024-2025
multimedia,1,0,6,0,6,-0.7355869682277536,-0.36753780742595715,2024-2025
disparity,1,0,6,0,6,-0.7355869682277536,-0.36753780742595715,2024-2025
remains challenge,2,0,6,0,6,-0.7355869682277536,-0.36753780742595715,2024-2025
digital communication,2,0,6,0,6,-0.7355869682277536,-0.36753780742595715,2024-2025
support diverse,2,0,6,0,6,-0.7355869682277536,-0.36753780742595715,2024-2025
support tools,2,0,6,0,5,-0.7355869682277536,-0.36753780742595715,2024-2025
relationship attitudes,2,0,6,0,6,-0.7355869682277536,-0.36753780742595715,2024-2025
competencies ethical,2,0,6,0,5,-0.7355869682277536,-0.36753780742595715,2024-2025
sixteen,1,0,6,0,6,-0.7355869682277536,-0.36753780742595715,2024-2025
need tailored,2,0,6,0,6,-0.7355869682277536,-0.36753780742595715,2024-2025
regarding academic,2,0,6,0,6,-0.7355869682277536,-0.36753780742595715,2024-2025
comparative fsqca,2,0,6,0,6,-0.7355869682277536,-0.36753780742595715,2024-2025
insights future,2,0,6,0,6,-0.7355869682277536,-0.36753780742595715,2024-2025
regarding integration,2,0,6,0,6,-0.7355869682277536,-0.36753780742595715,2024-2025
infrastructures,1,0,6,0,5,-0.7355869682277536,-0.36753780742595715,2024-2025
support responsible,2,0,6,0,6,-0.7355869682277536,-0.36753780742595715,2024-2025
inquiries,1,0,6,0,6,-0.7355869682277536,-0.36753780742595715,2024-2025
versatile,1,0,6,0,6,-0.7355869682277536,-0.36753780742595715,2024-2025
related generative,2,0,6,0,6,-0.7355869682277536,-0.36753780742595715,2024-2025
need enhance,2,0,6,0,6,-0.7355869682277536,-0.36753780742595715,2024-2025
discussed emphasizing,2,0,6,0,6,-0.7355869682277536,-0.36753780742595715,2024-2025
regarding tools,2,0,6,0,5,-0.7355869682277536,-0.36753780742595715,2024-2025
verbal,1,0,6,0,6,-0.7355869682277536,-0.36753780742595715,2024-2025
innovation ethics,2,0,6,0,6,-0.7355869682277536,-0.36753780742595715,2024-2025
need institutional,2,0,6,0,6,-0.7355869682277536,-0.36753780742595715,2024-2025
diminishing,1,0,6,0,6,-0.7355869682277536,-0.36753780742595715,2024-2025
dimensions including,2,0,6,0,6,-0.7355869682277536,-0.36753780742595715,2024-2025
dimensions digital,2,0,6,0,5,-0.7355869682277536,-0.36753780742595715,2024-2025
national library,2,0,6,0,6,-0.7355869682277536,-0.36753780742595715,2024-2025
digital divides,2,0,6,0,6,-0.7355869682277536,-0.36753780742595715,2024-2025
refers,1,0,6,0,6,-0.7355869682277536,-0.36753780742595715,2024-2025
draft,1,0,6,0,5,-0.7355869682277536,-0.36753780742595715,2024-2025
nation,1,0,6,0,5,-0.7355869682277536,-0.36753780742595715,2024-2025
careful consideration,2,0,6,0,6,-0.7355869682277536,-0.36753780742595715,2024-2025
time management,2,0,6,0,5,-0.7355869682277536,-0.36753780742595715,2024-2025
various ways,2,0,6,0,6,-0.7355869682277536,-0.36753780742595715,2024-2025
needs faculty,2,0,6,0,5,-0.7355869682277536,-0.36753780742595715,2024-2025
instructional approaches,2,0,6,0,6,-0.7355869682277536,-0.36753780742595715,2024-2025
institutions develop,2,0,6,0,6,-0.7355869682277536,-0.36753780742595715,2024-2025
diverse populations,2,0,6,0,5,-0.7355869682277536,-0.36753780742595715,2024-2025
reflective engagement,2,0,6,0,6,-0.7355869682277536,-0.36753780742595715,2024-2025
release chatgpt,2,0,6,0,6,-0.7355869682277536,-0.36753780742595715,2024-2025
versions,1,0,6,0,6,-0.7355869682277536,-0.36753780742595715,2024-2025
thinking abilities,2,0,6,0,5,-0.7355869682277536,-0.36753780742595715,2024-2025
bad,1,0,6,0,6,-0.7355869682277536,-0.36753780742595715,2024-2025
thinking collaboration,2,0,6,0,5,-0.7355869682277536,-0.36753780742595715,2024-2025
competency frameworks,2,0,6,0,5,-0.7355869682277536,-0.36753780742595715,2024-2025
information communication,2,0,6,0,6,-0.7355869682277536,-0.36753780742595715,2024-2025
information digital,2,0,6,0,5,-0.7355869682277536,-0.36753780742595715,2024-2025
complex landscape,2,0,6,0,6,-0.7355869682277536,-0.36753780742595715,2024-2025
functionalities,1,0,6,0,6,-0.7355869682277536,-0.36753780742595715,2024-2025
integrating ethical,2,0,6,0,6,-0.7355869682277536,-0.36753780742595715,2024-2025
scale gaais,2,0,6,0,6,-0.7355869682277536,-0.36753780742595715,2024-2025
manifested,1,0,6,0,6,-0.7355869682277536,-0.36753780742595715,2024-2025
critical questions,2,0,6,0,5,-0.7355869682277536,-0.36753780742595715,2024-2025
managed,1,0,6,0,5,-0.7355869682277536,-0.36753780742595715,2024-2025
male female,2,0,6,0,6,-0.7355869682277536,-0.36753780742595715,2024-2025
critical challenges,2,0,6,0,6,-0.7355869682277536,-0.36753780742595715,2024-2025
critical cail,2,0,6,0,6,-0.7355869682277536,-0.36753780742595715,2024-2025
malaysian,1,0,6,0,6,-0.7355869682277536,-0.36753780742595715,2024-2025
benefits limitations,2,0,6,0,6,-0.7355869682277536,-0.36753780742595715,2024-2025
school context,2,0,6,0,6,-0.7355869682277536,-0.36753780742595715,2024-2025
latent profile,2,0,6,0,5,-0.7355869682277536,-0.36753780742595715,2024-2025
confidence competence,2,0,6,0,6,-0.7355869682277536,-0.36753780742595715,2024-2025
adapt changing,2,0,6,0,6,-0.7355869682277536,-0.36753780742595715,2024-2025
school curricula,2,0,6,0,5,-0.7355869682277536,-0.36753780742595715,2024-2025
technologies effectively,2,0,6,0,6,-0.7355869682277536,-0.36753780742595715,2024-2025
layers,1,0,6,0,6,-0.7355869682277536,-0.36753780742595715,2024-2025
technology curriculum,2,0,6,0,5,-0.7355869682277536,-0.36753780742595715,2024-2025
labor market,2,0,6,0,6,-0.7355869682277536,-0.36753780742595715,2024-2025
maintenance,1,0,6,0,6,-0.7355869682277536,-0.36753780742595715,2024-2025
cultivate critical,2,0,6,0,6,-0.7355869682277536,-0.36753780742595715,2024-2025
technology-enhanced,1,0,6,0,6,-0.7355869682277536,-0.36753780742595715,2024-2025
ai-related courses,2,0,6,0,6,-0.7355869682277536,-0.36753780742595715,2024-2025
wish,1,0,6,0,6,-0.7355869682277536,-0.36753780742595715,2024-2025
database national,2,0,6,0,6,-0.7355869682277536,-0.36753780742595715,2024-2025
routines,1,0,6,0,6,-0.7355869682277536,-0.36753780742595715,2024-2025
conclusion offers,2,0,6,0,6,-0.7355869682277536,-0.36753780742595715,2024-2025
customization,1,0,6,0,5,-0.7355869682277536,-0.36753780742595715,2024-2025
concurrently,1,0,6,0,6,-0.7355869682277536,-0.36753780742595715,2024-2025
curricula address,2,0,6,0,6,-0.7355869682277536,-0.36753780742595715,2024-2025
conducive,1,0,6,0,6,-0.7355869682277536,-0.36753780742595715,2024-2025
current technological,2,0,6,0,6,-0.7355869682277536,-0.36753780742595715,2024-2025
current practices,2,0,6,0,6,-0.7355869682277536,-0.36753780742595715,2024-2025
benchmark,1,0,6,0,6,-0.7355869682277536,-0.36753780742595715,2024-2025
conducted online,2,0,6,0,6,-0.7355869682277536,-0.36753780742595715,2024-2025
conducted semi-structured,2,0,6,0,6,-0.7355869682277536,-0.36753780742595715,2024-2025
scientific literature,2,0,6,0,5,-0.7355869682277536,-0.36753780742595715,2024-2025
adaptations,1,0,6,0,6,-0.7355869682277536,-0.36753780742595715,2024-2025
simplify,1,0,6,0,6,-0.7355869682277536,-0.36753780742595715,2024-2025
likelihood,1,0,6,0,5,-0.7355869682277536,-0.36753780742595715,2024-2025
xplore,1,0,6,0,6,-0.7355869682277536,-0.36753780742595715,2024-2025
considerations surrounding,2,0,6,0,6,-0.7355869682277536,-0.36753780742595715,2024-2025
continues transform,2,0,6,0,6,-0.7355869682277536,-0.36753780742595715,2024-2025
limited critical,2,0,6,0,6,-0.7355869682277536,-0.36753780742595715,2024-2025
contingent,1,0,6,0,6,-0.7355869682277536,-0.36753780742595715,2024-2025
bias academic,2,0,6,0,6,-0.7355869682277536,-0.36753780742595715,2024-2025
context higher,2,0,6,0,5,-0.7355869682277536,-0.36753780742595715,2024-2025
adaptive strategies,2,0,6,0,5,-0.7355869682277536,-0.36753780742595715,2024-2025
yielding,1,0,6,0,6,-0.7355869682277536,-0.36753780742595715,2024-2025
self-regulated srl,2,0,6,0,6,-0.7355869682277536,-0.36753780742595715,2024-2025
ability evaluate,2,0,6,0,6,-0.7355869682277536,-0.36753780742595715,2024-2025
technical expertise,2,0,6,0,5,-0.7355869682277536,-0.36753780742595715,2024-2025
semistructured,1,0,6,0,5,-0.7355869682277536,-0.36753780742595715,2024-2025
younger children,2,0,6,0,5,-0.7355869682277536,-0.36753780742595715,2024-2025
literature search,2,0,6,0,5,-0.7355869682277536,-0.36753780742595715,2024-2025
looked,1,0,6,0,6,-0.7355869682277536,-0.36753780742595715,2024-2025
los,1,0,6,0,5,-0.7355869682277536,-0.36753780742595715,2024-2025
leave,1,0,6,0,5,-0.7355869682277536,-0.36753780742595715,2024-2025
contributes understanding,2,0,6,0,6,-0.7355869682277536,-0.36753780742595715,2024-2025
leaving,1,0,6,0,6,-0.7355869682277536,-0.36753780742595715,2024-2025
scopus eric,2,0,6,0,6,-0.7355869682277536,-0.36753780742595715,2024-2025
main themes,2,0,6,0,5,-0.7355869682277536,-0.36753780742595715,2024-2025
connected,1,0,6,0,6,-0.7355869682277536,-0.36753780742595715,2024-2025
mage,1,0,6,0,5,-0.7355869682277536,-0.36753780742595715,2024-2025
scoring,1,0,6,0,5,-0.7355869682277536,-0.36753780742595715,2024-2025
machine concepts,2,0,6,0,6,-0.7355869682277536,-0.36753780742595715,2024-2025
librarian,1,0,6,0,6,-0.7355869682277536,-0.36753780742595715,2024-2025
technological infrastructure,2,0,6,0,6,-0.7355869682277536,-0.36753780742595715,2024-2025
libraries focusing,2,0,6,0,6,-0.7355869682277536,-0.36753780742595715,2024-2025
writing support,2,0,6,0,6,-0.7355869682277536,-0.36753780742595715,2024-2025
consent,1,0,6,0,6,-0.7355869682277536,-0.36753780742595715,2024-2025
library medicine,2,0,6,0,6,-0.7355869682277536,-0.36753780742595715,2024-2025
conventions,1,0,6,0,6,-0.7355869682277536,-0.36753780742595715,2024-2025
low-income,1,0,6,0,6,-0.7355869682277536,-0.36753780742595715,2024-2025
temporal,1,0,6,0,6,-0.7355869682277536,-0.36753780742595715,2024-2025
shortages,1,0,6,0,6,-0.7355869682277536,-0.36753780742595715,2024-2025
risk assessment,2,0,6,0,5,-0.7355869682277536,-0.36753780742595715,2024-2025
compromise,1,0,6,0,5,-0.7355869682277536,-0.36753780742595715,2024-2025
response rate,2,0,6,0,5,-0.7355869682277536,-0.36753780742595715,2024-2025
modalities,1,0,6,0,5,-0.7355869682277536,-0.36753780742595715,2024-2025
computer vision,2,0,6,0,5,-0.7355869682277536,-0.36753780742595715,2024-2025
mixed-methods combining,2,0,6,0,6,-0.7355869682277536,-0.36753780742595715,2024-2025
mixed design,2,0,6,0,6,-0.7355869682277536,-0.36753780742595715,2024-2025
susceptible,1,0,6,0,5,-0.7355869682277536,-0.36753780742595715,2024-2025
mitigates,1,0,6,0,6,-0.7355869682277536,-0.36753780742595715,2024-2025
thematic qualitative,2,0,6,0,6,-0.7355869682277536,-0.36753780742595715,2024-2025
thematic identify,2,0,6,0,6,-0.7355869682277536,-0.36753780742595715,2024-2025
interactions genai,2,0,6,0,6,-0.7355869682277536,-0.36753780742595715,2024-2025
concepts like,2,0,6,0,6,-0.7355869682277536,-0.36753780742595715,2024-2025
misleading,1,0,6,0,6,-0.7355869682277536,-0.36753780742595715,2024-2025
conceptualisation,1,0,6,0,5,-0.7355869682277536,-0.36753780742595715,2024-2025
responsible genai,2,0,6,0,6,-0.7355869682277536,-0.36753780742595715,2024-2025
interestingly,1,0,6,0,6,-0.7355869682277536,-0.36753780742595715,2024-2025
survey undergraduate,2,0,6,0,6,-0.7355869682277536,-0.36753780742595715,2024-2025
comprehensive programs,2,0,6,0,6,-0.7355869682277536,-0.36753780742595715,2024-2025
jointly,1,0,6,0,5,-0.7355869682277536,-0.36753780742595715,2024-2025
comprehensive overview,2,0,6,0,6,-0.7355869682277536,-0.36753780742595715,2024-2025
integrating practices,2,0,6,0,6,-0.7355869682277536,-0.36753780742595715,2024-2025
aimed enhancing,2,0,6,0,6,-0.7355869682277536,-0.36753780742595715,2024-2025
represented,1,0,6,0,6,-0.7355869682277536,-0.36753780742595715,2024-2025
integration clinical,2,0,6,0,6,-0.7355869682277536,-0.36753780742595715,2024-2025
requires careful,2,0,6,0,6,-0.7355869682277536,-0.36753780742595715,2024-2025
integration digital,2,0,6,0,5,-0.7355869682277536,-0.36753780742595715,2024-2025
aim examine,2,0,6,0,6,-0.7355869682277536,-0.36753780742595715,2024-2025
modest,1,0,6,0,6,-0.7355869682277536,-0.36753780742595715,2024-2025
integration pedagogical,2,0,6,0,5,-0.7355869682277536,-0.36753780742595715,2024-2025
detailing,1,0,6,0,6,-0.7355869682277536,-0.36753780742595715,2024-2025
despite widespread,2,0,6,0,6,-0.7355869682277536,-0.36753780742595715,2024-2025
moderately,1,0,6,0,6,-0.7355869682277536,-0.36753780742595715,2024-2025
themes identified,2,0,6,0,6,-0.7355869682277536,-0.36753780742595715,2024-2025
deskilling,1,0,6,0,5,-0.7355869682277536,-0.36753780742595715,2024-2025
intellectual property,2,0,6,0,6,-0.7355869682277536,-0.36753780742595715,2024-2025
responsible inclusive,2,0,6,0,6,-0.7355869682277536,-0.36753780742595715,2024-2025
descriptive design,2,0,6,0,6,-0.7355869682277536,-0.36753780742595715,2024-2025
minority,1,0,6,0,5,-0.7355869682277536,-0.36753780742595715,2024-2025
international standards,2,0,6,0,5,-0.7355869682277536,-0.36753780742595715,2024-2025
inviting,1,0,6,0,6,-0.7355869682277536,-0.36753780742595715,2024-2025
review highlights,2,0,6,0,6,-0.7355869682277536,-0.36753780742595715,2024-2025
deliberate,1,0,6,0,6,-0.7355869682277536,-0.36753780742595715,2024-2025
review relevant,2,0,6,0,6,-0.7355869682277536,-0.36753780742595715,2024-2025
concerns job,2,0,6,0,5,-0.7355869682277536,-0.36753780742595715,2024-2025
issues including,2,0,6,0,6,-0.7355869682277536,-0.36753780742595715,2024-2025
deficiencies,1,0,6,0,6,-0.7355869682277536,-0.36753780742595715,2024-2025
deeper engagement,2,0,6,0,6,-0.7355869682277536,-0.36753780742595715,2024-2025
deemed,1,0,6,0,6,-0.7355869682277536,-0.36753780742595715,2024-2025
iterative process,2,0,6,0,6,-0.7355869682277536,-0.36753780742595715,2024-2025
synthesizing,1,0,6,0,6,-0.7355869682277536,-0.36753780742595715,2024-2025
jbi,1,0,6,0,5,-0.7355869682277536,-0.36753780742595715,2024-2025
concerns persist,2,0,6,0,6,-0.7355869682277536,-0.36753780742595715,2024-2025
mediated relationship,2,0,6,0,6,-0.7355869682277536,-0.36753780742595715,2024-2025
tension,1,0,6,0,6,-0.7355869682277536,-0.36753780742595715,2024-2025
meet needs,2,0,6,0,6,-0.7355869682277536,-0.36753780742595715,2024-2025
meets,1,0,6,0,6,-0.7355869682277536,-0.36753780742595715,2024-2025
review empirical,2,0,6,0,6,-0.7355869682277536,-0.36753780742595715,2024-2025
revealed participants,2,0,6,0,6,-0.7355869682277536,-0.36753780742595715,2024-2025
conceptualized,1,0,6,0,5,-0.7355869682277536,-0.36753780742595715,2024-2025
middle high,2,0,6,0,5,-0.7355869682277536,-0.36753780742595715,2024-2025
micro,1,0,6,0,5,-0.7355869682277536,-0.36753780742595715,2024-2025
retention,1,0,6,0,6,-0.7355869682277536,-0.36753780742595715,2024-2025
revealed improvements,2,0,6,0,6,-0.7355869682277536,-0.36753780742595715,2024-2025
broader societal,2,0,6,0,6,-0.7355869682277536,-0.36753780742595715,2024-2025
addresses ethical,2,0,6,0,6,-0.7355869682277536,-0.36753780742595715,2024-2025
investigate factors,2,0,6,0,5,-0.7355869682277536,-0.36753780742595715,2024-2025
men,1,0,6,0,5,-0.7355869682277536,-0.36753780742595715,2024-2025
demographic variables,2,0,6,0,5,-0.7355869682277536,-0.36753780742595715,2024-2025
intuition,1,0,6,0,5,-0.7355869682277536,-0.36753780742595715,2024-2025
demographic information,2,0,6,0,5,-0.7355869682277536,-0.36753780742595715,2024-2025
invariance,1,0,6,0,5,-0.7355869682277536,-0.36753780742595715,2024-2025
reveals key,2,0,6,0,6,-0.7355869682277536,-0.36753780742595715,2024-2025
review concludes,2,0,6,0,6,-0.7355869682277536,-0.36753780742595715,2024-2025
efficiency accessibility,2,0,6,0,6,-0.7355869682277536,-0.36753780742595715,2024-2025
new paradigm,2,0,6,0,5,-0.7355869682277536,-0.36753780742595715,2024-2025
provide personalized,2,0,6,0,6,-0.7355869682277536,-0.36753780742595715,2024-2025
understanding applying,2,0,6,0,6,-0.7355869682277536,-0.36753780742595715,2024-2025
highlighted need,2,0,6,0,6,-0.7355869682277536,-0.36753780742595715,2024-2025
provide actionable,2,0,6,0,6,-0.7355869682277536,-0.36753780742595715,2024-2025
paired,1,0,6,0,6,-0.7355869682277536,-0.36753780742595715,2024-2025
especially large,2,0,6,0,6,-0.7355869682277536,-0.36753780742595715,2024-2025
unprecedented opportunities,2,0,6,0,6,-0.7355869682277536,-0.36753780742595715,2024-2025
arising,1,0,6,0,6,-0.7355869682277536,-0.36753780742595715,2024-2025
overlooking,1,0,6,0,6,-0.7355869682277536,-0.36753780742595715,2024-2025
ethical engagement,2,0,6,0,5,-0.7355869682277536,-0.36753780742595715,2024-2025
overlooked,1,0,6,0,5,-0.7355869682277536,-0.36753780742595715,2024-2025
facilitation,1,0,6,0,6,-0.7355869682277536,-0.36753780742595715,2024-2025
challenges remain,2,0,6,0,6,-0.7355869682277536,-0.36753780742595715,2024-2025
prerequisite,1,0,6,0,5,-0.7355869682277536,-0.36753780742595715,2024-2025
equitably,1,0,6,0,6,-0.7355869682277536,-0.36753780742595715,2024-2025
personnel,1,0,6,0,5,-0.7355869682277536,-0.36753780742595715,2024-2025
southern,1,0,6,0,6,-0.7355869682277536,-0.36753780742595715,2024-2025
essential fostering,2,0,6,0,6,-0.7355869682277536,-0.36753780742595715,2024-2025
academic practices,2,0,6,0,5,-0.7355869682277536,-0.36753780742595715,2024-2025
assessment strategies,2,0,6,0,6,-0.7355869682277536,-0.36753780742595715,2024-2025
adjust,1,0,6,0,6,-0.7355869682277536,-0.36753780742595715,2024-2025
proposal,1,0,6,0,5,-0.7355869682277536,-0.36753780742595715,2024-2025
propose strategies,2,0,6,0,6,-0.7355869682277536,-0.36753780742595715,2024-2025
training initiatives,2,0,6,0,6,-0.7355869682277536,-0.36753780742595715,2024-2025
higher ethical,2,0,6,0,5,-0.7355869682277536,-0.36753780742595715,2024-2025
higher focusing,2,0,6,0,6,-0.7355869682277536,-0.36753780742595715,2024-2025
trends future,2,0,6,0,6,-0.7355869682277536,-0.36753780742595715,2024-2025
ethical adoption,2,0,6,0,6,-0.7355869682277536,-0.36753780742595715,2024-2025
ethical academic,2,0,6,0,5,-0.7355869682277536,-0.36753780742595715,2024-2025
higher order,2,0,6,0,5,-0.7355869682277536,-0.36753780742595715,2024-2025
higher particularly,2,0,6,0,6,-0.7355869682277536,-0.36753780742595715,2024-2025
perplexity,1,0,6,0,5,-0.7355869682277536,-0.36753780742595715,2024-2025
presents systematic,2,0,6,0,6,-0.7355869682277536,-0.36753780742595715,2024-2025
establish clear,2,0,6,0,6,-0.7355869682277536,-0.36753780742595715,2024-2025
presents comprehensive,2,0,6,0,6,-0.7355869682277536,-0.36753780742595715,2024-2025
highlight critical,2,0,6,0,6,-0.7355869682277536,-0.36753780742595715,2024-2025
provides foundation,2,0,6,0,6,-0.7355869682277536,-0.36753780742595715,2024-2025
equip necessary,2,0,6,0,6,-0.7355869682277536,-0.36753780742595715,2024-2025
factors driving,2,0,6,0,6,-0.7355869682277536,-0.36753780742595715,2024-2025
attitudes regarding,2,0,6,0,5,-0.7355869682277536,-0.36753780742595715,2024-2025
anchored,1,0,6,0,6,-0.7355869682277536,-0.36753780742595715,2024-2025
feasible,1,0,6,0,6,-0.7355869682277536,-0.36753780742595715,2024-2025
enhanced critical,2,0,6,0,6,-0.7355869682277536,-0.36753780742595715,2024-2025
pursuing,1,0,6,0,6,-0.7355869682277536,-0.36753780742595715,2024-2025
hurdles,1,0,6,0,6,-0.7355869682277536,-0.36753780742595715,2024-2025
genai technology,2,0,6,0,5,-0.7355869682277536,-0.36753780742595715,2024-2025
hypothesis,1,0,6,0,6,-0.7355869682277536,-0.36753780742595715,2024-2025
enhance effectiveness,2,0,6,0,6,-0.7355869682277536,-0.36753780742595715,2024-2025
ibm,1,0,6,0,6,-0.7355869682277536,-0.36753780742595715,2024-2025
genai language,2,0,6,0,5,-0.7355869682277536,-0.36753780742595715,2024-2025
genai increasingly,2,0,6,0,6,-0.7355869682277536,-0.36753780742595715,2024-2025
urging,1,0,6,0,6,-0.7355869682277536,-0.36753780742595715,2024-2025
optimise,1,0,6,0,6,-0.7355869682277536,-0.36753780742595715,2024-2025
english second,2,0,6,0,6,-0.7355869682277536,-0.36753780742595715,2024-2025
qualitative revealed,2,0,6,0,6,-0.7355869682277536,-0.36753780742595715,2024-2025
pubmed database,2,0,6,0,6,-0.7355869682277536,-0.36753780742595715,2024-2025
favorable,1,0,6,0,6,-0.7355869682277536,-0.36753780742595715,2024-2025
clear institutional,2,0,6,0,6,-0.7355869682277536,-0.36753780742595715,2024-2025
enhancing writing,2,0,6,0,5,-0.7355869682277536,-0.36753780742595715,2024-2025
predominant,1,0,6,0,6,-0.7355869682277536,-0.36753780742595715,2024-2025
accessed,1,0,6,0,6,-0.7355869682277536,-0.36753780742595715,2024-2025
providing empirical,2,0,6,0,6,-0.7355869682277536,-0.36753780742595715,2024-2025
pertaining,1,0,6,0,6,-0.7355869682277536,-0.36753780742595715,2024-2025
sources including,2,0,6,0,6,-0.7355869682277536,-0.36753780742595715,2024-2025
answer questions,2,0,6,0,6,-0.7355869682277536,-0.36753780742595715,2024-2025
collaborative partner,2,0,6,0,6,-0.7355869682277536,-0.36753780742595715,2024-2025
sourced medline,2,0,6,0,6,-0.7355869682277536,-0.36753780742595715,2024-2025
fairness accountability,2,0,6,0,5,-0.7355869682277536,-0.36753780742595715,2024-2025
general-purpose,1,0,6,0,6,-0.7355869682277536,-0.36753780742595715,2024-2025
human cognition,2,0,6,0,6,-0.7355869682277536,-0.36753780742595715,2024-2025
enthusiastic,1,0,6,0,6,-0.7355869682277536,-0.36753780742595715,2024-2025
human interactions,2,0,6,0,6,-0.7355869682277536,-0.36753780742595715,2024-2025
upper secondary,2,0,6,0,5,-0.7355869682277536,-0.36753780742595715,2024-2025
uptake,1,0,6,0,6,-0.7355869682277536,-0.36753780742595715,2024-2025
property,1,0,6,0,6,-0.7355869682277536,-0.36753780742595715,2024-2025
training opportunities,2,0,6,0,6,-0.7355869682277536,-0.36753780742595715,2024-2025
colleagues,1,0,6,0,5,-0.7355869682277536,-0.36753780742595715,2024-2025
arguing,1,0,6,0,6,-0.7355869682277536,-0.36753780742595715,2024-2025
understanding limitations,2,0,6,0,6,-0.7355869682277536,-0.36753780742595715,2024-2025
characters,1,0,6,0,6,-0.7355869682277536,-0.36753780742595715,2024-2025
argued,1,0,6,0,6,-0.7355869682277536,-0.36753780742595715,2024-2025
transformative technology,2,0,6,0,6,-0.7355869682277536,-0.36753780742595715,2024-2025
exclusion criteria,2,0,6,0,6,-0.7355869682277536,-0.36753780742595715,2024-2025
growing integration,2,0,6,0,6,-0.7355869682277536,-0.36753780742595715,2024-2025
productively,1,0,6,0,6,-0.7355869682277536,-0.36753780742595715,2024-2025
excelled,1,0,6,0,6,-0.7355869682277536,-0.36753780742595715,2024-2025
adoption rates,2,0,6,0,6,-0.7355869682277536,-0.36753780742595715,2024-2025
goals sdgs,2,0,6,0,6,-0.7355869682277536,-0.36753780742595715,2024-2025
transformative changes,2,0,6,0,6,-0.7355869682277536,-0.36753780742595715,2024-2025
coefficients,1,0,6,0,6,-0.7355869682277536,-0.36753780742595715,2024-2025
guide educators,2,0,6,0,6,-0.7355869682277536,-0.36753780742595715,2024-2025
percentage,1,0,6,0,5,-0.7355869682277536,-0.36753780742595715,2024-2025
guide responsible,2,0,6,0,6,-0.7355869682277536,-0.36753780742595715,2024-2025
professional environments,2,0,6,0,6,-0.7355869682277536,-0.36753780742595715,2024-2025
exert,1,0,6,0,5,-0.7355869682277536,-0.36753780742595715,2024-2025
pedagogical challenges,2,0,6,0,6,-0.7355869682277536,-0.36753780742595715,2024-2025
transparency ethical,2,0,6,0,6,-0.7355869682277536,-0.36753780742595715,2024-2025
group control,2,0,6,0,6,-0.7355869682277536,-0.36753780742595715,2024-2025
accepting,1,0,6,0,6,-0.7355869682277536,-0.36753780742595715,2024-2025
perceive chatgpt,2,0,6,0,6,-0.7355869682277536,-0.36753780742595715,2024-2025
staff training,2,0,6,0,5,-0.7355869682277536,-0.36753780742595715,2024-2025
privacy bias,2,0,6,0,6,-0.7355869682277536,-0.36753780742595715,2024-2025
stable,1,0,6,0,6,-0.7355869682277536,-0.36753780742595715,2024-2025
co-construction,1,0,6,0,5,-0.7355869682277536,-0.36753780742595715,2024-2025
grappling,1,0,6,0,6,-0.7355869682277536,-0.36753780742595715,2024-2025
spss version,2,0,6,0,6,-0.7355869682277536,-0.36753780742595715,2024-2025
prioritized,1,0,6,0,6,-0.7355869682277536,-0.36753780742595715,2024-2025
explained variance,2,0,6,0,6,-0.7355869682277536,-0.36753780742595715,2024-2025
existing digital,2,0,6,0,6,-0.7355869682277536,-0.36753780742595715,2024-2025
perceived autonomy,2,0,6,0,5,-0.7355869682277536,-0.36753780742595715,2024-2025
explanatory sequential,2,0,6,0,6,-0.7355869682277536,-0.36753780742595715,2024-2025
charting,1,0,6,0,6,-0.7355869682277536,-0.36753780742595715,2024-2025
exerts,1,0,6,0,6,-0.7355869682277536,-0.36753780742595715,2024-2025
professional integration,2,0,6,0,6,-0.7355869682277536,-0.36753780742595715,2024-2025
proficiency ethical,2,0,6,0,6,-0.7355869682277536,-0.36753780742595715,2024-2025
unexpected,1,0,6,0,6,-0.7355869682277536,-0.36753780742595715,2024-2025
pretest-posttest,1,0,6,0,6,-0.7355869682277536,-0.36753780742595715,2024-2025
ethical values,2,0,6,0,6,-0.7355869682277536,-0.36753780742595715,2024-2025
healthcare systems,2,0,6,0,6,-0.7355869682277536,-0.36753780742595715,2024-2025
specific focus,2,0,6,0,6,-0.7355869682277536,-0.36753780742595715,2024-2025
application tools,2,0,6,0,6,-0.7355869682277536,-0.36753780742595715,2024-2025
hedonic,1,0,6,0,5,-0.7355869682277536,-0.36753780742595715,2024-2025
perceptions integration,2,0,6,0,6,-0.7355869682277536,-0.36753780742595715,2024-2025
hedonic motivation,2,0,6,0,5,-0.7355869682277536,-0.36753780742595715,2024-2025
getting,1,0,6,0,6,-0.7355869682277536,-0.36753780742595715,2024-2025
clinical contexts,2,0,6,0,5,-0.7355869682277536,-0.36753780742595715,2024-2025
perceptions regarding,2,0,6,0,6,-0.7355869682277536,-0.36753780742595715,2024-2025
participants included,2,0,6,0,6,-0.7355869682277536,-0.36753780742595715,2024-2025
university college,2,0,6,0,6,-0.7355869682277536,-0.36753780742595715,2024-2025
specialised,1,0,6,0,5,-0.7355869682277536,-0.36753780742595715,2024-2025
application ethical,2,0,6,0,6,-0.7355869682277536,-0.36753780742595715,2024-2025
university course,2,0,6,0,6,-0.7355869682277536,-0.36753780742595715,2024-2025
applied sciences,2,0,6,0,5,-0.7355869682277536,-0.36753780742595715,2024-2025
training support,2,0,6,0,5,-0.7355869682277536,-0.36753780742595715,2024-2025
chatgpt generate,2,0,6,0,5,-0.7355869682277536,-0.36753780742595715,2024-2025
programming language,2,0,6,0,6,-0.7355869682277536,-0.36753780742595715,2024-2025
exploring generative,2,0,6,0,6,-0.7355869682277536,-0.36753780742595715,2024-2025
profoundly,1,0,6,0,6,-0.7355869682277536,-0.36753780742595715,2024-2025
chapter underscores,2,0,6,0,6,-0.7355869682277536,-0.36753780742595715,2024-2025
perception generative,2,0,6,0,5,-0.7355869682277536,-0.36753780742595715,2024-2025
appraisal practical,2,0,6,0,6,-0.7355869682277536,-0.36753780742595715,2024-2025
hands-on experiences,2,0,6,0,6,-0.7355869682277536,-0.36753780742595715,2024-2025
unit,1,0,6,0,6,-0.7355869682277536,-0.36753780742595715,2024-2025
cognitive metacognitive,2,0,6,0,5,-0.7355869682277536,-0.36753780742595715,2024-2025
administrative processes,2,0,6,0,6,-0.7355869682277536,-0.36753780742595715,2024-2025
harness benefits,2,0,6,0,6,-0.7355869682277536,-0.36753780742595715,2024-2025
transcribed,1,0,6,0,6,-0.7355869682277536,-0.36753780742595715,2024-2025
particularly large,2,0,6,0,6,-0.7355869682277536,-0.36753780742595715,2024-2025
particularly concerning,2,0,6,0,6,-0.7355869682277536,-0.36753780742595715,2024-2025
global discourse,2,0,6,0,6,-0.7355869682277536,-0.36753780742595715,2024-2025
evaluating ai-generated,2,0,6,0,6,-0.7355869682277536,-0.36753780742595715,2024-2025
identified challenges,2,0,6,0,6,-0.7355869682277536,-0.36753780742595715,2024-2025
genai transforming,2,0,6,0,6,-0.7355869682277536,-0.36753780742595715,2024-2025
genai holds,2,0,6,0,6,-0.7355869682277536,-0.36753780742595715,2024-2025
policies ethical,2,0,6,0,6,-0.7355869682277536,-0.36753780742595715,2024-2025
centre,1,0,6,0,6,-0.7355869682277536,-0.36753780742595715,2024-2025
element,1,0,6,0,6,-0.7355869682277536,-0.36753780742595715,2024-2025
included limited,2,0,6,0,6,-0.7355869682277536,-0.36753780742595715,2024-2025
elective,1,0,6,0,6,-0.7355869682277536,-0.36753780742595715,2024-2025
including chatgpt,2,0,6,0,6,-0.7355869682277536,-0.36753780742595715,2024-2025
elaborate,1,0,6,0,6,-0.7355869682277536,-0.36753780742595715,2024-2025
fuzzy-set,1,0,6,0,6,-0.7355869682277536,-0.36753780742595715,2024-2025
including critical,2,0,6,0,6,-0.7355869682277536,-0.36753780742595715,2024-2025
efficiently,1,0,6,0,6,-0.7355869682277536,-0.36753780742595715,2024-2025
including need,2,0,6,0,6,-0.7355869682277536,-0.36753780742595715,2024-2025
fostering collaboration,2,0,6,0,6,-0.7355869682277536,-0.36753780742595715,2024-2025
including privacy,2,0,6,0,6,-0.7355869682277536,-0.36753780742595715,2024-2025
including technical,2,0,6,0,6,-0.7355869682277536,-0.36753780742595715,2024-2025
nursing profession,2,0,6,0,5,-0.7355869682277536,-0.36753780742595715,2024-2025
inclusive equitable,2,0,6,0,6,-0.7355869682277536,-0.36753780742595715,2024-2025
inclusive ethical,2,0,6,0,6,-0.7355869682277536,-0.36753780742595715,2024-2025
realise,1,0,6,0,6,-0.7355869682277536,-0.36753780742595715,2024-2025
eligible,1,0,6,0,5,-0.7355869682277536,-0.36753780742595715,2024-2025
inadequately,1,0,6,0,6,-0.7355869682277536,-0.36753780742595715,2024-2025
validated scale,2,0,6,0,5,-0.7355869682277536,-0.36753780742595715,2024-2025
plagiarism detection,2,0,6,0,5,-0.7355869682277536,-0.36753780742595715,2024-2025
emphasise,1,0,6,0,6,-0.7355869682277536,-0.36753780742595715,2024-2025
utilizing generative,2,0,6,0,6,-0.7355869682277536,-0.36753780742595715,2024-2025
chatgpt writing,2,0,6,0,5,-0.7355869682277536,-0.36753780742595715,2024-2025
imposed,1,0,6,0,5,-0.7355869682277536,-0.36753780742595715,2024-2025
emotional support,2,0,6,0,6,-0.7355869682277536,-0.36753780742595715,2024-2025
offering personalized,2,0,6,0,6,-0.7355869682277536,-0.36753780742595715,2024-2025
improve patient,2,0,6,0,5,-0.7355869682277536,-0.36753780742595715,2024-2025
suite,1,0,6,0,5,-0.7355869682277536,-0.36753780742595715,2024-2025
in-person,1,0,6,0,6,-0.7355869682277536,-0.36753780742595715,2024-2025
post,1,0,6,0,5,-0.7355869682277536,-0.36753780742595715,2024-2025
foster responsible,2,0,6,0,6,-0.7355869682277536,-0.36753780742595715,2024-2025
improving academic,2,0,6,0,5,-0.7355869682277536,-0.36753780742595715,2024-2025
offer actionable,2,0,6,0,6,-0.7355869682277536,-0.36753780742595715,2024-2025
fuzzy-set qualitative,2,0,6,0,6,-0.7355869682277536,-0.36753780742595715,2024-2025
ratio,1,0,6,0,5,-0.7355869682277536,-0.36753780742595715,2024-2025
rational,1,0,6,0,5,-0.7355869682277536,-0.36753780742595715,2024-2025
nursing background,2,0,6,0,6,-0.7355869682277536,-0.36753780742595715,2024-2025
analogies,1,0,6,0,6,-0.7355869682277536,-0.36753780742595715,2024-2025
summative,1,0,6,0,5,-0.7355869682277536,-0.36753780742595715,2024-2025
social responsibility,2,0,6,0,6,-0.7355869682277536,-0.36753780742595715,2024-2025
tool enhancing,2,0,6,0,6,-0.7355869682277536,-0.36753780742595715,2024-2025
tool enhance,2,0,6,0,6,-0.7355869682277536,-0.36753780742595715,2024-2025
educators engage,2,0,6,0,6,-0.7355869682277536,-0.36753780742595715,2024-2025
educators effectively,2,0,6,0,6,-0.7355869682277536,-0.36753780742595715,2024-2025
educator training,2,0,6,0,6,-0.7355869682277536,-0.36753780742595715,2024-2025
future career,2,0,6,0,6,-0.7355869682277536,-0.36753780742595715,2024-2025
portion,1,0,6,0,5,-0.7355869682277536,-0.36753780742595715,2024-2025
editing,1,0,6,0,6,-0.7355869682277536,-0.36753780742595715,2024-2025
indexed,1,0,6,0,6,-0.7355869682277536,-0.36753780742595715,2024-2025
indispensable,1,0,6,0,6,-0.7355869682277536,-0.36753780742595715,2024-2025
edge,1,0,6,0,6,-0.7355869682277536,-0.36753780742595715,2024-2025
individual factors,2,0,6,0,5,-0.7355869682277536,-0.36753780742595715,2024-2025
non-human,1,0,6,0,6,-0.7355869682277536,-0.36753780742595715,2024-2025
non-expert,1,0,6,0,5,-0.7355869682277536,-0.36753780742595715,2024-2025
record sourced,2,0,6,0,6,-0.7355869682277536,-0.36753780742595715,2024-2025
frontiers,1,0,6,0,6,-0.7355869682277536,-0.36753780742595715,2024-2025
educators face,2,0,6,0,6,-0.7355869682277536,-0.36753780742595715,2024-2025
positive influence,2,0,6,0,6,-0.7355869682277536,-0.36753780742595715,2024-2025
strategies enhance,2,0,6,0,6,-0.7355869682277536,-0.36753780742595715,2024-2025
increasing demand,2,0,6,0,6,-0.7355869682277536,-0.36753780742595715,2024-2025
tools critical,2,0,6,0,5,-0.7355869682277536,-0.36753780742595715,2024-2025
future prospects,2,0,6,0,6,-0.7355869682277536,-0.36753780742595715,2024-2025
comfortable,1,0,6,0,6,-0.7355869682277536,-0.36753780742595715,2024-2025
tools context,2,0,6,0,6,-0.7355869682277536,-0.36753780742595715,2024-2025
increased engagement,2,0,6,0,6,-0.7355869682277536,-0.36753780742595715,2024-2025
effective responsible,2,0,6,0,6,-0.7355869682277536,-0.36753780742595715,2024-2025
underdeveloped,1,0,6,0,6,-0.7355869682277536,-0.36753780742595715,2024-2025
increasing number,2,0,6,0,6,-0.7355869682277536,-0.36753780742595715,2024-2025
positive perceptions,2,0,6,0,6,-0.7355869682277536,-0.36753780742595715,2024-2025
future physicians,2,0,6,0,5,-0.7355869682277536,-0.36753780742595715,2024-2025
future opportunities,2,0,6,0,6,-0.7355869682277536,-0.36753780742595715,2024-2025
foundational understanding,2,0,6,0,6,-0.7355869682277536,-0.36753780742595715,2024-2025
positively affects,2,0,6,0,6,-0.7355869682277536,-0.36753780742595715,2024-2025
effective adoption,2,0,6,0,6,-0.7355869682277536,-0.36753780742595715,2024-2025
increasingly prevalent,2,0,6,0,6,-0.7355869682277536,-0.36753780742595715,2024-2025
increasingly recognized,2,0,6,0,6,-0.7355869682277536,-0.36753780742595715,2024-2025
offering valuable,2,0,6,0,6,-0.7355869682277536,-0.36753780742595715,2024-2025
utilizing tools,2,0,6,0,6,-0.7355869682277536,-0.36753780742595715,2024-2025
importance human,2,0,6,0,6,-0.7355869682277536,-0.36753780742595715,2024-2025
gaps ethical,2,0,6,0,6,-0.7355869682277536,-0.36753780742595715,2024-2025
encompassed,1,0,6,0,6,-0.7355869682277536,-0.36753780742595715,2024-2025
enabling personalized,2,0,6,0,6,-0.7355869682277536,-0.36753780742595715,2024-2025
tools various,2,0,6,0,6,-0.7355869682277536,-0.36753780742595715,2024-2025
strategies including,2,0,6,0,6,-0.7355869682277536,-0.36753780742595715,2024-2025
suit,1,0,6,0,5,-0.7355869682277536,-0.36753780742595715,2024-2025
raise concerns,2,0,6,0,6,-0.7355869682277536,-0.36753780742595715,2024-2025
employs mixed-methods,2,0,6,0,6,-0.7355869682277536,-0.36753780742595715,2024-2025
image generation,2,0,6,0,5,-0.7355869682277536,-0.36753780742595715,2024-2025
gaps emerging,2,0,6,0,6,-0.7355869682277536,-0.36753780742595715,2024-2025
employers,1,0,6,0,6,-0.7355869682277536,-0.36753780742595715,2024-2025
implementation healthcare,2,0,6,0,5,-0.7355869682277536,-0.36753780742595715,2024-2025
adopting generative,2,0,6,0,5,-0.7355869682277536,-0.36753780742595715,2024-2025
ongoing professional,2,0,6,0,6,-0.7355869682277536,-0.36753780742595715,2024-2025
challenges chapter,2,0,6,0,6,-0.7355869682277536,-0.36753780742595715,2024-2025
usefulness ease,2,0,6,0,6,-0.7355869682277536,-0.36753780742595715,2024-2025
play pivotal,2,0,6,0,6,-0.7355869682277536,-0.36753780742595715,2024-2025
user-centered,1,0,6,0,6,-0.7355869682277536,-0.36753780742595715,2024-2025
attribute,1,0,6,0,6,-0.7355869682277536,-0.36753780742595715,2024-2025
opportunities threats,2,0,6,0,5,-0.7355869682277536,-0.36753780742595715,2024-2025
genai enhance,2,0,6,0,6,-0.7355869682277536,-0.36753780742595715,2024-2025
genai assessment,2,0,6,0,6,-0.7355869682277536,-0.36753780742595715,2024-2025
opportunities personalized,2,0,6,0,6,-0.7355869682277536,-0.36753780742595715,2024-2025
quantitative revealed,2,0,6,0,6,-0.7355869682277536,-0.36753780742595715,2024-2025
finance,1,0,6,0,6,-0.7355869682277536,-0.36753780742595715,2024-2025
claims,1,0,6,0,5,-0.7355869682277536,-0.36753780742595715,2024-2025
collected semi-structured,2,0,6,0,6,-0.7355869682277536,-0.36753780742595715,2024-2025
successfully integrate,2,0,6,0,6,-0.7355869682277536,-0.36753780742595715,2024-2025
underscores necessity,2,0,6,0,6,-0.7355869682277536,-0.36753780742595715,2024-2025
practices digital,2,0,6,0,6,-0.7355869682277536,-0.36753780742595715,2024-2025
engage tools,2,0,6,0,6,-0.7355869682277536,-0.36753780742595715,2024-2025
query,1,0,6,0,6,-0.7355869682277536,-0.36753780742595715,2024-2025
underscore necessity,2,0,6,0,6,-0.7355869682277536,-0.36753780742595715,2024-2025
gap understanding,2,0,6,0,6,-0.7355869682277536,-0.36753780742595715,2024-2025
collection included,2,0,6,0,6,-0.7355869682277536,-0.36753780742595715,2024-2025
assess effectiveness,2,0,6,0,6,-0.7355869682277536,-0.36753780742595715,2024-2025
offline,1,0,6,0,5,-0.7355869682277536,-0.36753780742595715,2024-2025
importance ethical,2,0,6,0,6,-0.7355869682277536,-0.36753780742595715,2024-2025
posts,1,0,6,0,6,-0.7355869682277536,-0.36753780742595715,2024-2025
strategies ethical,2,0,6,0,6,-0.7355869682277536,-0.36753780742595715,2024-2025
offers opportunities,2,0,6,0,6,-0.7355869682277536,-0.36753780742595715,2024-2025
offers promising,2,0,6,0,6,-0.7355869682277536,-0.36753780742595715,2024-2025
poland,1,0,6,0,6,-0.7355869682277536,-0.36753780742595715,2024-2025
implications ai-driven,2,0,6,0,6,-0.7355869682277536,-0.36753780742595715,2024-2025
implications higher,2,0,6,0,6,-0.7355869682277536,-0.36753780742595715,2024-2025
empirical insights,2,0,6,0,5,-0.7355869682277536,-0.36753780742595715,2024-2025
empirical support,2,0,6,0,6,-0.7355869682277536,-0.36753780742595715,2024-2025
implications fostering,2,0,6,0,6,-0.7355869682277536,-0.36753780742595715,2024-2025
experimental design,2,0,6,0,6,-0.7355869682277536,-0.36753780742595715,2024-2025
gap investigating,2,0,6,0,6,-0.7355869682277536,-0.36753780742595715,2024-2025
offloading,1,0,6,0,6,-0.7355869682277536,-0.36753780742595715,2024-2025
empirically grounded,2,0,6,0,6,-0.7355869682277536,-0.36753780742595715,2024-2025
predict,1,1,37,1,33,-0.23554830738954813,-0.370729017710165,2024-2025
female,1,1,37,1,33,-0.23554830738954813,-0.370729017710165,2024-2025
varying,1,1,37,1,36,-0.23554830738954813,-0.370729017710165,2024-2025
received,1,1,37,1,31,-0.23554830738954813,-0.370729017710165,2024-2025
widespread,1,2,64,2,61,-0.17596685270724421,-0.3745608140551032,2024-2025
task,1,3,90,3,65,-0.1478430506268884,-0.37812218590960867,2024-2025
opportunities,1,15,381,14,293,-0.07061744063079889,-0.38522309545062033,2024-2025
interaction,1,8,214,8,153,-0.09536707201650607,-0.3854264965686591,2024-2025
reducing,1,1,38,1,36,-0.24594889848790125,-0.3903841057486445,2024-2025
requirements,1,1,38,1,32,-0.24594889848790125,-0.3903841057486445,2024-2025
major,1,2,65,2,64,-0.18257655913149762,-0.39044607467990367,2024-2025
analyze,1,3,91,3,88,-0.15273491420423468,-0.39190220601849984,2024-2025
broader,1,3,91,3,89,-0.15273491420423468,-0.39190220601849984,2024-2025
placed,1,0,7,0,7,-0.7355895519179949,-0.3969875988470419,2024-2025
teaching-learning,1,0,7,0,6,-0.7355895519179949,-0.3969875988470419,2024-2025
policies promote,2,0,7,0,7,-0.7355895519179949,-0.3969875988470419,2024-2025
strategic decision-making,2,0,7,0,5,-0.7355895519179949,-0.3969875988470419,2024-2025
personalized support,2,0,7,0,7,-0.7355895519179949,-0.3969875988470419,2024-2025
maintained,1,0,7,0,7,-0.7355895519179949,-0.3969875988470419,2024-2025
localized,1,0,7,0,7,-0.7355895519179949,-0.3969875988470419,2024-2025
practitioners policymakers,2,0,7,0,7,-0.7355895519179949,-0.3969875988470419,2024-2025
statistical analyses,2,0,7,0,7,-0.7355895519179949,-0.3969875988470419,2024-2025
permeating,1,0,7,0,7,-0.7355895519179949,-0.3969875988470419,2024-2025
lowest,1,0,7,0,7,-0.7355895519179949,-0.3969875988470419,2024-2025
strategic integration,2,0,7,0,7,-0.7355895519179949,-0.3969875988470419,2024-2025
presentations,1,0,7,0,7,-0.7355895519179949,-0.3969875988470419,2024-2025
scale assessing,2,0,7,0,7,-0.7355895519179949,-0.3969875988470419,2024-2025
pressure,1,0,7,0,6,-0.7355895519179949,-0.3969875988470419,2024-2025
poses challenges,2,0,7,0,7,-0.7355895519179949,-0.3969875988470419,2024-2025
ai-mediated informal,2,0,7,0,5,-0.7355895519179949,-0.3969875988470419,2024-2025
positive outcomes,2,0,7,0,7,-0.7355895519179949,-0.3969875988470419,2024-2025
major themes,2,0,7,0,7,-0.7355895519179949,-0.3969875988470419,2024-2025
address diverse,2,0,7,0,7,-0.7355895519179949,-0.3969875988470419,2024-2025
preschoolers,1,0,7,0,5,-0.7355895519179949,-0.3969875988470419,2024-2025
sensors,1,0,7,0,5,-0.7355895519179949,-0.3969875988470419,2024-2025
structured guidance,2,0,7,0,7,-0.7355895519179949,-0.3969875988470419,2024-2025
assessment instruments,2,0,7,0,5,-0.7355895519179949,-0.3969875988470419,2024-2025
age years,2,0,7,0,6,-0.7355895519179949,-0.3969875988470419,2024-2025
self-confidence,1,0,7,0,5,-0.7355895519179949,-0.3969875988470419,2024-2025
articles selected,2,0,7,0,7,-0.7355895519179949,-0.3969875988470419,2024-2025
policymaking,1,0,7,0,6,-0.7355895519179949,-0.3969875988470419,2024-2025
phenomenological,1,0,7,0,6,-0.7355895519179949,-0.3969875988470419,2024-2025
ai-infused,1,0,7,0,7,-0.7355895519179949,-0.3969875988470419,2024-2025
pre-trained transformer,2,0,7,0,7,-0.7355895519179949,-0.3969875988470419,2024-2025
separate,1,0,7,0,7,-0.7355895519179949,-0.3969875988470419,2024-2025
personalizing,1,0,7,0,7,-0.7355895519179949,-0.3969875988470419,2024-2025
perceptions attitudes,2,0,7,0,5,-0.7355895519179949,-0.3969875988470419,2024-2025
articulate,1,0,7,0,7,-0.7355895519179949,-0.3969875988470419,2024-2025
ai-focused,1,0,7,0,7,-0.7355895519179949,-0.3969875988470419,2024-2025
sequential mediation,2,0,7,0,5,-0.7355895519179949,-0.3969875988470419,2024-2025
assessment frameworks,2,0,7,0,7,-0.7355895519179949,-0.3969875988470419,2024-2025
shape future,2,0,7,0,7,-0.7355895519179949,-0.3969875988470419,2024-2025
strongest predictor,2,0,7,0,7,-0.7355895519179949,-0.3969875988470419,2024-2025
para,1,0,7,0,7,-0.7355895519179949,-0.3969875988470419,2024-2025
adoption genai,2,0,7,0,7,-0.7355895519179949,-0.3969875988470419,2024-2025
operational efficiency,2,0,7,0,6,-0.7355895519179949,-0.3969875988470419,2024-2025
rapid generative,2,0,7,0,7,-0.7355895519179949,-0.3969875988470419,2024-2025
simulated,1,0,7,0,7,-0.7355895519179949,-0.3969875988470419,2024-2025
multiple sources,2,0,7,0,7,-0.7355895519179949,-0.3969875988470419,2024-2025
addressing barriers,2,0,7,0,7,-0.7355895519179949,-0.3969875988470419,2024-2025
surveillance,1,0,7,0,6,-0.7355895519179949,-0.3969875988470419,2024-2025
socioeconomic,1,0,7,0,7,-0.7355895519179949,-0.3969875988470419,2024-2025
multicultural,1,0,7,0,5,-0.7355895519179949,-0.3969875988470419,2024-2025
raised concerns,2,0,7,0,7,-0.7355895519179949,-0.3969875988470419,2024-2025
open resources,2,0,7,0,6,-0.7355895519179949,-0.3969875988470419,2024-2025
motivate,1,0,7,0,6,-0.7355895519179949,-0.3969875988470419,2024-2025
requirement,1,0,7,0,7,-0.7355895519179949,-0.3969875988470419,2024-2025
operation,1,0,7,0,7,-0.7355895519179949,-0.3969875988470419,2024-2025
aim explore,2,0,7,0,7,-0.7355895519179949,-0.3969875988470419,2024-2025
adhering,1,0,7,0,7,-0.7355895519179949,-0.3969875988470419,2024-2025
balance technological,2,0,7,0,7,-0.7355895519179949,-0.3969875988470419,2024-2025
solely,1,0,7,0,7,-0.7355895519179949,-0.3969875988470419,2024-2025
opportunities risks,2,0,7,0,7,-0.7355895519179949,-0.3969875988470419,2024-2025
qualitative thematic,2,0,7,0,7,-0.7355895519179949,-0.3969875988470419,2024-2025
researching,1,0,7,0,7,-0.7355895519179949,-0.3969875988470419,2024-2025
analyzed spss,2,0,7,0,7,-0.7355895519179949,-0.3969875988470419,2024-2025
attracted,1,0,7,0,7,-0.7355895519179949,-0.3969875988470419,2024-2025
analyzed thematic,2,0,7,0,7,-0.7355895519179949,-0.3969875988470419,2024-2025
resource management,2,0,7,0,7,-0.7355895519179949,-0.3969875988470419,2024-2025
qualitative content,2,0,7,0,7,-0.7355895519179949,-0.3969875988470419,2024-2025
qualitative collected,2,0,7,0,7,-0.7355895519179949,-0.3969875988470419,2024-2025
survey revealed,2,0,7,0,7,-0.7355895519179949,-0.3969875988470419,2024-2025
optimized,1,0,7,0,7,-0.7355895519179949,-0.3969875988470419,2024-2025
survey-based,1,0,7,0,7,-0.7355895519179949,-0.3969875988470419,2024-2025
offers new,2,0,7,0,7,-0.7355895519179949,-0.3969875988470419,2024-2025
relative,1,0,7,0,7,-0.7355895519179949,-0.3969875988470419,2024-2025
structured training,2,0,7,0,7,-0.7355895519179949,-0.3969875988470419,2024-2025
support ethical,2,0,7,0,7,-0.7355895519179949,-0.3969875988470419,2024-2025
autoethnographic,1,0,7,0,6,-0.7355895519179949,-0.3969875988470419,2024-2025
recordings,1,0,7,0,7,-0.7355895519179949,-0.3969875988470419,2024-2025
supplementary,1,0,7,0,7,-0.7355895519179949,-0.3969875988470419,2024-2025
recommendations integrating,2,0,7,0,7,-0.7355895519179949,-0.3969875988470419,2024-2025
smartpls,1,0,7,0,7,-0.7355895519179949,-0.3969875988470419,2024-2025
addressing issues,2,0,7,0,7,-0.7355895519179949,-0.3969875988470419,2024-2025
small-scale,1,0,7,0,7,-0.7355895519179949,-0.3969875988470419,2024-2025
ambiguity,1,0,7,0,6,-0.7355895519179949,-0.3969875988470419,2024-2025
recognised,1,0,7,0,7,-0.7355895519179949,-0.3969875988470419,2024-2025
austria,1,0,7,0,7,-0.7355895519179949,-0.3969875988470419,2024-2025
reflective journals,2,0,7,0,7,-0.7355895519179949,-0.3969875988470419,2024-2025
adept,1,0,7,0,7,-0.7355895519179949,-0.3969875988470419,2024-2025
novices,1,0,7,0,6,-0.7355895519179949,-0.3969875988470419,2024-2025
need robust,2,0,7,0,7,-0.7355895519179949,-0.3969875988470419,2024-2025
suitability,1,0,7,0,6,-0.7355895519179949,-0.3969875988470419,2024-2025
need programs,2,0,7,0,7,-0.7355895519179949,-0.3969875988470419,2024-2025
need professional,2,0,7,0,7,-0.7355895519179949,-0.3969875988470419,2024-2025
small sample,2,0,7,0,7,-0.7355895519179949,-0.3969875988470419,2024-2025
nursing curricula,2,0,7,0,6,-0.7355895519179949,-0.3969875988470419,2024-2025
slow,1,0,7,0,7,-0.7355895519179949,-0.3969875988470419,2024-2025
regulatory compliance,2,0,7,0,7,-0.7355895519179949,-0.3969875988470419,2024-2025
related privacy,2,0,7,0,7,-0.7355895519179949,-0.3969875988470419,2024-2025
societal impacts,2,0,7,0,7,-0.7355895519179949,-0.3969875988470419,2024-2025
relationship digital,2,0,7,0,5,-0.7355895519179949,-0.3969875988470419,2024-2025
support writing,2,0,7,0,6,-0.7355895519179949,-0.3969875988470419,2024-2025
ratings,1,0,7,0,7,-0.7355895519179949,-0.3969875988470419,2024-2025
rarely,1,0,7,0,6,-0.7355895519179949,-0.3969875988470419,2024-2025
background generative,2,0,7,0,7,-0.7355895519179949,-0.3969875988470419,2024-2025
purposively,1,0,7,0,7,-0.7355895519179949,-0.3969875988470419,2024-2025
options,1,0,7,0,7,-0.7355895519179949,-0.3969875988470419,2024-2025
attitudes generative,2,0,7,0,6,-0.7355895519179949,-0.3969875988470419,2024-2025
profound implications,2,0,7,0,7,-0.7355895519179949,-0.3969875988470419,2024-2025
membership,1,0,7,0,5,-0.7355895519179949,-0.3969875988470419,2024-2025
review aimed,2,0,7,0,7,-0.7355895519179949,-0.3969875988470419,2024-2025
application chatgpt,2,0,7,0,5,-0.7355895519179949,-0.3969875988470419,2024-2025
medline pubmed,2,0,7,0,7,-0.7355895519179949,-0.3969875988470419,2024-2025
application scenarios,2,0,7,0,5,-0.7355895519179949,-0.3969875988470419,2024-2025
application technologies,2,0,7,0,5,-0.7355895519179949,-0.3969875988470419,2024-2025
review synthesizes,2,0,7,0,7,-0.7355895519179949,-0.3969875988470419,2024-2025
medical curricula,2,0,7,0,6,-0.7355895519179949,-0.3969875988470419,2024-2025
assistive,1,0,7,0,7,-0.7355895519179949,-0.3969875988470419,2024-2025
particular emphasis,2,0,7,0,7,-0.7355895519179949,-0.3969875988470419,2024-2025
mediating relationship,2,0,7,0,7,-0.7355895519179949,-0.3969875988470419,2024-2025
particularly generative,2,0,7,0,7,-0.7355895519179949,-0.3969875988470419,2024-2025
past decade,2,0,7,0,7,-0.7355895519179949,-0.3969875988470419,2024-2025
measurements,1,0,7,0,6,-0.7355895519179949,-0.3969875988470419,2024-2025
public university,2,0,7,0,7,-0.7355895519179949,-0.3969875988470419,2024-2025
measurable,1,0,7,0,7,-0.7355895519179949,-0.3969875988470419,2024-2025
systems work,2,0,7,0,7,-0.7355895519179949,-0.3969875988470419,2024-2025
robust ethical,2,0,7,0,6,-0.7355895519179949,-0.3969875988470419,2024-2025
robust governance,2,0,7,0,7,-0.7355895519179949,-0.3969875988470419,2024-2025
pearson correlation,2,0,7,0,7,-0.7355895519179949,-0.3969875988470419,2024-2025
maximizing benefits,2,0,7,0,6,-0.7355895519179949,-0.3969875988470419,2024-2025
rule law,2,0,7,0,5,-0.7355895519179949,-0.3969875988470419,2024-2025
apprehensions,1,0,7,0,5,-0.7355895519179949,-0.3969875988470419,2024-2025
matters,1,0,7,0,7,-0.7355895519179949,-0.3969875988470419,2024-2025
pedagogical innovation,2,0,7,0,6,-0.7355895519179949,-0.3969875988470419,2024-2025
approached,1,0,7,0,7,-0.7355895519179949,-0.3969875988470419,2024-2025
probabilistic,1,0,7,0,5,-0.7355895519179949,-0.3969875988470419,2024-2025
affordances limitations,2,0,7,0,7,-0.7355895519179949,-0.3969875988470419,2024-2025
appeared,1,0,7,0,7,-0.7355895519179949,-0.3969875988470419,2024-2025
revealed statistically,2,0,7,0,7,-0.7355895519179949,-0.3969875988470419,2024-2025
symbolic,1,0,7,0,5,-0.7355895519179949,-0.3969875988470419,2024-2025
switzerland,1,0,7,0,6,-0.7355895519179949,-0.3969875988470419,2024-2025
public service,2,0,7,0,5,-0.7355895519179949,-0.3969875988470419,2024-2025
sustainable digital,2,0,7,0,5,-0.7355895519179949,-0.3969875988470419,2024-2025
public libraries,2,0,7,0,6,-0.7355895519179949,-0.3969875988470419,2024-2025
significantly improved,2,0,7,0,7,-0.7355895519179949,-0.3969875988470419,2024-2025
significantly greater,2,0,7,0,7,-0.7355895519179949,-0.3969875988470419,2024-2025
responsible engagement,2,0,7,0,5,-0.7355895519179949,-0.3969875988470419,2024-2025
substitution,1,0,7,0,6,-0.7355895519179949,-0.3969875988470419,2024-2025
providing valuable,2,0,7,0,7,-0.7355895519179949,-0.3969875988470419,2024-2025
provides structured,2,0,7,0,7,-0.7355895519179949,-0.3969875988470419,2024-2025
antecedents,1,0,7,0,6,-0.7355895519179949,-0.3969875988470419,2024-2025
ministry,1,0,7,0,5,-0.7355895519179949,-0.3969875988470419,2024-2025
mindsets,1,0,7,0,6,-0.7355895519179949,-0.3969875988470419,2024-2025
substantially,1,0,7,0,7,-0.7355895519179949,-0.3969875988470419,2024-2025
responsibly effectively,2,0,7,0,7,-0.7355895519179949,-0.3969875988470419,2024-2025
adoption technologies,2,0,7,0,7,-0.7355895519179949,-0.3969875988470419,2024-2025
midjourney,1,0,7,0,7,-0.7355895519179949,-0.3969875988470419,2024-2025
responsiveness,1,0,7,0,7,-0.7355895519179949,-0.3969875988470419,2024-2025
microsoft,1,0,7,0,5,-0.7355895519179949,-0.3969875988470419,2024-2025
provide recommendations,2,0,7,0,7,-0.7355895519179949,-0.3969875988470419,2024-2025
methodology employs,2,0,7,0,7,-0.7355895519179949,-0.3969875988470419,2024-2025
rethink,1,0,7,0,7,-0.7355895519179949,-0.3969875988470419,2024-2025
significantly affected,2,0,7,0,6,-0.7355895519179949,-0.3969875988470419,2024-2025
significantly affect,2,0,7,0,7,-0.7355895519179949,-0.3969875988470419,2024-2025
revealed distinct,2,0,7,0,7,-0.7355895519179949,-0.3969875988470419,2024-2025
provide guidance,2,0,7,0,7,-0.7355895519179949,-0.3969875988470419,2024-2025
began,1,0,7,0,7,-0.7355895519179949,-0.3969875988470419,2024-2025
meta-analyses prisma,2,0,7,0,7,-0.7355895519179949,-0.3969875988470419,2024-2025
technical competencies,2,0,7,0,7,-0.7355895519179949,-0.3969875988470419,2024-2025
semi-structured interview,2,0,7,0,7,-0.7355895519179949,-0.3969875988470419,2024-2025
bias transparency,2,0,7,0,7,-0.7355895519179949,-0.3969875988470419,2024-2025
indices,1,0,7,0,7,-0.7355895519179949,-0.3969875988470419,2024-2025
emerging themes,2,0,7,0,6,-0.7355895519179949,-0.3969875988470419,2024-2025
emerging field,2,0,7,0,7,-0.7355895519179949,-0.3969875988470419,2024-2025
academic purposes,2,0,7,0,6,-0.7355895519179949,-0.3969875988470419,2024-2025
validated questionnaire,2,0,7,0,6,-0.7355895519179949,-0.3969875988470419,2024-2025
case-based,1,0,7,0,5,-0.7355895519179949,-0.3969875988470419,2024-2025
titles,1,0,7,0,5,-0.7355895519179949,-0.3969875988470419,2024-2025
efficiencies,1,0,7,0,5,-0.7355895519179949,-0.3969875988470419,2024-2025
influence facilitating,2,0,7,0,5,-0.7355895519179949,-0.3969875988470419,2024-2025
effective prompts,2,0,7,0,7,-0.7355895519179949,-0.3969875988470419,2024-2025
effective prompting,2,0,7,0,5,-0.7355895519179949,-0.3969875988470419,2024-2025
effective pedagogical,2,0,7,0,6,-0.7355895519179949,-0.3969875988470419,2024-2025
value contributes,2,0,7,0,7,-0.7355895519179949,-0.3969875988470419,2024-2025
effective genai,2,0,7,0,6,-0.7355895519179949,-0.3969875988470419,2024-2025
time constraints,2,0,7,0,7,-0.7355895519179949,-0.3969875988470419,2024-2025
economies,1,0,7,0,5,-0.7355895519179949,-0.3969875988470419,2024-2025
communicating,1,0,7,0,6,-0.7355895519179949,-0.3969875988470419,2024-2025
communication collaboration,2,0,7,0,7,-0.7355895519179949,-0.3969875988470419,2024-2025
communication technologies,2,0,7,0,6,-0.7355895519179949,-0.3969875988470419,2024-2025
communications,1,0,7,0,7,-0.7355895519179949,-0.3969875988470419,2024-2025
tool designed,2,0,7,0,6,-0.7355895519179949,-0.3969875988470419,2024-2025
utilised,1,0,7,0,7,-0.7355895519179949,-0.3969875988470419,2024-2025
drafts,1,0,7,0,6,-0.7355895519179949,-0.3969875988470419,2024-2025
academic success,2,0,7,0,6,-0.7355895519179949,-0.3969875988470419,2024-2025
improve quality,2,0,7,0,7,-0.7355895519179949,-0.3969875988470419,2024-2025
tools present,2,0,7,0,7,-0.7355895519179949,-0.3969875988470419,2024-2025
enhance pre-service,2,0,7,0,6,-0.7355895519179949,-0.3969875988470419,2024-2025
improving patient,2,0,7,0,7,-0.7355895519179949,-0.3969875988470419,2024-2025
tools increasingly,2,0,7,0,7,-0.7355895519179949,-0.3969875988470419,2024-2025
tools including,2,0,7,0,7,-0.7355895519179949,-0.3969875988470419,2024-2025
enhance motivation,2,0,7,0,7,-0.7355895519179949,-0.3969875988470419,2024-2025
enhance experiences,2,0,7,0,6,-0.7355895519179949,-0.3969875988470419,2024-2025
enhance critical,2,0,7,0,7,-0.7355895519179949,-0.3969875988470419,2024-2025
collected participants,2,0,7,0,7,-0.7355895519179949,-0.3969875988470419,2024-2025
engagement technologies,2,0,7,0,7,-0.7355895519179949,-0.3969875988470419,2024-2025
including educators,2,0,7,0,7,-0.7355895519179949,-0.3969875988470419,2024-2025
engagement outcomes,2,0,7,0,6,-0.7355895519179949,-0.3969875988470419,2024-2025
engagement motivation,2,0,7,0,5,-0.7355895519179949,-0.3969875988470419,2024-2025
centering,1,0,7,0,7,-0.7355895519179949,-0.3969875988470419,2024-2025
incorporating generative,2,0,7,0,7,-0.7355895519179949,-0.3969875988470419,2024-2025
increasingly digital,2,0,7,0,7,-0.7355895519179949,-0.3969875988470419,2024-2025
employed qualitative,2,0,7,0,7,-0.7355895519179949,-0.3969875988470419,2024-2025
cater,1,0,7,0,7,-0.7355895519179949,-0.3969875988470419,2024-2025
informed critical,2,0,7,0,7,-0.7355895519179949,-0.3969875988470419,2024-2025
domestic,1,0,7,0,5,-0.7355895519179949,-0.3969875988470419,2024-2025
academic environments,2,0,7,0,6,-0.7355895519179949,-0.3969875988470419,2024-2025
digital economy,2,0,7,0,7,-0.7355895519179949,-0.3969875988470419,2024-2025
integration challenges,2,0,7,0,7,-0.7355895519179949,-0.3969875988470419,2024-2025
diagnostic accuracy,2,0,7,0,7,-0.7355895519179949,-0.3969875988470419,2024-2025
theoretical insights,2,0,7,0,7,-0.7355895519179949,-0.3969875988470419,2024-2025
device,1,0,7,0,6,-0.7355895519179949,-0.3969875988470419,2024-2025
developers policymakers,2,0,7,0,7,-0.7355895519179949,-0.3969875988470419,2024-2025
develop validate,2,0,7,0,7,-0.7355895519179949,-0.3969875988470419,2024-2025
themes including,2,0,7,0,7,-0.7355895519179949,-0.3969875988470419,2024-2025
integrative review,2,0,7,0,5,-0.7355895519179949,-0.3969875988470419,2024-2025
integrity ethical,2,0,7,0,7,-0.7355895519179949,-0.3969875988470419,2024-2025
intelligent technologies,2,0,7,0,5,-0.7355895519179949,-0.3969875988470419,2024-2025
detecting,1,0,7,0,7,-0.7355895519179949,-0.3969875988470419,2024-2025
calculated,1,0,7,0,6,-0.7355895519179949,-0.3969875988470419,2024-2025
despite increasing,2,0,7,0,7,-0.7355895519179949,-0.3969875988470419,2024-2025
vocabulary,1,0,7,0,7,-0.7355895519179949,-0.3969875988470419,2024-2025
despite benefits,2,0,7,0,7,-0.7355895519179949,-0.3969875988470419,2024-2025
intentions adopt,2,0,7,0,6,-0.7355895519179949,-0.3969875988470419,2024-2025
bulgaria,1,0,7,0,5,-0.7355895519179949,-0.3969875988470419,2024-2025
descriptive cross-sectional,2,0,7,0,7,-0.7355895519179949,-0.3969875988470419,2024-2025
text mining,2,0,7,0,5,-0.7355895519179949,-0.3969875988470419,2024-2025
integrate technologies,2,0,7,0,7,-0.7355895519179949,-0.3969875988470419,2024-2025
came,1,0,7,0,7,-0.7355895519179949,-0.3969875988470419,2024-2025
various tools,2,0,7,0,7,-0.7355895519179949,-0.3969875988470419,2024-2025
campaigns,1,0,7,0,6,-0.7355895519179949,-0.3969875988470419,2024-2025
documented,1,0,7,0,7,-0.7355895519179949,-0.3969875988470419,2024-2025
diverse perspectives,2,0,7,0,7,-0.7355895519179949,-0.3969875988470419,2024-2025
distinguishing,1,0,7,0,7,-0.7355895519179949,-0.3969875988470419,2024-2025
distinctive,1,0,7,0,7,-0.7355895519179949,-0.3969875988470419,2024-2025
comparatively,1,0,7,0,6,-0.7355895519179949,-0.3969875988470419,2024-2025
insights generative,2,0,7,0,6,-0.7355895519179949,-0.3969875988470419,2024-2025
insights perceptions,2,0,7,0,7,-0.7355895519179949,-0.3969875988470419,2024-2025
insights policymakers,2,0,7,0,7,-0.7355895519179949,-0.3969875988470419,2024-2025
disposition,1,0,7,0,5,-0.7355895519179949,-0.3969875988470419,2024-2025
institute,1,0,7,0,7,-0.7355895519179949,-0.3969875988470419,2024-2025
dishonesty,1,0,7,0,7,-0.7355895519179949,-0.3969875988470419,2024-2025
compared traditional,2,0,7,0,7,-0.7355895519179949,-0.3969875988470419,2024-2025
compatibility,1,0,7,0,7,-0.7355895519179949,-0.3969875988470419,2024-2025
disconnect,1,0,7,0,7,-0.7355895519179949,-0.3969875988470419,2024-2025
discern,1,0,7,0,6,-0.7355895519179949,-0.3969875988470419,2024-2025
disadvantages,1,0,7,0,7,-0.7355895519179949,-0.3969875988470419,2024-2025
institutions heis,2,0,7,0,7,-0.7355895519179949,-0.3969875988470419,2024-2025
direct indirect,2,0,7,0,7,-0.7355895519179949,-0.3969875988470419,2024-2025
thesis,1,0,7,0,7,-0.7355895519179949,-0.3969875988470419,2024-2025
ensure future,2,0,7,0,7,-0.7355895519179949,-0.3969875988470419,2024-2025
importance addressing,2,0,7,0,7,-0.7355895519179949,-0.3969875988470419,2024-2025
tools professional,2,0,7,0,7,-0.7355895519179949,-0.3969875988470419,2024-2025
good reliability,2,0,7,0,7,-0.7355895519179949,-0.3969875988470419,2024-2025
forefront,1,0,7,0,7,-0.7355895519179949,-0.3969875988470419,2024-2025
focusing key,2,0,7,0,7,-0.7355895519179949,-0.3969875988470419,2024-2025
claim,1,0,7,0,7,-0.7355895519179949,-0.3969875988470419,2024-2025
underscoring importance,2,0,7,0,7,-0.7355895519179949,-0.3969875988470419,2024-2025
graders,1,0,7,0,6,-0.7355895519179949,-0.3969875988470419,2024-2025
classroom activities,2,0,7,0,6,-0.7355895519179949,-0.3969875988470419,2024-2025
favourable,1,0,7,0,7,-0.7355895519179949,-0.3969875988470419,2024-2025
transforming higher,2,0,7,0,6,-0.7355895519179949,-0.3969875988470419,2024-2025
fast,1,0,7,0,7,-0.7355895519179949,-0.3969875988470419,2024-2025
chat generative,2,0,7,0,7,-0.7355895519179949,-0.3969875988470419,2024-2025
understand critically,2,0,7,0,7,-0.7355895519179949,-0.3969875988470419,2024-2025
fake,1,0,7,0,6,-0.7355895519179949,-0.3969875988470419,2024-2025
faculty training,2,0,7,0,6,-0.7355895519179949,-0.3969875988470419,2024-2025
faculty perspectives,2,0,7,0,7,-0.7355895519179949,-0.3969875988470419,2024-2025
transformative opportunities,2,0,7,0,7,-0.7355895519179949,-0.3969875988470419,2024-2025
characterize,1,0,7,0,7,-0.7355895519179949,-0.3969875988470419,2024-2025
clear policies,2,0,7,0,7,-0.7355895519179949,-0.3969875988470419,2024-2025
facilitators,1,0,7,0,5,-0.7355895519179949,-0.3969875988470419,2024-2025
facilitator,1,0,7,0,7,-0.7355895519179949,-0.3969875988470419,2024-2025
chatgpt enhance,2,0,7,0,7,-0.7355895519179949,-0.3969875988470419,2024-2025
forming,1,0,7,0,7,-0.7355895519179949,-0.3969875988470419,2024-2025
challenges adoption,2,0,7,0,6,-0.7355895519179949,-0.3969875988470419,2024-2025
fragmentation,1,0,7,0,7,-0.7355895519179949,-0.3969875988470419,2024-2025
genai presents,2,0,7,0,7,-0.7355895519179949,-0.3969875988470419,2024-2025
genai applications,2,0,7,0,7,-0.7355895519179949,-0.3969875988470419,2024-2025
gender-based,1,0,7,0,5,-0.7355895519179949,-0.3969875988470419,2024-2025
garnered attention,2,0,7,0,7,-0.7355895519179949,-0.3969875988470419,2024-2025
twenty-first,1,0,7,0,7,-0.7355895519179949,-0.3969875988470419,2024-2025
twenty-first century,2,0,7,0,7,-0.7355895519179949,-0.3969875988470419,2024-2025
generative applications,2,0,7,0,7,-0.7355895519179949,-0.3969875988470419,2024-2025
generative chatgpt,2,0,7,0,7,-0.7355895519179949,-0.3969875988470419,2024-2025
accounted,1,0,7,0,5,-0.7355895519179949,-0.3969875988470419,2024-2025
generative integration,2,0,7,0,6,-0.7355895519179949,-0.3969875988470419,2024-2025
checking,1,0,7,0,7,-0.7355895519179949,-0.3969875988470419,2024-2025
future practices,2,0,7,0,7,-0.7355895519179949,-0.3969875988470419,2024-2025
generative pre-trained,2,0,7,0,7,-0.7355895519179949,-0.3969875988470419,2024-2025
triangulated,1,0,7,0,7,-0.7355895519179949,-0.3969875988470419,2024-2025
china united,2,0,7,0,7,-0.7355895519179949,-0.3969875988470419,2024-2025
uncertainties,1,0,7,0,6,-0.7355895519179949,-0.3969875988470419,2024-2025
genre,1,0,7,0,6,-0.7355895519179949,-0.3969875988470419,2024-2025
uncovered,1,0,7,0,7,-0.7355895519179949,-0.3969875988470419,2024-2025
german,1,0,7,0,7,-0.7355895519179949,-0.3969875988470419,2024-2025
hands-on engagement,2,0,7,0,7,-0.7355895519179949,-0.3969875988470419,2024-2025
understanding applications,2,0,7,0,7,-0.7355895519179949,-0.3969875988470419,2024-2025
understanding capabilities,2,0,7,0,7,-0.7355895519179949,-0.3969875988470419,2024-2025
face-to-face,1,0,7,0,7,-0.7355895519179949,-0.3969875988470419,2024-2025
ethnicity,1,0,7,0,5,-0.7355895519179949,-0.3969875988470419,2024-2025
total participants,2,0,7,0,7,-0.7355895519179949,-0.3969875988470419,2024-2025
ethical responsibility,2,0,7,0,5,-0.7355895519179949,-0.3969875988470419,2024-2025
ideation,1,0,7,0,6,-0.7355895519179949,-0.3969875988470419,2024-2025
challenges implementation,2,0,7,0,6,-0.7355895519179949,-0.3969875988470419,2024-2025
challenges identified,2,0,7,0,7,-0.7355895519179949,-0.3969875988470419,2024-2025
essential competencies,2,0,7,0,7,-0.7355895519179949,-0.3969875988470419,2024-2025
unpacking,1,0,7,0,6,-0.7355895519179949,-0.3969875988470419,2024-2025
immediate feedback,2,0,7,0,7,-0.7355895519179949,-0.3969875988470419,2024-2025
equitable integration,2,0,7,0,7,-0.7355895519179949,-0.3969875988470419,2024-2025
unprepared,1,0,7,0,7,-0.7355895519179949,-0.3969875988470419,2024-2025
unveiling,1,0,7,0,7,-0.7355895519179949,-0.3969875988470419,2024-2025
academic years,2,0,7,0,6,-0.7355895519179949,-0.3969875988470419,2024-2025
equip educators,2,0,7,0,7,-0.7355895519179949,-0.3969875988470419,2024-2025
impede,1,0,7,0,7,-0.7355895519179949,-0.3969875988470419,2024-2025
updates,1,0,7,0,6,-0.7355895519179949,-0.3969875988470419,2024-2025
updating,1,0,7,0,7,-0.7355895519179949,-0.3969875988470419,2024-2025
entertainment,1,0,7,0,6,-0.7355895519179949,-0.3969875988470419,2024-2025
implications designing,2,0,7,0,7,-0.7355895519179949,-0.3969875988470419,2024-2025
touch,1,0,7,0,5,-0.7355895519179949,-0.3969875988470419,2024-2025
human values,2,0,7,0,7,-0.7355895519179949,-0.3969875988470419,2024-2025
human judgment,2,0,7,0,7,-0.7355895519179949,-0.3969875988470419,2024-2025
understanding perceptions,2,0,7,0,7,-0.7355895519179949,-0.3969875988470419,2024-2025
extracted,1,0,7,0,7,-0.7355895519179949,-0.3969875988470419,2024-2025
exponential,1,0,7,0,7,-0.7355895519179949,-0.3969875988470419,2024-2025
healthcare landscape,2,0,7,0,7,-0.7355895519179949,-0.3969875988470419,2024-2025
healthcare workforce,2,0,7,0,5,-0.7355895519179949,-0.3969875988470419,2024-2025
exploratory confirmatory,2,0,7,0,7,-0.7355895519179949,-0.3969875988470419,2024-2025
clinical workflows,2,0,7,0,7,-0.7355895519179949,-0.3969875988470419,2024-2025
clinically,1,0,7,0,6,-0.7355895519179949,-0.3969875988470419,2024-2025
helpfulness,1,0,7,0,7,-0.7355895519179949,-0.3969875988470419,2024-2025
understanding principles,2,0,7,0,7,-0.7355895519179949,-0.3969875988470419,2024-2025
evaluating effectiveness,2,0,7,0,7,-0.7355895519179949,-0.3969875988470419,2024-2025
higher institution,2,0,7,0,7,-0.7355895519179949,-0.3969875988470419,2024-2025
cloud,1,0,7,0,5,-0.7355895519179949,-0.3969875988470419,2024-2025
understudied,1,0,7,0,7,-0.7355895519179949,-0.3969875988470419,2024-2025
training curricula,2,0,7,0,7,-0.7355895519179949,-0.3969875988470419,2024-2025
expect,1,0,7,0,6,-0.7355895519179949,-0.3969875988470419,2024-2025
expands,1,0,7,0,7,-0.7355895519179949,-0.3969875988470419,2024-2025
tracking,1,0,7,0,7,-0.7355895519179949,-0.3969875988470419,2024-2025
excitement,1,0,7,0,7,-0.7355895519179949,-0.3969875988470419,2024-2025
dependent,1,0,7,0,7,-0.7355895519179949,-0.3969875988470419,2024-2025
valuable tool,2,0,7,0,7,-0.7355895519179949,-0.3969875988470419,2024-2025
willingness adopt,2,0,7,0,5,-0.7355895519179949,-0.3969875988470419,2024-2025
limiting,1,0,7,0,7,-0.7355895519179949,-0.3969875988470419,2024-2025
critical issues,2,0,7,0,6,-0.7355895519179949,-0.3969875988470419,2024-2025
technical limitations,2,0,7,0,7,-0.7355895519179949,-0.3969875988470419,2024-2025
critical insights,2,0,7,0,7,-0.7355895519179949,-0.3969875988470419,2024-2025
dangers,1,0,7,0,7,-0.7355895519179949,-0.3969875988470419,2024-2025
technological landscape,2,0,7,0,7,-0.7355895519179949,-0.3969875988470419,2024-2025
critical gaps,2,0,7,0,7,-0.7355895519179949,-0.3969875988470419,2024-2025
intricacies,1,0,7,0,7,-0.7355895519179949,-0.3969875988470419,2024-2025
academic dishonesty,2,0,7,0,7,-0.7355895519179949,-0.3969875988470419,2024-2025
corporations,1,0,7,0,5,-0.7355895519179949,-0.3969875988470419,2024-2025
japan,1,0,7,0,7,-0.7355895519179949,-0.3969875988470419,2024-2025
connecting,1,0,7,0,7,-0.7355895519179949,-0.3969875988470419,2024-2025
creating new,2,0,7,0,7,-0.7355895519179949,-0.3969875988470419,2024-2025
breadth,1,0,7,0,5,-0.7355895519179949,-0.3969875988470419,2024-2025
june,1,0,7,0,7,-0.7355895519179949,-0.3969875988470419,2024-2025
books,1,0,7,0,5,-0.7355895519179949,-0.3969875988470419,2024-2025
technology application,2,0,7,0,5,-0.7355895519179949,-0.3969875988470419,2024-2025
contradictory,1,0,7,0,7,-0.7355895519179949,-0.3969875988470419,2024-2025
council,1,0,7,0,6,-0.7355895519179949,-0.3969875988470419,2024-2025
inventory,1,0,7,0,5,-0.7355895519179949,-0.3969875988470419,2024-2025
curriculum reform,2,0,7,0,6,-0.7355895519179949,-0.3969875988470419,2024-2025
contextual factors,2,0,7,0,6,-0.7355895519179949,-0.3969875988470419,2024-2025
language classroom,2,0,7,0,7,-0.7355895519179949,-0.3969875988470419,2024-2025
technological advances,2,0,7,0,7,-0.7355895519179949,-0.3969875988470419,2024-2025
tendencies,1,0,7,0,5,-0.7355895519179949,-0.3969875988470419,2024-2025
leveraging generative,2,0,7,0,7,-0.7355895519179949,-0.3969875988470419,2024-2025
technical support,2,0,7,0,7,-0.7355895519179949,-0.3969875988470419,2024-2025
language generative,2,0,7,0,6,-0.7355895519179949,-0.3969875988470419,2024-2025
decline,1,0,7,0,7,-0.7355895519179949,-0.3969875988470419,2024-2025
job security,2,0,7,0,5,-0.7355895519179949,-0.3969875988470419,2024-2025
iterative refinement,2,0,7,0,7,-0.7355895519179949,-0.3969875988470419,2024-2025
counterparts,1,0,7,0,7,-0.7355895519179949,-0.3969875988470419,2024-2025
context generative,2,0,7,0,7,-0.7355895519179949,-0.3969875988470419,2024-2025
legal ethical,2,0,7,0,6,-0.7355895519179949,-0.3969875988470419,2024-2025
key competencies,2,0,7,0,7,-0.7355895519179949,-0.3969875988470419,2024-2025
interrelated,1,0,7,0,7,-0.7355895519179949,-0.3969875988470419,2024-2025
debugging,1,0,7,0,5,-0.7355895519179949,-0.3969875988470419,2024-2025
cross-sectional background,2,0,7,0,7,-0.7355895519179949,-0.3969875988470419,2024-2025
coordination,1,0,7,0,7,-0.7355895519179949,-0.3969875988470419,2024-2025
key barriers,2,0,7,0,7,-0.7355895519179949,-0.3969875988470419,2024-2025
interviewing,1,0,7,0,5,-0.7355895519179949,-0.3969875988470419,2024-2025
key stakeholders,2,0,7,0,7,-0.7355895519179949,-0.3969875988470419,2024-2025
literature providing,2,0,7,0,7,-0.7355895519179949,-0.3969875988470419,2024-2025
latin,1,0,7,0,5,-0.7355895519179949,-0.3969875988470419,2024-2025
consultation,1,0,7,0,5,-0.7355895519179949,-0.3969875988470419,2024-2025
irreplaceable,1,0,7,0,7,-0.7355895519179949,-0.3969875988470419,2024-2025
demanding,1,0,7,0,7,-0.7355895519179949,-0.3969875988470419,2024-2025
demonstrated moderate,2,0,7,0,7,-0.7355895519179949,-0.3969875988470419,2024-2025
limitations ethical,2,0,7,0,7,-0.7355895519179949,-0.3969875988470419,2024-2025
limitations,1,7,191,6,178,-0.10467781522322817,-0.3979474354211329,2024-2025
supporting,1,4,117,4,106,-0.13654015679633513,-0.4002730387739687,2024-2025
did,1,2,66,2,57,-0.1890282655372495,-0.40611357621584326,2024-2025
generate,1,2,66,2,61,-0.1890282655372495,-0.40611357621584326,2024-2025
indicating,1,1,39,1,39,-0.2559177930747829,-0.4095950784786411,2024-2025
version,1,1,39,1,34,-0.2559177930747829,-0.4095950784786411,2024-2025
rural,1,1,39,1,17,-0.2559177930747829,-0.4095950784786411,2024-2025
utilize,1,1,39,1,38,-0.2559177930747829,-0.4095950784786411,2024-2025
graduate,1,1,39,1,31,-0.2559177930747829,-0.4095950784786411,2024-2025
measurement,1,1,39,1,28,-0.2559177930747829,-0.4095950784786411,2024-2025
concerning,1,1,39,1,36,-0.2559177930747829,-0.4095950784786411,2024-2025
valid,1,1,39,1,38,-0.2559177930747829,-0.4095950784786411,2024-2025
authentic,1,1,39,1,31,-0.2559177930747829,-0.4095950784786411,2024-2025
calls,1,1,39,1,38,-0.2559177930747829,-0.4095950784786411,2024-2025
component,1,1,39,1,35,-0.2559177930747829,-0.4095950784786411,2024-2025
consider,1,2,67,2,65,-0.19532770192006232,-0.42157018130761575,2024-2025
confidently,1,0,8,0,8,-0.7355921356271988,-0.42439908543499205,2024-2025
talents,1,0,8,0,8,-0.7355921356271988,-0.42439908543499205,2024-2025
ethical aspects,2,0,8,0,7,-0.7355921356271988,-0.42439908543499205,2024-2025
implications academic,2,0,8,0,8,-0.7355921356271988,-0.42439908543499205,2024-2025
psychological mechanisms,2,0,8,0,6,-0.7355921356271988,-0.42439908543499205,2024-2025
accommodate,1,0,8,0,8,-0.7355921356271988,-0.42439908543499205,2024-2025
challenges educators,2,0,8,0,8,-0.7355921356271988,-0.42439908543499205,2024-2025
equally,1,0,8,0,8,-0.7355921356271988,-0.42439908543499205,2024-2025
prototype,1,0,8,0,7,-0.7355921356271988,-0.42439908543499205,2024-2025
provides theoretical,2,0,8,0,8,-0.7355921356271988,-0.42439908543499205,2024-2025
pre post-test,2,0,8,0,7,-0.7355921356271988,-0.42439908543499205,2024-2025
essential effective,2,0,8,0,8,-0.7355921356271988,-0.42439908543499205,2024-2025
actual usage,2,0,8,0,6,-0.7355921356271988,-0.42439908543499205,2024-2025
provide comprehensive,2,0,8,0,8,-0.7355921356271988,-0.42439908543499205,2024-2025
mapped,1,0,8,0,7,-0.7355921356271988,-0.42439908543499205,2024-2025
blend,1,0,8,0,8,-0.7355921356271988,-0.42439908543499205,2024-2025
first-year writing,2,0,8,0,7,-0.7355921356271988,-0.42439908543499205,2024-2025
bolster,1,0,8,0,8,-0.7355921356271988,-0.42439908543499205,2024-2025
creatively,1,0,8,0,8,-0.7355921356271988,-0.42439908543499205,2024-2025
september,1,0,8,0,8,-0.7355921356271988,-0.42439908543499205,2024-2025
challenges face,2,0,8,0,8,-0.7355921356271988,-0.42439908543499205,2024-2025
open-ended questions,2,0,8,0,8,-0.7355921356271988,-0.42439908543499205,2024-2025
depend,1,0,8,0,8,-0.7355921356271988,-0.42439908543499205,2024-2025
suggest need,2,0,8,0,8,-0.7355921356271988,-0.42439908543499205,2024-2025
qualitative case,2,0,8,0,7,-0.7355921356271988,-0.42439908543499205,2024-2025
summaries,1,0,8,0,6,-0.7355921356271988,-0.42439908543499205,2024-2025
critical importance,2,0,8,0,8,-0.7355921356271988,-0.42439908543499205,2024-2025
qualitative comparative,2,0,8,0,8,-0.7355921356271988,-0.42439908543499205,2024-2025
transparency fairness,2,0,8,0,7,-0.7355921356271988,-0.42439908543499205,2024-2025
inclination,1,0,8,0,6,-0.7355921356271988,-0.42439908543499205,2024-2025
tools especially,2,0,8,0,8,-0.7355921356271988,-0.42439908543499205,2024-2025
usage behavior,2,0,8,0,5,-0.7355921356271988,-0.42439908543499205,2024-2025
obligations,1,0,8,0,5,-0.7355921356271988,-0.42439908543499205,2024-2025
critical language,2,0,8,0,5,-0.7355921356271988,-0.42439908543499205,2024-2025
usage frequency,2,0,8,0,7,-0.7355921356271988,-0.42439908543499205,2024-2025
context-aware,1,0,8,0,7,-0.7355921356271988,-0.42439908543499205,2024-2025
key recommendations,2,0,8,0,7,-0.7355921356271988,-0.42439908543499205,2024-2025
critical understanding,2,0,8,0,8,-0.7355921356271988,-0.42439908543499205,2024-2025
postdigital,1,0,8,0,5,-0.7355921356271988,-0.42439908543499205,2024-2025
post-tests,1,0,8,0,8,-0.7355921356271988,-0.42439908543499205,2024-2025
chosen,1,0,8,0,8,-0.7355921356271988,-0.42439908543499205,2024-2025
quasi-experimental design,2,0,8,0,8,-0.7355921356271988,-0.42439908543499205,2024-2025
critical awareness,2,0,8,0,8,-0.7355921356271988,-0.42439908543499205,2024-2025
qualitative analyses,2,0,8,0,8,-0.7355921356271988,-0.42439908543499205,2024-2025
looks,1,0,8,0,8,-0.7355921356271988,-0.42439908543499205,2024-2025
stem fields,2,0,8,0,5,-0.7355921356271988,-0.42439908543499205,2024-2025
offers valuable,2,0,8,0,8,-0.7355921356271988,-0.42439908543499205,2024-2025
creativity critical,2,0,8,0,7,-0.7355921356271988,-0.42439908543499205,2024-2025
perceived trust,2,0,8,0,5,-0.7355921356271988,-0.42439908543499205,2024-2025
public universities,2,0,8,0,5,-0.7355921356271988,-0.42439908543499205,2024-2025
structured integration,2,0,8,0,7,-0.7355921356271988,-0.42439908543499205,2024-2025
crisis,1,0,8,0,6,-0.7355921356271988,-0.42439908543499205,2024-2025
ai-generated text,2,0,8,0,5,-0.7355921356271988,-0.42439908543499205,2024-2025
sourced,1,0,8,0,8,-0.7355921356271988,-0.42439908543499205,2024-2025
cited,1,0,8,0,8,-0.7355921356271988,-0.42439908543499205,2024-2025
published january,2,0,8,0,8,-0.7355921356271988,-0.42439908543499205,2024-2025
enhancing efficiency,2,0,8,0,8,-0.7355921356271988,-0.42439908543499205,2024-2025
offering practical,2,0,8,0,8,-0.7355921356271988,-0.42439908543499205,2024-2025
ethical critical,2,0,8,0,8,-0.7355921356271988,-0.42439908543499205,2024-2025
academic year,2,0,8,0,7,-0.7355921356271988,-0.42439908543499205,2024-2025
tailoring,1,0,8,0,8,-0.7355921356271988,-0.42439908543499205,2024-2025
abstracts,1,0,8,0,8,-0.7355921356271988,-0.42439908543499205,2024-2025
advanced technologies,2,0,8,0,8,-0.7355921356271988,-0.42439908543499205,2024-2025
enhancing academic,2,0,8,0,8,-0.7355921356271988,-0.42439908543499205,2024-2025
coherent,1,0,8,0,8,-0.7355921356271988,-0.42439908543499205,2024-2025
pre post-tests,2,0,8,0,8,-0.7355921356271988,-0.42439908543499205,2024-2025
corporate,1,0,8,0,7,-0.7355921356271988,-0.42439908543499205,2024-2025
prior exposure,2,0,8,0,7,-0.7355921356271988,-0.42439908543499205,2024-2025
late,1,0,8,0,8,-0.7355921356271988,-0.42439908543499205,2024-2025
high-risk,1,0,8,0,6,-0.7355921356271988,-0.42439908543499205,2024-2025
understanding tools,2,0,8,0,8,-0.7355921356271988,-0.42439908543499205,2024-2025
bodies,1,0,8,0,7,-0.7355921356271988,-0.42439908543499205,2024-2025
privacy issues,2,0,8,0,8,-0.7355921356271988,-0.42439908543499205,2024-2025
paramount,1,0,8,0,8,-0.7355921356271988,-0.42439908543499205,2024-2025
privacy risks,2,0,8,0,8,-0.7355921356271988,-0.42439908543499205,2024-2025
expectancy social,2,0,8,0,6,-0.7355921356271988,-0.42439908543499205,2024-2025
proactively,1,0,8,0,8,-0.7355921356271988,-0.42439908543499205,2024-2025
large-scale,1,0,8,0,7,-0.7355921356271988,-0.42439908543499205,2024-2025
scratch,1,0,8,0,7,-0.7355921356271988,-0.42439908543499205,2024-2025
challenges traditional,2,0,8,0,8,-0.7355921356271988,-0.42439908543499205,2024-2025
co-create,1,0,8,0,7,-0.7355921356271988,-0.42439908543499205,2024-2025
co-designed,1,0,8,0,7,-0.7355921356271988,-0.42439908543499205,2024-2025
coded,1,0,8,0,8,-0.7355921356271988,-0.42439908543499205,2024-2025
traditionally,1,0,8,0,8,-0.7355921356271988,-0.42439908543499205,2024-2025
execution,1,0,8,0,8,-0.7355921356271988,-0.42439908543499205,2024-2025
exclusion,1,0,8,0,8,-0.7355921356271988,-0.42439908543499205,2024-2025
seamlessly,1,0,8,0,8,-0.7355921356271988,-0.42439908543499205,2024-2025
transformative force,2,0,8,0,8,-0.7355921356271988,-0.42439908543499205,2024-2025
predictive modeling,2,0,8,0,6,-0.7355921356271988,-0.42439908543499205,2024-2025
search conducted,2,0,8,0,8,-0.7355921356271988,-0.42439908543499205,2024-2025
macro,1,0,8,0,7,-0.7355921356271988,-0.42439908543499205,2024-2025
state university,2,0,8,0,8,-0.7355921356271988,-0.42439908543499205,2024-2025
partners,1,0,8,0,7,-0.7355921356271988,-0.42439908543499205,2024-2025
transcripts,1,0,8,0,8,-0.7355921356271988,-0.42439908543499205,2024-2025
prepare ai-driven,2,0,8,0,7,-0.7355921356271988,-0.42439908543499205,2024-2025
trajectory,1,0,8,0,8,-0.7355921356271988,-0.42439908543499205,2024-2025
factors shaping,2,0,8,0,8,-0.7355921356271988,-0.42439908543499205,2024-2025
preparation programs,2,0,8,0,6,-0.7355921356271988,-0.42439908543499205,2024-2025
extremely,1,0,8,0,7,-0.7355921356271988,-0.42439908543499205,2024-2025
access technologies,2,0,8,0,7,-0.7355921356271988,-0.42439908543499205,2024-2025
blueprint,1,0,8,0,7,-0.7355921356271988,-0.42439908543499205,2024-2025
prevailing,1,0,8,0,8,-0.7355921356271988,-0.42439908543499205,2024-2025
explore relationships,2,0,8,0,8,-0.7355921356271988,-0.42439908543499205,2024-2025
laying,1,0,8,0,8,-0.7355921356271988,-0.42439908543499205,2024-2025
technological progress,2,0,8,0,8,-0.7355921356271988,-0.42439908543499205,2024-2025
explore long-term,2,0,8,0,8,-0.7355921356271988,-0.42439908543499205,2024-2025
healthcare settings,2,0,8,0,8,-0.7355921356271988,-0.42439908543499205,2024-2025
writing practices,2,0,8,0,6,-0.7355921356271988,-0.42439908543499205,2024-2025
technologies including,2,0,8,0,8,-0.7355921356271988,-0.42439908543499205,2024-2025
attended,1,0,8,0,7,-0.7355921356271988,-0.42439908543499205,2024-2025
substantial benefits,2,0,8,0,8,-0.7355921356271988,-0.42439908543499205,2024-2025
lacked,1,0,8,0,8,-0.7355921356271988,-0.42439908543499205,2024-2025
attitudes intentions,2,0,8,0,7,-0.7355921356271988,-0.42439908543499205,2024-2025
greatly,1,0,8,0,8,-0.7355921356271988,-0.42439908543499205,2024-2025
faster,1,0,8,0,8,-0.7355921356271988,-0.42439908543499205,2024-2025
pre-trained,1,0,8,0,8,-0.7355921356271988,-0.42439908543499205,2024-2025
attitudes scale,2,0,8,0,8,-0.7355921356271988,-0.42439908543499205,2024-2025
mandatory,1,0,8,0,8,-0.7355921356271988,-0.42439908543499205,2024-2025
applications ethical,2,0,8,0,8,-0.7355921356271988,-0.42439908543499205,2024-2025
ethical usage,2,0,8,0,8,-0.7355921356271988,-0.42439908543499205,2024-2025
ethical technical,2,0,8,0,6,-0.7355921356271988,-0.42439908543499205,2024-2025
questionnaire survey,2,0,8,0,8,-0.7355921356271988,-0.42439908543499205,2024-2025
ethical responsible,2,0,8,0,8,-0.7355921356271988,-0.42439908543499205,2024-2025
optimal,1,0,8,0,8,-0.7355921356271988,-0.42439908543499205,2024-2025
scoping reviews,2,0,8,0,8,-0.7355921356271988,-0.42439908543499205,2024-2025
ethical privacy,2,0,8,0,8,-0.7355921356271988,-0.42439908543499205,2024-2025
opportunities presented,2,0,8,0,7,-0.7355921356271988,-0.42439908543499205,2024-2025
challenges implementing,2,0,8,0,8,-0.7355921356271988,-0.42439908543499205,2024-2025
ability understand,2,0,8,0,8,-0.7355921356271988,-0.42439908543499205,2024-2025
ethical practice,2,0,8,0,7,-0.7355921356271988,-0.42439908543499205,2024-2025
pre-service perceptions,2,0,8,0,7,-0.7355921356271988,-0.42439908543499205,2024-2025
featuring,1,0,8,0,8,-0.7355921356271988,-0.42439908543499205,2024-2025
transformer chatgpt,2,0,8,0,8,-0.7355921356271988,-0.42439908543499205,2024-2025
librarianship,1,0,8,0,7,-0.7355921356271988,-0.42439908543499205,2024-2025
traces,1,0,8,0,5,-0.7355921356271988,-0.42439908543499205,2024-2025
attitudes genai,2,0,8,0,6,-0.7355921356271988,-0.42439908543499205,2024-2025
exchange,1,0,8,0,8,-0.7355921356271988,-0.42439908543499205,2024-2025
pedagogic,1,0,8,0,5,-0.7355921356271988,-0.42439908543499205,2024-2025
adoption intentions,2,0,8,0,6,-0.7355921356271988,-0.42439908543499205,2024-2025
group received,2,0,8,0,6,-0.7355921356271988,-0.42439908543499205,2024-2025
continuous training,2,0,8,0,7,-0.7355921356271988,-0.42439908543499205,2024-2025
professional identity,2,0,8,0,8,-0.7355921356271988,-0.42439908543499205,2024-2025
struggles,1,0,8,0,8,-0.7355921356271988,-0.42439908543499205,2024-2025
specificity,1,0,8,0,6,-0.7355921356271988,-0.42439908543499205,2024-2025
exacerbating,1,0,8,0,8,-0.7355921356271988,-0.42439908543499205,2024-2025
unethical,1,0,8,0,7,-0.7355921356271988,-0.42439908543499205,2024-2025
exacerbate,1,0,8,0,8,-0.7355921356271988,-0.42439908543499205,2024-2025
evolving technological,2,0,8,0,8,-0.7355921356271988,-0.42439908543499205,2024-2025
pedagogical frameworks,2,0,8,0,7,-0.7355921356271988,-0.42439908543499205,2024-2025
evaluation ethics,2,0,8,0,7,-0.7355921356271988,-0.42439908543499205,2024-2025
human creativity,2,0,8,0,7,-0.7355921356271988,-0.42439908543499205,2024-2025
human expertise,2,0,8,0,7,-0.7355921356271988,-0.42439908543499205,2024-2025
human machine,2,0,8,0,7,-0.7355921356271988,-0.42439908543499205,2024-2025
human resource,2,0,8,0,7,-0.7355921356271988,-0.42439908543499205,2024-2025
successful adoption,2,0,8,0,8,-0.7355921356271988,-0.42439908543499205,2024-2025
stimulus-organism-response,1,0,8,0,6,-0.7355921356271988,-0.42439908543499205,2024-2025
empower educators,2,0,8,0,8,-0.7355921356271988,-0.42439908543499205,2024-2025
critically assess,2,0,8,0,8,-0.7355921356271988,-0.42439908543499205,2024-2025
risk management,2,0,8,0,5,-0.7355921356271988,-0.42439908543499205,2024-2025
surge,1,0,8,0,8,-0.7355921356271988,-0.42439908543499205,2024-2025
digital english,2,0,8,0,5,-0.7355921356271988,-0.42439908543499205,2024-2025
complements,1,0,8,0,8,-0.7355921356271988,-0.42439908543499205,2024-2025
integrate tools,2,0,8,0,8,-0.7355921356271988,-0.42439908543499205,2024-2025
accounts,1,0,8,0,6,-0.7355921356271988,-0.42439908543499205,2024-2025
aimed investigate,2,0,8,0,8,-0.7355921356271988,-0.42439908543499205,2024-2025
replace human,2,0,8,0,8,-0.7355921356271988,-0.42439908543499205,2024-2025
aimed identify,2,0,8,0,8,-0.7355921356271988,-0.42439908543499205,2024-2025
motivation self-efficacy,2,0,8,0,7,-0.7355921356271988,-0.42439908543499205,2024-2025
constructing,1,0,8,0,7,-0.7355921356271988,-0.42439908543499205,2024-2025
integrating tools,2,0,8,0,8,-0.7355921356271988,-0.42439908543499205,2024-2025
bangladeshi,1,0,8,0,5,-0.7355921356271988,-0.42439908543499205,2024-2025
differences observed,2,0,8,0,8,-0.7355921356271988,-0.42439908543499205,2024-2025
decrease,1,0,8,0,7,-0.7355921356271988,-0.42439908543499205,2024-2025
gap theoretical,2,0,8,0,8,-0.7355921356271988,-0.42439908543499205,2024-2025
survey collected,2,0,8,0,8,-0.7355921356271988,-0.42439908543499205,2024-2025
living,1,0,8,0,7,-0.7355921356271988,-0.42439908543499205,2024-2025
gathering,1,0,8,0,8,-0.7355921356271988,-0.42439908543499205,2024-2025
dialogic,1,0,8,0,6,-0.7355921356271988,-0.42439908543499205,2024-2025
balances,1,0,8,0,8,-0.7355921356271988,-0.42439908543499205,2024-2025
contains,1,0,8,0,8,-0.7355921356271988,-0.42439908543499205,2024-2025
instrumental,1,0,8,0,8,-0.7355921356271988,-0.42439908543499205,2024-2025
chinese higher,2,0,8,0,5,-0.7355921356271988,-0.42439908543499205,2024-2025
academic disciplines,2,0,8,0,8,-0.7355921356271988,-0.42439908543499205,2024-2025
navigate evolving,2,0,8,0,8,-0.7355921356271988,-0.42439908543499205,2024-2025
generative gen-ai,2,0,8,0,8,-0.7355921356271988,-0.42439908543499205,2024-2025
discrepancy,1,0,8,0,8,-0.7355921356271988,-0.42439908543499205,2024-2025
skill set,2,0,8,0,8,-0.7355921356271988,-0.42439908543499205,2024-2025
begun,1,0,8,0,7,-0.7355921356271988,-0.42439908543499205,2024-2025
competence relatedness,2,0,8,0,6,-0.7355921356271988,-0.42439908543499205,2024-2025
chatgpt support,2,0,8,0,6,-0.7355921356271988,-0.42439908543499205,2024-2025
investigations,1,0,8,0,8,-0.7355921356271988,-0.42439908543499205,2024-2025
generative critical,2,0,8,0,8,-0.7355921356271988,-0.42439908543499205,2024-2025
digital technology,2,0,8,0,8,-0.7355921356271988,-0.42439908543499205,2024-2025
digital storytelling,2,0,8,0,5,-0.7355921356271988,-0.42439908543499205,2024-2025
rigor,1,0,8,0,8,-0.7355921356271988,-0.42439908543499205,2024-2025
competitive advantage,2,0,8,0,5,-0.7355921356271988,-0.42439908543499205,2024-2025
digital landscape,2,0,8,0,8,-0.7355921356271988,-0.42439908543499205,2024-2025
digital infrastructure,2,0,8,0,8,-0.7355921356271988,-0.42439908543499205,2024-2025
accurately,1,0,8,0,8,-0.7355921356271988,-0.42439908543499205,2024-2025
vietnamese,1,0,8,0,8,-0.7355921356271988,-0.42439908543499205,2024-2025
virtual reality,2,0,8,0,8,-0.7355921356271988,-0.42439908543499205,2024-2025
chatgpt nursing,2,0,8,0,5,-0.7355921356271988,-0.42439908543499205,2024-2025
republic,1,0,8,0,6,-0.7355921356271988,-0.42439908543499205,2024-2025
responsible ethical,2,0,8,0,8,-0.7355921356271988,-0.42439908543499205,2024-2025
stratified,1,0,8,0,8,-0.7355921356271988,-0.42439908543499205,2024-2025
significantly increased,2,0,8,0,8,-0.7355921356271988,-0.42439908543499205,2024-2025
concentrated,1,0,8,0,8,-0.7355921356271988,-0.42439908543499205,2024-2025
burgeoning,1,0,8,0,8,-0.7355921356271988,-0.42439908543499205,2024-2025
concepts ethical,2,0,8,0,7,-0.7355921356271988,-0.42439908543499205,2024-2025
design collected,2,0,8,0,8,-0.7355921356271988,-0.42439908543499205,2024-2025
thailand,1,0,8,0,6,-0.7355921356271988,-0.42439908543499205,2024-2025
design assessment,2,0,8,0,7,-0.7355921356271988,-0.42439908543499205,2024-2025
misalignment,1,0,8,0,8,-0.7355921356271988,-0.42439908543499205,2024-2025
comprehensive review,2,0,8,0,8,-0.7355921356271988,-0.42439908543499205,2024-2025
mining,1,0,8,0,6,-0.7355921356271988,-0.42439908543499205,2024-2025
descriptive correlational,2,0,8,0,7,-0.7355921356271988,-0.42439908543499205,2024-2025
genai tool,2,0,8,0,8,-0.7355921356271988,-0.42439908543499205,2024-2025
thai,1,0,8,0,6,-0.7355921356271988,-0.42439908543499205,2024-2025
interpretive,1,0,8,0,5,-0.7355921356271988,-0.42439908543499205,2024-2025
trusted,1,0,8,0,6,-0.7355921356271988,-0.42439908543499205,2024-2025
depending,1,0,8,0,8,-0.7355921356271988,-0.42439908543499205,2024-2025
weekly,1,0,8,0,7,-0.7355921356271988,-0.42439908543499205,2024-2025
mitigating risks,2,0,8,0,8,-0.7355921356271988,-0.42439908543499205,2024-2025
sustaining,1,0,8,0,7,-0.7355921356271988,-0.42439908543499205,2024-2025
deductive,1,0,8,0,8,-0.7355921356271988,-0.42439908543499205,2024-2025
determined,1,0,8,0,7,-0.7355921356271988,-0.42439908543499205,2024-2025
modified,1,0,8,0,8,-0.7355921356271988,-0.42439908543499205,2024-2025
banking,1,0,8,0,5,-0.7355921356271988,-0.42439908543499205,2024-2025
integration including,2,0,8,0,8,-0.7355921356271988,-0.42439908543499205,2024-2025
seminars,1,0,8,0,8,-0.7355921356271988,-0.42439908543499205,2024-2025
revisions,1,0,8,0,7,-0.7355921356271988,-0.42439908543499205,2024-2025
met inclusion,2,0,8,0,8,-0.7355921356271988,-0.42439908543499205,2024-2025
concerns particularly,2,0,8,0,8,-0.7355921356271988,-0.42439908543499205,2024-2025
deepseek,1,0,8,0,5,-0.7355921356271988,-0.42439908543499205,2024-2025
researchers policymakers,2,0,8,0,8,-0.7355921356271988,-0.42439908543499205,2024-2025
assessment design,2,0,8,0,6,-0.7355921356271988,-0.42439908543499205,2024-2025
themes emerged,2,0,8,0,8,-0.7355921356271988,-0.42439908543499205,2024-2025
concerns bias,2,0,8,0,8,-0.7355921356271988,-0.42439908543499205,2024-2025
review current,2,0,8,0,8,-0.7355921356271988,-0.42439908543499205,2024-2025
intensive,1,0,8,0,7,-0.7355921356271988,-0.42439908543499205,2024-2025
intention actual,2,0,8,0,6,-0.7355921356271988,-0.42439908543499205,2024-2025
significantly predict,2,0,8,0,8,-0.7355921356271988,-0.42439908543499205,2024-2025
whilst,1,0,8,0,8,-0.7355921356271988,-0.42439908543499205,2024-2025
intention generative,2,0,8,0,5,-0.7355921356271988,-0.42439908543499205,2024-2025
background integration,2,0,8,0,8,-0.7355921356271988,-0.42439908543499205,2024-2025
native,1,0,8,0,5,-0.7355921356271988,-0.42439908543499205,2024-2025
necessary navigate,2,0,8,0,8,-0.7355921356271988,-0.42439908543499205,2024-2025
inferential statistics,2,0,8,0,8,-0.7355921356271988,-0.42439908543499205,2024-2025
piece,1,0,8,0,7,-0.7355921356271988,-0.42439908543499205,2024-2025
new perspective,2,0,8,0,8,-0.7355921356271988,-0.42439908543499205,2024-2025
industrial revolution,2,0,8,0,8,-0.7355921356271988,-0.42439908543499205,2024-2025
systems thinking,2,0,8,0,5,-0.7355921356271988,-0.42439908543499205,2024-2025
july,1,0,8,0,7,-0.7355921356271988,-0.42439908543499205,2024-2025
new forms,2,0,8,0,8,-0.7355921356271988,-0.42439908543499205,2024-2025
una,1,0,8,0,6,-0.7355921356271988,-0.42439908543499205,2024-2025
chi-square,1,0,8,0,8,-0.7355921356271988,-0.42439908543499205,2024-2025
amos,1,0,8,0,8,-0.7355921356271988,-0.42439908543499205,2024-2025
emerged transformative,2,0,8,0,8,-0.7355921356271988,-0.42439908543499205,2024-2025
shedding light,2,0,8,0,8,-0.7355921356271988,-0.42439908543499205,2024-2025
future generations,2,0,8,0,8,-0.7355921356271988,-0.42439908543499205,2024-2025
constantly,1,0,8,0,8,-0.7355921356271988,-0.42439908543499205,2024-2025
constitutes,1,0,8,0,8,-0.7355921356271988,-0.42439908543499205,2024-2025
safe effective,2,0,8,0,8,-0.7355921356271988,-0.42439908543499205,2024-2025
variable,1,0,8,0,8,-0.7355921356271988,-0.42439908543499205,2024-2025
recommendations provided,2,0,8,0,8,-0.7355921356271988,-0.42439908543499205,2024-2025
influencing adoption,2,0,8,0,8,-0.7355921356271988,-0.42439908543499205,2024-2025
pose challenges,2,0,8,0,8,-0.7355921356271988,-0.42439908543499205,2024-2025
shedding,1,0,8,0,8,-0.7355921356271988,-0.42439908543499205,2024-2025
limited resources,2,0,8,0,8,-0.7355921356271988,-0.42439908543499205,2024-2025
uncovering,1,0,8,0,8,-0.7355921356271988,-0.42439908543499205,2024-2025
framed,1,0,8,0,8,-0.7355921356271988,-0.42439908543499205,2024-2025
collecting,1,0,8,0,8,-0.7355921356271988,-0.42439908543499205,2024-2025
user engagement,2,0,8,0,8,-0.7355921356271988,-0.42439908543499205,2024-2025
hallucination,1,0,8,0,7,-0.7355921356271988,-0.42439908543499205,2024-2025
conducts,1,0,8,0,8,-0.7355921356271988,-0.42439908543499205,2024-2025
raising concerns,2,0,8,0,8,-0.7355921356271988,-0.42439908543499205,2024-2025
random sampling,2,0,8,0,8,-0.7355921356271988,-0.42439908543499205,2024-2025
socio-economic,1,0,8,0,7,-0.7355921356271988,-0.42439908543499205,2024-2025
acting,1,0,8,0,8,-0.7355921356271988,-0.42439908543499205,2024-2025
emerges,1,0,8,0,8,-0.7355921356271988,-0.42439908543499205,2024-2025
geographical,1,0,8,0,6,-0.7355921356271988,-0.42439908543499205,2024-2025
northern,1,0,8,0,6,-0.7355921356271988,-0.42439908543499205,2024-2025
emphasising need,2,0,8,0,8,-0.7355921356271988,-0.42439908543499205,2024-2025
emphasises importance,2,0,8,0,8,-0.7355921356271988,-0.42439908543499205,2024-2025
non-stem,1,0,8,0,5,-0.7355921356271988,-0.42439908543499205,2024-2025
logistic regression,2,0,8,0,7,-0.7355921356271988,-0.42439908543499205,2024-2025
individually,1,0,8,0,7,-0.7355921356271988,-0.42439908543499205,2024-2025
sampling technique,2,0,8,0,8,-0.7355921356271988,-0.42439908543499205,2024-2025
policymakers researchers,2,0,8,0,8,-0.7355921356271988,-0.42439908543499205,2024-2025
effective practices,2,0,8,0,5,-0.7355921356271988,-0.42439908543499205,2024-2025
infrastructural,1,0,8,0,8,-0.7355921356271988,-0.42439908543499205,2024-2025
rounds,1,0,8,0,8,-0.7355921356271988,-0.42439908543499205,2024-2025
briefly,1,0,8,0,7,-0.7355921356271988,-0.42439908543499205,2024-2025
risks benefits,2,0,8,0,7,-0.7355921356271988,-0.42439908543499205,2024-2025
various academic,2,0,8,0,8,-0.7355921356271988,-0.42439908543499205,2024-2025
advertising,1,0,8,0,5,-0.7355921356271988,-0.42439908543499205,2024-2025
drafting,1,0,8,0,8,-0.7355921356271988,-0.42439908543499205,2024-2025
concludes recommendations,2,0,8,0,8,-0.7355921356271988,-0.42439908543499205,2024-2025
affective factors,2,0,8,0,6,-0.7355921356271988,-0.42439908543499205,2024-2025
addresses challenges,2,0,8,0,8,-0.7355921356271988,-0.42439908543499205,2024-2025
disruption,1,0,8,0,8,-0.7355921356271988,-0.42439908543499205,2024-2025
alike,1,0,8,0,8,-0.7355921356271988,-0.42439908543499205,2024-2025
need clear,2,0,8,0,8,-0.7355921356271988,-0.42439908543499205,2024-2025
thoroughly,1,0,8,0,8,-0.7355921356271988,-0.42439908543499205,2024-2025
insights effective,2,0,8,0,8,-0.7355921356271988,-0.42439908543499205,2024-2025
regarding ethical,2,0,8,0,8,-0.7355921356271988,-0.42439908543499205,2024-2025
december,1,0,8,0,8,-0.7355921356271988,-0.42439908543499205,2024-2025
day,1,0,8,0,7,-0.7355921356271988,-0.42439908543499205,2024-2025
addressing gaps,2,0,8,0,8,-0.7355921356271988,-0.42439908543499205,2024-2025
verifying,1,0,8,0,8,-0.7355921356271988,-0.42439908543499205,2024-2025
information systems,2,0,8,0,6,-0.7355921356271988,-0.42439908543499205,2024-2025
mediates relationship,2,0,8,0,8,-0.7355921356271988,-0.42439908543499205,2024-2025
asking,1,0,8,0,8,-0.7355921356271988,-0.42439908543499205,2024-2025
considering,1,1,40,1,37,-0.2654817942981982,-0.42838539582258367,2024-2025
contributing,1,1,40,1,39,-0.2654817942981982,-0.42838539582258367,2024-2025
hybrid,1,1,40,1,29,-0.2654817942981982,-0.42838539582258367,2024-2025
oversight,1,1,40,1,39,-0.2654817942981982,-0.42838539582258367,2024-2025
texts,1,1,40,1,28,-0.2654817942981982,-0.42838539582258367,2024-2025
actively,1,1,40,1,40,-0.2654817942981982,-0.42838539582258367,2024-2025
constraints,1,1,40,1,34,-0.2654817942981982,-0.42838539582258367,2024-2025
highlight need,2,1,40,1,40,-0.2654817942981982,-0.42838539582258367,2024-2025
infrastructure,1,3,94,3,72,-0.16692160560417335,-0.4324327584617215,2024-2025
improved,1,3,94,3,91,-0.16692160560417335,-0.4324327584617215,2024-2025
decision-making,1,6,170,4,112,-0.12210800228319219,-0.43440846340633793,2024-2025
investigate,1,4,120,4,111,-0.14786354545943325,-0.4366784180629577,2024-2025
pedagogy,1,4,120,3,96,-0.14786354545943325,-0.4366784180629577,2024-2025
act,1,2,68,2,33,-0.2014803187599501,-0.4368224365729929,2024-2025
experts,1,2,68,2,56,-0.2014803187599501,-0.4368224365729929,2024-2025
technological,1,11,293,10,236,-0.09338797889359274,-0.44204598402180056,2024-2025
integrated,1,5,146,5,139,-0.13578772155036134,-0.44483195874933845,2024-2025
ways,1,3,95,3,88,-0.1714944388481756,-0.4456831201967817,2024-2025
over-reliance,1,1,41,1,40,-0.2746654965189492,-0.4467767094181265,2024-2025
economic,1,1,41,1,29,-0.2746654965189492,-0.4467767094181265,2024-2025
adapted,1,1,41,1,38,-0.2746654965189492,-0.4467767094181265,2024-2025
factual,1,0,9,0,8,-0.7355947193553654,-0.4501447879646974,2024-2025
pitfalls,1,0,9,0,9,-0.7355947193553654,-0.4501447879646974,2024-2025
policy implications,2,0,9,0,9,-0.7355947193553654,-0.4501447879646974,2024-2025
cinahl,1,0,9,0,8,-0.7355947193553654,-0.4501447879646974,2024-2025
frontier,1,0,9,0,7,-0.7355947193553654,-0.4501447879646974,2024-2025
fact-checking,1,0,9,0,5,-0.7355947193553654,-0.4501447879646974,2024-2025
familiar,1,0,9,0,9,-0.7355947193553654,-0.4501447879646974,2024-2025
content validity,2,0,9,0,8,-0.7355947193553654,-0.4501447879646974,2024-2025
chatgpt responses,2,0,9,0,6,-0.7355947193553654,-0.4501447879646974,2024-2025
content aigc,2,0,9,0,9,-0.7355947193553654,-0.4501447879646974,2024-2025
semantic,1,0,9,0,7,-0.7355947193553654,-0.4501447879646974,2024-2025
focal,1,0,9,0,7,-0.7355947193553654,-0.4501447879646974,2024-2025
contextually,1,0,9,0,8,-0.7355947193553654,-0.4501447879646974,2024-2025
practical implementation,2,0,9,0,8,-0.7355947193553654,-0.4501447879646974,2024-2025
ability critically,2,0,9,0,9,-0.7355947193553654,-0.4501447879646974,2024-2025
preconceptions,1,0,9,0,5,-0.7355947193553654,-0.4501447879646974,2024-2025
checklist,1,0,9,0,5,-0.7355947193553654,-0.4501447879646974,2024-2025
contributes discourse,2,0,9,0,9,-0.7355947193553654,-0.4501447879646974,2024-2025
posing,1,0,9,0,9,-0.7355947193553654,-0.4501447879646974,2024-2025
precise,1,0,9,0,8,-0.7355947193553654,-0.4501447879646974,2024-2025
self-reflection,1,0,9,0,9,-0.7355947193553654,-0.4501447879646974,2024-2025
play crucial,2,0,9,0,9,-0.7355947193553654,-0.4501447879646974,2024-2025
predicting,1,0,9,0,6,-0.7355947193553654,-0.4501447879646974,2024-2025
future-ready,1,0,9,0,9,-0.7355947193553654,-0.4501447879646974,2024-2025
policy practice,2,0,9,0,8,-0.7355947193553654,-0.4501447879646974,2024-2025
adopters,1,0,9,0,8,-0.7355947193553654,-0.4501447879646974,2024-2025
years experience,2,0,9,0,7,-0.7355947193553654,-0.4501447879646974,2024-2025
access tools,2,0,9,0,9,-0.7355947193553654,-0.4501447879646974,2024-2025
schooling,1,0,9,0,7,-0.7355947193553654,-0.4501447879646974,2024-2025
fact,1,0,9,0,9,-0.7355947193553654,-0.4501447879646974,2024-2025
emerging trends,2,0,9,0,7,-0.7355947193553654,-0.4501447879646974,2024-2025
earlier,1,0,9,0,9,-0.7355947193553654,-0.4501447879646974,2024-2025
russian,1,0,9,0,5,-0.7355947193553654,-0.4501447879646974,2024-2025
recommending,1,0,9,0,8,-0.7355947193553654,-0.4501447879646974,2024-2025
curriculum developers,2,0,9,0,9,-0.7355947193553654,-0.4501447879646974,2024-2025
condition,1,0,9,0,6,-0.7355947193553654,-0.4501447879646974,2024-2025
affordance,1,0,9,0,5,-0.7355947193553654,-0.4501447879646974,2024-2025
current trends,2,0,9,0,8,-0.7355947193553654,-0.4501447879646974,2024-2025
amid,1,0,9,0,9,-0.7355947193553654,-0.4501447879646974,2024-2025
amplifying,1,0,9,0,9,-0.7355947193553654,-0.4501447879646974,2024-2025
conducted assess,2,0,9,0,9,-0.7355947193553654,-0.4501447879646974,2024-2025
electronic,1,0,9,0,9,-0.7355947193553654,-0.4501447879646974,2024-2025
analyses revealed,2,0,9,0,9,-0.7355947193553654,-0.4501447879646974,2024-2025
utilize tools,2,0,9,0,8,-0.7355947193553654,-0.4501447879646974,2024-2025
facets,1,0,9,0,8,-0.7355947193553654,-0.4501447879646974,2024-2025
culturally relevant,2,0,9,0,8,-0.7355947193553654,-0.4501447879646974,2024-2025
cross-sectional design,2,0,9,0,9,-0.7355947193553654,-0.4501447879646974,2024-2025
emphasize importance,2,0,9,0,9,-0.7355947193553654,-0.4501447879646974,2024-2025
cross-sectional descriptive,2,0,9,0,8,-0.7355947193553654,-0.4501447879646974,2024-2025
rapid adoption,2,0,9,0,9,-0.7355947193553654,-0.4501447879646974,2024-2025
radiology,1,0,9,0,6,-0.7355947193553654,-0.4501447879646974,2024-2025
usefulness perceived,2,0,9,0,8,-0.7355947193553654,-0.4501447879646974,2024-2025
academic work,2,0,9,0,8,-0.7355947193553654,-0.4501447879646974,2024-2025
scalability,1,0,9,0,9,-0.7355947193553654,-0.4501447879646974,2024-2025
collected survey,2,0,9,0,9,-0.7355947193553654,-0.4501447879646974,2024-2025
engagement ethical,2,0,9,0,9,-0.7355947193553654,-0.4501447879646974,2024-2025
engagement generative,2,0,9,0,9,-0.7355947193553654,-0.4501447879646974,2024-2025
regard,1,0,9,0,9,-0.7355947193553654,-0.4501447879646974,2024-2025
distinguish,1,0,9,0,9,-0.7355947193553654,-0.4501447879646974,2024-2025
regarding generative,2,0,9,0,9,-0.7355947193553654,-0.4501447879646974,2024-2025
slr,1,0,9,0,6,-0.7355947193553654,-0.4501447879646974,2024-2025
academic institutions,2,0,9,0,9,-0.7355947193553654,-0.4501447879646974,2024-2025
aigc technology,2,0,9,0,5,-0.7355947193553654,-0.4501447879646974,2024-2025
descriptive inferential,2,0,9,0,9,-0.7355947193553654,-0.4501447879646974,2024-2025
compromising,1,0,9,0,9,-0.7355947193553654,-0.4501447879646974,2024-2025
designed foster,2,0,9,0,9,-0.7355947193553654,-0.4501447879646974,2024-2025
comprehensive training,2,0,9,0,9,-0.7355947193553654,-0.4501447879646974,2024-2025
significantly positively,2,0,9,0,8,-0.7355947193553654,-0.4501447879646974,2024-2025
reshaped,1,0,9,0,9,-0.7355947193553654,-0.4501447879646974,2024-2025
delphi,1,0,9,0,8,-0.7355947193553654,-0.4501447879646974,2024-2025
concerns perceived,2,0,9,0,6,-0.7355947193553654,-0.4501447879646974,2024-2025
did significantly,2,0,9,0,9,-0.7355947193553654,-0.4501447879646974,2024-2025
didactic,1,0,9,0,9,-0.7355947193553654,-0.4501447879646974,2024-2025
differed,1,0,9,0,9,-0.7355947193553654,-0.4501447879646974,2024-2025
replicate,1,0,9,0,9,-0.7355947193553654,-0.4501447879646974,2024-2025
simply,1,0,9,0,8,-0.7355947193553654,-0.4501447879646974,2024-2025
completion,1,0,9,0,7,-0.7355947193553654,-0.4501447879646974,2024-2025
different groups,2,0,9,0,7,-0.7355947193553654,-0.4501447879646974,2024-2025
showed improvement,2,0,9,0,9,-0.7355947193553654,-0.4501447879646974,2024-2025
remain underexplored,2,0,9,0,9,-0.7355947193553654,-0.4501447879646974,2024-2025
widening,1,0,9,0,9,-0.7355947193553654,-0.4501447879646974,2024-2025
decision-making process,2,0,9,0,5,-0.7355947193553654,-0.4501447879646974,2024-2025
digital health,2,0,9,0,7,-0.7355947193553654,-0.4501447879646974,2024-2025
decision tree,2,0,9,0,5,-0.7355947193553654,-0.4501447879646974,2024-2025
reimagined,1,0,9,0,7,-0.7355947193553654,-0.4501447879646974,2024-2025
regression analyses,2,0,9,0,9,-0.7355947193553654,-0.4501447879646974,2024-2025
quantitative survey,2,0,9,0,9,-0.7355947193553654,-0.4501447879646974,2024-2025
academic contexts,2,0,9,0,9,-0.7355947193553654,-0.4501447879646974,2024-2025
qualitatively,1,0,9,0,9,-0.7355947193553654,-0.4501447879646974,2024-2025
programs ethical,2,0,9,0,9,-0.7355947193553654,-0.4501447879646974,2024-2025
scopus database,2,0,9,0,7,-0.7355947193553654,-0.4501447879646974,2024-2025
united kingdom,2,0,9,0,8,-0.7355947193553654,-0.4501447879646974,2024-2025
applies,1,0,9,0,9,-0.7355947193553654,-0.4501447879646974,2024-2025
unique challenges,2,0,9,0,8,-0.7355947193553654,-0.4501447879646974,2024-2025
evolving digital,2,0,9,0,9,-0.7355947193553654,-0.4501447879646974,2024-2025
appreciation,1,0,9,0,8,-0.7355947193553654,-0.4501447879646974,2024-2025
professional program,2,0,9,0,6,-0.7355947193553654,-0.4501447879646974,2024-2025
professional practice,2,0,9,0,9,-0.7355947193553654,-0.4501447879646974,2024-2025
professional opportunities,2,0,9,0,9,-0.7355947193553654,-0.4501447879646974,2024-2025
professional educators,2,0,9,0,9,-0.7355947193553654,-0.4501447879646974,2024-2025
examine relationships,2,0,9,0,9,-0.7355947193553654,-0.4501447879646974,2024-2025
excessive,1,0,9,0,9,-0.7355947193553654,-0.4501447879646974,2024-2025
adoption higher,2,0,9,0,8,-0.7355947193553654,-0.4501447879646974,2024-2025
costs,1,0,9,0,9,-0.7355947193553654,-0.4501447879646974,2024-2025
undertaken,1,0,9,0,7,-0.7355947193553654,-0.4501447879646974,2024-2025
sdgs,1,0,9,0,7,-0.7355947193553654,-0.4501447879646974,2024-2025
prisma-scr,1,0,9,0,9,-0.7355947193553654,-0.4501447879646974,2024-2025
principal,1,0,9,0,7,-0.7355947193553654,-0.4501447879646974,2024-2025
explore perceptions,2,0,9,0,9,-0.7355947193553654,-0.4501447879646974,2024-2025
pretest,1,0,9,0,5,-0.7355947193553654,-0.4501447879646974,2024-2025
clinical decision,2,0,9,0,8,-0.7355947193553654,-0.4501447879646974,2024-2025
connotation,1,0,9,0,6,-0.7355947193553654,-0.4501447879646974,2024-2025
contributors,1,0,9,0,8,-0.7355947193553654,-0.4501447879646974,2024-2025
presents challenges,2,0,9,0,9,-0.7355947193553654,-0.4501447879646974,2024-2025
faces,1,0,9,0,9,-0.7355947193553654,-0.4501447879646974,2024-2025
cognitive processes,2,0,9,0,9,-0.7355947193553654,-0.4501447879646974,2024-2025
evaluate technologies,2,0,9,0,8,-0.7355947193553654,-0.4501447879646974,2024-2025
qualitative responses,2,0,9,0,9,-0.7355947193553654,-0.4501447879646974,2024-2025
cognitive theory,2,0,9,0,9,-0.7355947193553654,-0.4501447879646974,2024-2025
conferences,1,0,9,0,7,-0.7355947193553654,-0.4501447879646974,2024-2025
enhance outcomes,2,0,9,0,9,-0.7355947193553654,-0.4501447879646974,2024-2025
enriching,1,0,9,0,9,-0.7355947193553654,-0.4501447879646974,2024-2025
anonymous,1,0,9,0,9,-0.7355947193553654,-0.4501447879646974,2024-2025
upholding,1,0,9,0,9,-0.7355947193553654,-0.4501447879646974,2024-2025
public sector,2,0,9,0,5,-0.7355947193553654,-0.4501447879646974,2024-2025
aids,1,0,9,0,9,-0.7355947193553654,-0.4501447879646974,2024-2025
ensuring equitable,2,0,9,0,9,-0.7355947193553654,-0.4501447879646974,2024-2025
ai-generated images,2,0,9,0,6,-0.7355947193553654,-0.4501447879646974,2024-2025
ensuring responsible,2,0,9,0,9,-0.7355947193553654,-0.4501447879646974,2024-2025
south asia,2,0,9,0,5,-0.7355947193553654,-0.4501447879646974,2024-2025
science scopus,2,0,9,0,9,-0.7355947193553654,-0.4501447879646974,2024-2025
configurations,1,0,9,0,7,-0.7355947193553654,-0.4501447879646974,2024-2025
collaborations,1,0,9,0,9,-0.7355947193553654,-0.4501447879646974,2024-2025
craft,1,0,9,0,9,-0.7355947193553654,-0.4501447879646974,2024-2025
covers,1,0,9,0,9,-0.7355947193553654,-0.4501447879646974,2024-2025
proved,1,0,9,0,9,-0.7355947193553654,-0.4501447879646974,2024-2025
proper,1,0,9,0,9,-0.7355947193553654,-0.4501447879646974,2024-2025
prompt design,2,0,9,0,8,-0.7355947193553654,-0.4501447879646974,2024-2025
ethical pedagogical,2,0,9,0,7,-0.7355947193553654,-0.4501447879646974,2024-2025
writing assignments,2,0,9,0,7,-0.7355947193553654,-0.4501447879646974,2024-2025
promote responsible,2,0,9,0,9,-0.7355947193553654,-0.4501447879646974,2024-2025
promote ethical,2,0,9,0,9,-0.7355947193553654,-0.4501447879646974,2024-2025
conflicts,1,0,9,0,8,-0.7355947193553654,-0.4501447879646974,2024-2025
coherence,1,0,9,0,8,-0.7355947193553654,-0.4501447879646974,2024-2025
pillars,1,0,9,0,8,-0.7355947193553654,-0.4501447879646974,2024-2025
integration medical,2,0,9,0,9,-0.7355947193553654,-0.4501447879646974,2024-2025
picture,1,0,9,0,8,-0.7355947193553654,-0.4501447879646974,2024-2025
inspiration,1,0,9,0,9,-0.7355947193553654,-0.4501447879646974,2024-2025
improve efficiency,2,0,9,0,7,-0.7355947193553654,-0.4501447879646974,2024-2025
august,1,0,9,0,9,-0.7355947193553654,-0.4501447879646974,2024-2025
including concerns,2,0,9,0,9,-0.7355947193553654,-0.4501447879646974,2024-2025
australian,1,0,9,0,6,-0.7355947193553654,-0.4501447879646974,2024-2025
inclusive design,2,0,9,0,6,-0.7355947193553654,-0.4501447879646974,2024-2025
nuances,1,0,9,0,8,-0.7355947193553654,-0.4501447879646974,2024-2025
caused,1,0,9,0,9,-0.7355947193553654,-0.4501447879646974,2024-2025
increasingly ai-driven,2,0,9,0,9,-0.7355947193553654,-0.4501447879646974,2024-2025
physics,1,0,9,0,5,-0.7355947193553654,-0.4501447879646974,2024-2025
norm,1,0,9,0,6,-0.7355947193553654,-0.4501447879646974,2024-2025
nonetheless,1,0,9,0,9,-0.7355947193553654,-0.4501447879646974,2024-2025
authority,1,0,9,0,9,-0.7355947193553654,-0.4501447879646974,2024-2025
new technology,2,0,9,0,8,-0.7355947193553654,-0.4501447879646974,2024-2025
titled,1,0,9,0,9,-0.7355947193553654,-0.4501447879646974,2024-2025
informal digital,2,0,9,0,6,-0.7355947193553654,-0.4501447879646974,2024-2025
information professionals,2,0,9,0,8,-0.7355947193553654,-0.4501447879646974,2024-2025
information retrieval,2,0,9,0,8,-0.7355947193553654,-0.4501447879646974,2024-2025
addressing gap,2,0,9,0,9,-0.7355947193553654,-0.4501447879646974,2024-2025
captured,1,0,9,0,8,-0.7355947193553654,-0.4501447879646974,2024-2025
need integrate,2,0,9,0,9,-0.7355947193553654,-0.4501447879646974,2024-2025
need ethical,2,0,9,0,9,-0.7355947193553654,-0.4501447879646974,2024-2025
awareness attitude,2,0,9,0,5,-0.7355947193553654,-0.4501447879646974,2024-2025
innovative approaches,2,0,9,0,8,-0.7355947193553654,-0.4501447879646974,2024-2025
importance critical,2,0,9,0,9,-0.7355947193553654,-0.4501447879646974,2024-2025
oman,1,0,9,0,5,-0.7355947193553654,-0.4501447879646974,2024-2025
challenges associated,2,0,9,0,9,-0.7355947193553654,-0.4501447879646974,2024-2025
highlights necessity,2,0,9,0,9,-0.7355947193553654,-0.4501447879646974,2024-2025
pedagogical ethical,2,0,9,0,8,-0.7355947193553654,-0.4501447879646974,2024-2025
growing importance,2,0,9,0,9,-0.7355947193553654,-0.4501447879646974,2024-2025
habit,1,0,9,0,7,-0.7355947193553654,-0.4501447879646974,2024-2025
habits,1,0,9,0,7,-0.7355947193553654,-0.4501447879646974,2024-2025
style,1,0,9,0,9,-0.7355947193553654,-0.4501447879646974,2024-2025
chapter provides,2,0,9,0,8,-0.7355947193553654,-0.4501447879646974,2024-2025
particularly regarding,2,0,9,0,9,-0.7355947193553654,-0.4501447879646974,2024-2025
healthy,1,0,9,0,6,-0.7355947193553654,-0.4501447879646974,2024-2025
training institutional,2,0,9,0,7,-0.7355947193553654,-0.4501447879646974,2024-2025
palestine,1,0,9,0,7,-0.7355947193553654,-0.4501447879646974,2024-2025
hindering,1,0,9,0,9,-0.7355947193553654,-0.4501447879646974,2024-2025
adherence,1,0,9,0,8,-0.7355947193553654,-0.4501447879646974,2024-2025
human capabilities,2,0,9,0,8,-0.7355947193553654,-0.4501447879646974,2024-2025
human collaboration,2,0,9,0,6,-0.7355947193553654,-0.4501447879646974,2024-2025
outlined,1,0,9,0,9,-0.7355947193553654,-0.4501447879646974,2024-2025
attitudes practices,2,0,9,0,6,-0.7355947193553654,-0.4501447879646974,2024-2025
human-computer,1,0,9,0,7,-0.7355947193553654,-0.4501447879646974,2024-2025
identify factors,2,0,9,0,9,-0.7355947193553654,-0.4501447879646974,2024-2025
challenges generative,2,0,9,0,8,-0.7355947193553654,-0.4501447879646974,2024-2025
illustrating,1,0,9,0,9,-0.7355947193553654,-0.4501447879646974,2024-2025
tools technologies,2,0,9,0,8,-0.7355947193553654,-0.4501447879646974,2024-2025
opacity,1,0,9,0,9,-0.7355947193553654,-0.4501447879646974,2024-2025
need critical,2,0,9,0,9,-0.7355947193553654,-0.4501447879646974,2024-2025
third-year,1,0,9,0,9,-0.7355947193553654,-0.4501447879646974,2024-2025
governing,1,0,9,0,6,-0.7355947193553654,-0.4501447879646974,2024-2025
candidates,1,0,9,0,8,-0.7355947193553654,-0.4501447879646974,2024-2025
italy,1,0,9,0,5,-0.7355947193553654,-0.4501447879646974,2024-2025
behavioral cognitive,2,0,9,0,7,-0.7355947193553654,-0.4501447879646974,2024-2025
job market,2,0,9,0,9,-0.7355947193553654,-0.4501447879646974,2024-2025
tended,1,0,9,0,9,-0.7355947193553654,-0.4501447879646974,2024-2025
technology-driven,1,0,9,0,9,-0.7355947193553654,-0.4501447879646974,2024-2025
behavioural intention,2,0,9,0,5,-0.7355947193553654,-0.4501447879646974,2024-2025
key elements,2,0,9,0,9,-0.7355947193553654,-0.4501447879646974,2024-2025
mean score,2,0,9,0,5,-0.7355947193553654,-0.4501447879646974,2024-2025
acts,1,0,9,0,9,-0.7355947193553654,-0.4501447879646974,2024-2025
keywords,1,0,9,0,9,-0.7355947193553654,-0.4501447879646974,2024-2025
bridges,1,0,9,0,9,-0.7355947193553654,-0.4501447879646974,2024-2025
kingdom,1,0,9,0,8,-0.7355947193553654,-0.4501447879646974,2024-2025
knowledgeable,1,0,9,0,9,-0.7355947193553654,-0.4501447879646974,2024-2025
march,1,0,9,0,9,-0.7355947193553654,-0.4501447879646974,2024-2025
manual,1,0,9,0,9,-0.7355947193553654,-0.4501447879646974,2024-2025
managerial,1,0,9,0,6,-0.7355947193553654,-0.4501447879646974,2024-2025
make informed,2,0,9,0,9,-0.7355947193553654,-0.4501447879646974,2024-2025
lectures,1,0,9,0,8,-0.7355947193553654,-0.4501447879646974,2024-2025
library professionals,2,0,9,0,8,-0.7355947193553654,-0.4501447879646974,2024-2025
logical,1,0,9,0,9,-0.7355947193553654,-0.4501447879646974,2024-2025
limited understanding,2,0,9,0,9,-0.7355947193553654,-0.4501447879646974,2024-2025
linear,1,0,9,0,9,-0.7355947193553654,-0.4501447879646974,2024-2025
lived experiences,2,0,9,0,8,-0.7355947193553654,-0.4501447879646974,2024-2025
broader implications,2,0,9,0,9,-0.7355947193553654,-0.4501447879646974,2024-2025
intricate,1,0,9,0,8,-0.7355947193553654,-0.4501447879646974,2024-2025
meta-analysis,1,0,9,0,5,-0.7355947193553654,-0.4501447879646974,2024-2025
integrating higher,2,0,9,0,8,-0.7355947193553654,-0.4501447879646974,2024-2025
navigate ai-driven,2,0,9,0,9,-0.7355947193553654,-0.4501447879646974,2024-2025
institutions seeking,2,0,9,0,9,-0.7355947193553654,-0.4501447879646974,2024-2025
national international,2,0,9,0,9,-0.7355947193553654,-0.4501447879646974,2024-2025
narrow,1,0,9,0,8,-0.7355947193553654,-0.4501447879646974,2024-2025
narrative-based,1,0,9,0,5,-0.7355947193553654,-0.4501447879646974,2024-2025
narrative review,2,0,9,0,7,-0.7355947193553654,-0.4501447879646974,2024-2025
theory sdt,2,0,9,0,8,-0.7355947193553654,-0.4501447879646974,2024-2025
integrated daily,2,0,9,0,9,-0.7355947193553654,-0.4501447879646974,2024-2025
theory perspective,2,0,9,0,8,-0.7355947193553654,-0.4501447879646974,2024-2025
integrating curricula,2,0,9,0,9,-0.7355947193553654,-0.4501447879646974,2024-2025
integrating technologies,2,0,9,0,9,-0.7355947193553654,-0.4501447879646974,2024-2025
interpretations,1,0,9,0,7,-0.7355947193553654,-0.4501447879646974,2024-2025
integration curricula,2,0,9,0,9,-0.7355947193553654,-0.4501447879646974,2024-2025
survey participants,2,0,9,0,9,-0.7355947193553654,-0.4501447879646974,2024-2025
integration requires,2,0,9,0,9,-0.7355947193553654,-0.4501447879646974,2024-2025
intention genai,2,0,9,0,6,-0.7355947193553654,-0.4501447879646974,2024-2025
addresses gap,2,0,9,0,9,-0.7355947193553654,-0.4501447879646974,2024-2025
thematic revealed,2,0,9,0,9,-0.7355947193553654,-0.4501447879646974,2024-2025
mitigation,1,0,9,0,8,-0.7355947193553654,-0.4501447879646974,2024-2025
sustain,1,0,9,0,9,-0.7355947193553654,-0.4501447879646974,2024-2025
mitigate risks,2,0,9,0,8,-0.7355947193553654,-0.4501447879646974,2024-2025
interaction patterns,2,0,9,0,7,-0.7355947193553654,-0.4501447879646974,2024-2025
grading,1,0,9,0,9,-0.7355947193553654,-0.4501447879646974,2024-2025
north,1,0,9,0,9,-0.7355947193553654,-0.4501447879646974,2024-2025
strengthens,1,0,9,0,9,-0.7355947193553654,-0.4501447879646974,2024-2025
physician,1,0,9,0,7,-0.7355947193553654,-0.4501447879646974,2024-2025
generative gen,2,0,9,0,9,-0.7355947193553654,-0.4501447879646974,2024-2025
perceptions genai,2,0,9,0,8,-0.7355947193553654,-0.4501447879646974,2024-2025
global trends,2,0,9,0,7,-0.7355947193553654,-0.4501447879646974,2024-2025
generative generative,2,0,9,0,8,-0.7355947193553654,-0.4501447879646974,2024-2025
perceptions experiences,2,0,9,0,9,-0.7355947193553654,-0.4501447879646974,2024-2025
generally positive,2,0,9,0,9,-0.7355947193553654,-0.4501447879646974,2024-2025
generative tool,2,0,9,0,9,-0.7355947193553654,-0.4501447879646974,2024-2025
roles,1,5,147,3,115,-0.13885952790717848,-0.4557972009347482,2024-2025
tool,1,14,367,7,280,-0.0858183828099035,-0.4562349283777451,2024-2025
seeking,1,1,42,1,39,-0.2834915114427474,-0.46478904144198985,2024-2025
efficacy,1,1,42,1,31,-0.2834915114427474,-0.46478904144198985,2024-2025
power,1,1,42,1,35,-0.2834915114427474,-0.46478904144198985,2024-2025
autonomous,1,1,42,1,31,-0.2834915114427474,-0.46478904144198985,2024-2025
suggested,1,1,42,1,39,-0.2834915114427474,-0.46478904144198985,2024-2025
diagnostic,1,1,42,1,28,-0.2834915114427474,-0.46478904144198985,2024-2025
highlighted,1,2,70,2,68,-0.21336559980554703,-0.4667386153031948,2024-2025
sources,1,2,70,2,55,-0.21336559980554703,-0.4667386153031948,2024-2025
particularly,1,10,272,10,244,-0.10324482211175656,-0.4687102779864748,2024-2025
emerged,1,3,97,3,94,-0.18041769336351532,-0.471811116818345,2024-2025
western,1,0,10,0,7,-0.7355973031024927,-0.474495935582869,2024-2025
revise,1,0,10,0,10,-0.7355973031024927,-0.474495935582869,2024-2025
revised,1,0,10,0,9,-0.7355973031024927,-0.474495935582869,2024-2025
beginners,1,0,10,0,8,-0.7355973031024927,-0.474495935582869,2024-2025
inaccuracies,1,0,10,0,10,-0.7355973031024927,-0.474495935582869,2024-2025
interviews revealed,2,0,10,0,10,-0.7355973031024927,-0.474495935582869,2024-2025
improve outcomes,2,0,10,0,9,-0.7355973031024927,-0.474495935582869,2024-2025
enhance efficiency,2,0,10,0,10,-0.7355973031024927,-0.474495935582869,2024-2025
tools foster,2,0,10,0,10,-0.7355973031024927,-0.474495935582869,2024-2025
audit,1,0,10,0,5,-0.7355973031024927,-0.474495935582869,2024-2025
departments,1,0,10,0,9,-0.7355973031024927,-0.474495935582869,2024-2025
revolutionized,1,0,10,0,10,-0.7355973031024927,-0.474495935582869,2024-2025
offer valuable,2,0,10,0,10,-0.7355973031024927,-0.474495935582869,2024-2025
deep understanding,2,0,10,0,10,-0.7355973031024927,-0.474495935582869,2024-2025
provision,1,0,10,0,9,-0.7355973031024927,-0.474495935582869,2024-2025
augmenting,1,0,10,0,9,-0.7355973031024927,-0.474495935582869,2024-2025
concerns accuracy,2,0,10,0,10,-0.7355973031024927,-0.474495935582869,2024-2025
gather,1,0,10,0,10,-0.7355973031024927,-0.474495935582869,2024-2025
psychometric,1,0,10,0,8,-0.7355973031024927,-0.474495935582869,2024-2025
metacognitive strategies,2,0,10,0,5,-0.7355973031024927,-0.474495935582869,2024-2025
enhancing engagement,2,0,10,0,8,-0.7355973031024927,-0.474495935582869,2024-2025
review generative,2,0,10,0,9,-0.7355973031024927,-0.474495935582869,2024-2025
implications include,2,0,10,0,10,-0.7355973031024927,-0.474495935582869,2024-2025
offers actionable,2,0,10,0,10,-0.7355973031024927,-0.474495935582869,2024-2025
white,1,0,10,0,8,-0.7355973031024927,-0.474495935582869,2024-2025
implicit,1,0,10,0,6,-0.7355973031024927,-0.474495935582869,2024-2025
adoption tools,2,0,10,0,10,-0.7355973031024927,-0.474495935582869,2024-2025
valued,1,0,10,0,10,-0.7355973031024927,-0.474495935582869,2024-2025
mentioned,1,0,10,0,9,-0.7355973031024927,-0.474495935582869,2024-2025
technostress,1,0,10,0,5,-0.7355973031024927,-0.474495935582869,2024-2025
challenges integrating,2,0,10,0,10,-0.7355973031024927,-0.474495935582869,2024-2025
mediate,1,0,10,0,9,-0.7355973031024927,-0.474495935582869,2024-2025
challenges integration,2,0,10,0,9,-0.7355973031024927,-0.474495935582869,2024-2025
fostering innovation,2,0,10,0,9,-0.7355973031024927,-0.474495935582869,2024-2025
european union,2,0,10,0,8,-0.7355973031024927,-0.474495935582869,2024-2025
organisations,1,0,10,0,8,-0.7355973031024927,-0.474495935582869,2024-2025
tutor,1,0,10,0,9,-0.7355973031024927,-0.474495935582869,2024-2025
outlining,1,0,10,0,10,-0.7355973031024927,-0.474495935582869,2024-2025
showcasing,1,0,10,0,10,-0.7355973031024927,-0.474495935582869,2024-2025
evidenced,1,0,10,0,10,-0.7355973031024927,-0.474495935582869,2024-2025
proficient,1,0,10,0,10,-0.7355973031024927,-0.474495935582869,2024-2025
outperformed,1,0,10,0,10,-0.7355973031024927,-0.474495935582869,2024-2025
subthemes,1,0,10,0,6,-0.7355973031024927,-0.474495935582869,2024-2025
output quality,2,0,10,0,5,-0.7355973031024927,-0.474495935582869,2024-2025
work contributes,2,0,10,0,10,-0.7355973031024927,-0.474495935582869,2024-2025
exam,1,0,10,0,8,-0.7355973031024927,-0.474495935582869,2024-2025
challenges include,2,0,10,0,10,-0.7355973031024927,-0.474495935582869,2024-2025
acceptable,1,0,10,0,10,-0.7355973031024927,-0.474495935582869,2024-2025
cohort,1,0,10,0,9,-0.7355973031024927,-0.474495935582869,2024-2025
fostering responsible,2,0,10,0,9,-0.7355973031024927,-0.474495935582869,2024-2025
essence,1,0,10,0,9,-0.7355973031024927,-0.474495935582869,2024-2025
operating,1,0,10,0,8,-0.7355973031024927,-0.474495935582869,2024-2025
uncritical,1,0,10,0,9,-0.7355973031024927,-0.474495935582869,2024-2025
collaboration ethical,2,0,10,0,10,-0.7355973031024927,-0.474495935582869,2024-2025
challenges higher,2,0,10,0,10,-0.7355973031024927,-0.474495935582869,2024-2025
university faculty,2,0,10,0,7,-0.7355973031024927,-0.474495935582869,2024-2025
protect,1,0,10,0,10,-0.7355973031024927,-0.474495935582869,2024-2025
showcases,1,0,10,0,10,-0.7355973031024927,-0.474495935582869,2024-2025
assesses,1,0,10,0,10,-0.7355973031024927,-0.474495935582869,2024-2025
iteration,1,0,10,0,7,-0.7355973031024927,-0.474495935582869,2024-2025
applicable,1,0,10,0,10,-0.7355973031024927,-0.474495935582869,2024-2025
specialists,1,0,10,0,8,-0.7355973031024927,-0.474495935582869,2024-2025
universal,1,0,10,0,9,-0.7355973031024927,-0.474495935582869,2024-2025
ethical practical,2,0,10,0,10,-0.7355973031024927,-0.474495935582869,2024-2025
cycles,1,0,10,0,10,-0.7355973031024927,-0.474495935582869,2024-2025
usa,1,0,10,0,8,-0.7355973031024927,-0.474495935582869,2024-2025
engage technologies,2,0,10,0,10,-0.7355973031024927,-0.474495935582869,2024-2025
analyzed partial,2,0,10,0,10,-0.7355973031024927,-0.474495935582869,2024-2025
integration ethical,2,0,10,0,10,-0.7355973031024927,-0.474495935582869,2024-2025
informed decisions,2,0,10,0,10,-0.7355973031024927,-0.474495935582869,2024-2025
relying,1,0,10,0,10,-0.7355973031024927,-0.474495935582869,2024-2025
generative writing,2,0,10,0,5,-0.7355973031024927,-0.474495935582869,2024-2025
triangulation,1,0,10,0,10,-0.7355973031024927,-0.474495935582869,2024-2025
capturing,1,0,10,0,10,-0.7355973031024927,-0.474495935582869,2024-2025
integrate genai,2,0,10,0,10,-0.7355973031024927,-0.474495935582869,2024-2025
diffusion,1,0,10,0,7,-0.7355973031024927,-0.474495935582869,2024-2025
recommendations educators,2,0,10,0,10,-0.7355973031024927,-0.474495935582869,2024-2025
personalize,1,0,10,0,10,-0.7355973031024927,-0.474495935582869,2024-2025
policy frameworks,2,0,10,0,9,-0.7355973031024927,-0.474495935582869,2024-2025
educators integrate,2,0,10,0,10,-0.7355973031024927,-0.474495935582869,2024-2025
integration academic,2,0,10,0,9,-0.7355973031024927,-0.474495935582869,2024-2025
assigned,1,0,10,0,9,-0.7355973031024927,-0.474495935582869,2024-2025
integration chatgpt,2,0,10,0,10,-0.7355973031024927,-0.474495935582869,2024-2025
supply chain,2,0,10,0,5,-0.7355973031024927,-0.474495935582869,2024-2025
digital literacies,2,0,10,0,7,-0.7355973031024927,-0.474495935582869,2024-2025
avoid,1,0,10,0,10,-0.7355973031024927,-0.474495935582869,2024-2025
digitally,1,0,10,0,9,-0.7355973031024927,-0.474495935582869,2024-2025
institutional guidelines,2,0,10,0,10,-0.7355973031024927,-0.474495935582869,2024-2025
discuss implications,2,0,10,0,10,-0.7355973031024927,-0.474495935582869,2024-2025
reinforce,1,0,10,0,10,-0.7355973031024927,-0.474495935582869,2024-2025
necessitate,1,0,10,0,10,-0.7355973031024927,-0.474495935582869,2024-2025
addressing concerns,2,0,10,0,10,-0.7355973031024927,-0.474495935582869,2024-2025
support systems,2,0,10,0,9,-0.7355973031024927,-0.474495935582869,2024-2025
generative technology,2,0,10,0,10,-0.7355973031024927,-0.474495935582869,2024-2025
discipline-specific,1,0,10,0,9,-0.7355973031024927,-0.474495935582869,2024-2025
dignity,1,0,10,0,7,-0.7355973031024927,-0.474495935582869,2024-2025
diverse contexts,2,0,10,0,10,-0.7355973031024927,-0.474495935582869,2024-2025
institutional readiness,2,0,10,0,8,-0.7355973031024927,-0.474495935582869,2024-2025
diverse settings,2,0,10,0,9,-0.7355973031024927,-0.474495935582869,2024-2025
academic misconduct,2,0,10,0,7,-0.7355973031024927,-0.474495935582869,2024-2025
strengths weaknesses,2,0,10,0,9,-0.7355973031024927,-0.474495935582869,2024-2025
diminished,1,0,10,0,10,-0.7355973031024927,-0.474495935582869,2024-2025
typical,1,0,10,0,9,-0.7355973031024927,-0.474495935582869,2024-2025
theoretical understanding,2,0,10,0,10,-0.7355973031024927,-0.474495935582869,2024-2025
including ethical,2,0,10,0,9,-0.7355973031024927,-0.474495935582869,2024-2025
policies guidelines,2,0,10,0,8,-0.7355973031024927,-0.474495935582869,2024-2025
novelty,1,0,10,0,10,-0.7355973031024927,-0.474495935582869,2024-2025
thematic clusters,2,0,10,0,8,-0.7355973031024927,-0.474495935582869,2024-2025
building trust,2,0,10,0,9,-0.7355973031024927,-0.474495935582869,2024-2025
increasing integration,2,0,10,0,10,-0.7355973031024927,-0.474495935582869,2024-2025
significantly enhance,2,0,10,0,10,-0.7355973031024927,-0.474495935582869,2024-2025
minimize,1,0,10,0,9,-0.7355973031024927,-0.474495935582869,2024-2025
restrictive,1,0,10,0,6,-0.7355973031024927,-0.474495935582869,2024-2025
usage tools,2,0,10,0,7,-0.7355973031024927,-0.474495935582869,2024-2025
interpret,1,0,10,0,9,-0.7355973031024927,-0.474495935582869,2024-2025
interpretability,1,0,10,0,10,-0.7355973031024927,-0.474495935582869,2024-2025
critically evaluating,2,0,10,0,10,-0.7355973031024927,-0.474495935582869,2024-2025
uncovers,1,0,10,0,10,-0.7355973031024927,-0.474495935582869,2024-2025
basic psychological,2,0,10,0,5,-0.7355973031024927,-0.474495935582869,2024-2025
inclusion criteria,2,0,10,0,10,-0.7355973031024927,-0.474495935582869,2024-2025
positive negative,2,0,10,0,10,-0.7355973031024927,-0.474495935582869,2024-2025
tool usage,2,0,10,0,9,-0.7355973031024927,-0.474495935582869,2024-2025
design employed,2,0,10,0,10,-0.7355973031024927,-0.474495935582869,2024-2025
tutoring systems,2,0,10,0,9,-0.7355973031024927,-0.474495935582869,2024-2025
comprehensive literature,2,0,10,0,10,-0.7355973031024927,-0.474495935582869,2024-2025
real-world applications,2,0,10,0,9,-0.7355973031024927,-0.474495935582869,2024-2025
integration strategies,2,0,10,0,9,-0.7355973031024927,-0.474495935582869,2024-2025
elicit,1,0,10,0,8,-0.7355973031024927,-0.474495935582869,2024-2025
new tools,2,0,10,0,8,-0.7355973031024927,-0.474495935582869,2024-2025
valid responses,2,0,10,0,10,-0.7355973031024927,-0.474495935582869,2024-2025
academic library,2,0,10,0,7,-0.7355973031024927,-0.474495935582869,2024-2025
mixed-methods design,2,0,10,0,10,-0.7355973031024927,-0.474495935582869,2024-2025
cause,1,0,10,0,9,-0.7355973031024927,-0.474495935582869,2024-2025
emotionally,1,0,10,0,9,-0.7355973031024927,-0.474495935582869,2024-2025
significantly influences,2,0,10,0,9,-0.7355973031024927,-0.474495935582869,2024-2025
significantly influenced,2,0,10,0,10,-0.7355973031024927,-0.474495935582869,2024-2025
freedom,1,0,10,0,7,-0.7355973031024927,-0.474495935582869,2024-2025
superior,1,0,10,0,9,-0.7355973031024927,-0.474495935582869,2024-2025
utilise,1,0,10,0,9,-0.7355973031024927,-0.474495935582869,2024-2025
hospital,1,0,10,0,6,-0.7355973031024927,-0.474495935582869,2024-2025
introduces novel,2,0,10,0,10,-0.7355973031024927,-0.474495935582869,2024-2025
context-specific,1,0,10,0,10,-0.7355973031024927,-0.474495935582869,2024-2025
acknowledges,1,0,10,0,10,-0.7355973031024927,-0.474495935582869,2024-2025
particular focus,2,0,10,0,10,-0.7355973031024927,-0.474495935582869,2024-2025
healthcare organizations,2,0,10,0,7,-0.7355973031024927,-0.474495935582869,2024-2025
translate,1,0,10,0,10,-0.7355973031024927,-0.474495935582869,2024-2025
body literature,2,0,10,0,10,-0.7355973031024927,-0.474495935582869,2024-2025
stance,1,0,10,0,10,-0.7355973031024927,-0.474495935582869,2024-2025
high schools,2,0,10,0,9,-0.7355973031024927,-0.474495935582869,2024-2025
close,1,0,10,0,10,-0.7355973031024927,-0.474495935582869,2024-2025
finds,1,0,10,0,10,-0.7355973031024927,-0.474495935582869,2024-2025
clarify,1,0,10,0,10,-0.7355973031024927,-0.474495935582869,2024-2025
confirms,1,0,10,0,10,-0.7355973031024927,-0.474495935582869,2024-2025
transparency accountability,2,0,10,0,8,-0.7355973031024927,-0.474495935582869,2024-2025
higher context,2,0,10,0,10,-0.7355973031024927,-0.474495935582869,2024-2025
experiences chatgpt,2,0,10,0,8,-0.7355973031024927,-0.474495935582869,2024-2025
civic,1,0,10,0,7,-0.7355973031024927,-0.474495935582869,2024-2025
procedures,1,0,10,0,10,-0.7355973031024927,-0.474495935582869,2024-2025
paraphrasing,1,0,10,0,5,-0.7355973031024927,-0.474495935582869,2024-2025
square,1,0,10,0,8,-0.7355973031024927,-0.474495935582869,2024-2025
parallel,1,0,10,0,10,-0.7355973031024927,-0.474495935582869,2024-2025
technical professional,2,0,10,0,6,-0.7355973031024927,-0.474495935582869,2024-2025
technologies like,2,0,10,0,10,-0.7355973031024927,-0.474495935582869,2024-2025
understanding factors,2,0,10,0,9,-0.7355973031024927,-0.474495935582869,2024-2025
homework,1,0,10,0,7,-0.7355973031024927,-0.474495935582869,2024-2025
long-term impacts,2,0,10,0,9,-0.7355973031024927,-0.474495935582869,2024-2025
selecting,1,0,10,0,9,-0.7355973031024927,-0.474495935582869,2024-2025
assisted,1,0,10,0,8,-0.7355973031024927,-0.474495935582869,2024-2025
faculty staff,2,0,10,0,8,-0.7355973031024927,-0.474495935582869,2024-2025
formal training,2,0,10,0,9,-0.7355973031024927,-0.474495935582869,2024-2025
perceived risk,2,0,10,0,8,-0.7355973031024927,-0.474495935582869,2024-2025
contrary,1,0,10,0,10,-0.7355973031024927,-0.474495935582869,2024-2025
leveraged,1,0,10,0,10,-0.7355973031024927,-0.474495935582869,2024-2025
factor efa,2,0,10,0,10,-0.7355973031024927,-0.474495935582869,2024-2025
served,1,0,10,0,9,-0.7355973031024927,-0.474495935582869,2024-2025
handle,1,0,10,0,8,-0.7355973031024927,-0.474495935582869,2024-2025
highlight importance,2,0,10,0,10,-0.7355973031024927,-0.474495935582869,2024-2025
arguments,1,0,10,0,7,-0.7355973031024927,-0.474495935582869,2024-2025
hands-on experience,2,0,10,0,10,-0.7355973031024927,-0.474495935582869,2024-2025
historically,1,0,10,0,10,-0.7355973031024927,-0.474495935582869,2024-2025
targeted professional,2,0,10,0,10,-0.7355973031024927,-0.474495935582869,2024-2025
particularly context,2,0,10,0,10,-0.7355973031024927,-0.474495935582869,2024-2025
logs,1,0,10,0,10,-0.7355973031024927,-0.474495935582869,2024-2025
crucial,1,6,174,6,167,-0.13270114561008128,-0.4752658302135592,2024-2025
competence,1,7,199,4,115,-0.1236611423936207,-0.47564045548340855,2024-2025
complex,1,5,149,5,127,-0.14490717916009555,-0.4775247728788171,2024-2025
objectives,1,2,71,2,62,-0.21910791554253972,-0.48141421425143,2024-2025
plagiarism,1,1,43,1,39,-0.29198066668409695,-0.48244094211520233,2024-2025
advance,1,1,43,1,42,-0.29198066668409695,-0.48244094211520233,2024-2025
cognition,1,1,43,1,33,-0.29198066668409695,-0.48244094211520233,2024-2025
environmental,1,1,43,1,30,-0.29198066668409695,-0.48244094211520233,2024-2025
aimed,1,4,124,3,124,-0.16229516588693116,-0.48395121246595757,2024-2025
structural equation,2,4,124,4,114,-0.16229516588693116,-0.48395121246595757,2024-2025
introduction,1,2,72,2,70,-0.2247227431920873,-0.4959088455740816,2024-2025
low,1,2,72,2,61,-0.2247227431920873,-0.4959088455740816,2024-2025
conclusion,1,3,99,3,99,-0.18905651231690435,-0.49745984474343147,2024-2025
following prisma,2,0,11,0,11,-0.7355998868685827,-0.49765728366200634,2024-2025
ghana,1,0,11,0,5,-0.7355998868685827,-0.49765728366200634,2024-2025
surgery,1,0,11,0,6,-0.7355998868685827,-0.49765728366200634,2024-2025
usage evaluation,2,0,11,0,8,-0.7355998868685827,-0.49765728366200634,2024-2025
garnered,1,0,11,0,11,-0.7355998868685827,-0.49765728366200634,2024-2025
collected online,2,0,11,0,11,-0.7355998868685827,-0.49765728366200634,2024-2025
event,1,0,11,0,8,-0.7355998868685827,-0.49765728366200634,2024-2025
events,1,0,11,0,7,-0.7355998868685827,-0.49765728366200634,2024-2025
preserve,1,0,11,0,10,-0.7355998868685827,-0.49765728366200634,2024-2025
perceived effectiveness,2,0,11,0,5,-0.7355998868685827,-0.49765728366200634,2024-2025
undergraduate graduate,2,0,11,0,11,-0.7355998868685827,-0.49765728366200634,2024-2025
digcomp,1,0,11,0,7,-0.7355998868685827,-0.49765728366200634,2024-2025
negative impacts,2,0,11,0,11,-0.7355998868685827,-0.49765728366200634,2024-2025
middle east,2,0,11,0,7,-0.7355998868685827,-0.49765728366200634,2024-2025
nearly,1,0,11,0,10,-0.7355998868685827,-0.49765728366200634,2024-2025
grasp,1,0,11,0,11,-0.7355998868685827,-0.49765728366200634,2024-2025
baseline,1,0,11,0,11,-0.7355998868685827,-0.49765728366200634,2024-2025
resulted,1,0,11,0,11,-0.7355998868685827,-0.49765728366200634,2024-2025
evaluative,1,0,11,0,11,-0.7355998868685827,-0.49765728366200634,2024-2025
enhance engagement,2,0,11,0,11,-0.7355998868685827,-0.49765728366200634,2024-2025
qualitative insights,2,0,11,0,11,-0.7355998868685827,-0.49765728366200634,2024-2025
purposive sampling,2,0,11,0,11,-0.7355998868685827,-0.49765728366200634,2024-2025
verified,1,0,11,0,10,-0.7355998868685827,-0.49765728366200634,2024-2025
explicitly,1,0,11,0,10,-0.7355998868685827,-0.49765728366200634,2024-2025
future healthcare,2,0,11,0,7,-0.7355998868685827,-0.49765728366200634,2024-2025
junior high,2,0,11,0,6,-0.7355998868685827,-0.49765728366200634,2024-2025
orientations,1,0,11,0,5,-0.7355998868685827,-0.49765728366200634,2024-2025
february,1,0,11,0,11,-0.7355998868685827,-0.49765728366200634,2024-2025
logistic,1,0,11,0,10,-0.7355998868685827,-0.49765728366200634,2024-2025
language writing,2,0,11,0,7,-0.7355998868685827,-0.49765728366200634,2024-2025
subject-specific,1,0,11,0,9,-0.7355998868685827,-0.49765728366200634,2024-2025
viewpoints,1,0,11,0,8,-0.7355998868685827,-0.49765728366200634,2024-2025
accordingly,1,0,11,0,10,-0.7355998868685827,-0.49765728366200634,2024-2025
tools particularly,2,0,11,0,11,-0.7355998868685827,-0.49765728366200634,2024-2025
healthcare delivery,2,0,11,0,10,-0.7355998868685827,-0.49765728366200634,2024-2025
training programmes,2,0,11,0,9,-0.7355998868685827,-0.49765728366200634,2024-2025
offer insights,2,0,11,0,11,-0.7355998868685827,-0.49765728366200634,2024-2025
demographic factors,2,0,11,0,9,-0.7355998868685827,-0.49765728366200634,2024-2025
undergoing,1,0,11,0,11,-0.7355998868685827,-0.49765728366200634,2024-2025
qualitative design,2,0,11,0,11,-0.7355998868685827,-0.49765728366200634,2024-2025
soft,1,0,11,0,9,-0.7355998868685827,-0.49765728366200634,2024-2025
facilitated,1,0,11,0,11,-0.7355998868685827,-0.49765728366200634,2024-2025
union,1,0,11,0,9,-0.7355998868685827,-0.49765728366200634,2024-2025
incorrect,1,0,11,0,8,-0.7355998868685827,-0.49765728366200634,2024-2025
patient safety,2,0,11,0,8,-0.7355998868685827,-0.49765728366200634,2024-2025
better prepare,2,0,11,0,11,-0.7355998868685827,-0.49765728366200634,2024-2025
nigeria,1,0,11,0,8,-0.7355998868685827,-0.49765728366200634,2024-2025
powered,1,0,11,0,11,-0.7355998868685827,-0.49765728366200634,2024-2025
reshapes,1,0,11,0,11,-0.7355998868685827,-0.49765728366200634,2024-2025
receive,1,0,11,0,11,-0.7355998868685827,-0.49765728366200634,2024-2025
shaping future,2,0,11,0,11,-0.7355998868685827,-0.49765728366200634,2024-2025
reimagining,1,0,11,0,11,-0.7355998868685827,-0.49765728366200634,2024-2025
tree,1,0,11,0,6,-0.7355998868685827,-0.49765728366200634,2024-2025
transformer,1,0,11,0,11,-0.7355998868685827,-0.49765728366200634,2024-2025
comfort,1,0,11,0,10,-0.7355998868685827,-0.49765728366200634,2024-2025
limit,1,0,11,0,11,-0.7355998868685827,-0.49765728366200634,2024-2025
false,1,0,11,0,11,-0.7355998868685827,-0.49765728366200634,2024-2025
select,1,0,11,0,10,-0.7355998868685827,-0.49765728366200634,2024-2025
context-sensitive,1,0,11,0,10,-0.7355998868685827,-0.49765728366200634,2024-2025
professional communication,2,0,11,0,8,-0.7355998868685827,-0.49765728366200634,2024-2025
chatgpt usage,2,0,11,0,9,-0.7355998868685827,-0.49765728366200634,2024-2025
cronbach alpha,2,0,11,0,11,-0.7355998868685827,-0.49765728366200634,2024-2025
regular,1,0,11,0,10,-0.7355998868685827,-0.49765728366200634,2024-2025
agreement,1,0,11,0,8,-0.7355998868685827,-0.49765728366200634,2024-2025
turkey,1,0,11,0,9,-0.7355998868685827,-0.49765728366200634,2024-2025
explains,1,0,11,0,11,-0.7355998868685827,-0.49765728366200634,2024-2025
unexplored,1,0,11,0,11,-0.7355998868685827,-0.49765728366200634,2024-2025
intermediate,1,0,11,0,10,-0.7355998868685827,-0.49765728366200634,2024-2025
perceptual,1,0,11,0,7,-0.7355998868685827,-0.49765728366200634,2024-2025
educators institutions,2,0,11,0,11,-0.7355998868685827,-0.49765728366200634,2024-2025
genai adoption,2,0,11,0,10,-0.7355998868685827,-0.49765728366200634,2024-2025
reinforcement,1,0,11,0,7,-0.7355998868685827,-0.49765728366200634,2024-2025
randomly,1,0,11,0,11,-0.7355998868685827,-0.49765728366200634,2024-2025
background increasingly,2,0,11,0,11,-0.7355998868685827,-0.49765728366200634,2024-2025
user-friendly,1,0,11,0,10,-0.7355998868685827,-0.49765728366200634,2024-2025
ai-augmented,1,0,11,0,9,-0.7355998868685827,-0.49765728366200634,2024-2025
gen tools,2,0,11,0,8,-0.7355998868685827,-0.49765728366200634,2024-2025
socio-demographic,1,0,11,0,10,-0.7355998868685827,-0.49765728366200634,2024-2025
vosviewer,1,0,11,0,10,-0.7355998868685827,-0.49765728366200634,2024-2025
rapid advancements,2,0,11,0,11,-0.7355998868685827,-0.49765728366200634,2024-2025
contributes literature,2,0,11,0,11,-0.7355998868685827,-0.49765728366200634,2024-2025
review identifies,2,0,11,0,10,-0.7355998868685827,-0.49765728366200634,2024-2025
outline,1,0,11,0,10,-0.7355998868685827,-0.49765728366200634,2024-2025
erosion,1,0,11,0,11,-0.7355998868685827,-0.49765728366200634,2024-2025
updated,1,0,11,0,11,-0.7355998868685827,-0.49765728366200634,2024-2025
eric,1,0,11,0,11,-0.7355998868685827,-0.49765728366200634,2024-2025
properties,1,0,11,0,9,-0.7355998868685827,-0.49765728366200634,2024-2025
openai,1,0,11,0,9,-0.7355998868685827,-0.49765728366200634,2024-2025
umbrella,1,0,11,0,6,-0.7355998868685827,-0.49765728366200634,2024-2025
properly,1,0,11,0,10,-0.7355998868685827,-0.49765728366200634,2024-2025
era generative,2,0,11,0,9,-0.7355998868685827,-0.49765728366200634,2024-2025
impactful,1,0,11,0,11,-0.7355998868685827,-0.49765728366200634,2024-2025
identities,1,0,11,0,10,-0.7355998868685827,-0.49765728366200634,2024-2025
genai chatbots,2,0,11,0,6,-0.7355998868685827,-0.49765728366200634,2024-2025
data-driven technologies,2,0,11,0,5,-0.7355998868685827,-0.49765728366200634,2024-2025
adding,1,0,11,0,11,-0.7355998868685827,-0.49765728366200634,2024-2025
provides comprehensive,2,0,11,0,11,-0.7355998868685827,-0.49765728366200634,2024-2025
innovate,1,0,11,0,10,-0.7355998868685827,-0.49765728366200634,2024-2025
safeguarding,1,0,11,0,10,-0.7355998868685827,-0.49765728366200634,2024-2025
priority,1,0,11,0,11,-0.7355998868685827,-0.49765728366200634,2024-2025
addresses critical,2,0,11,0,11,-0.7355998868685827,-0.49765728366200634,2024-2025
science lis,2,0,11,0,10,-0.7355998868685827,-0.49765728366200634,2024-2025
challenges faced,2,0,11,0,11,-0.7355998868685827,-0.49765728366200634,2024-2025
creative writing,2,0,11,0,6,-0.7355998868685827,-0.49765728366200634,2024-2025
applicability,1,0,11,0,8,-0.7355998868685827,-0.49765728366200634,2024-2025
school settings,2,0,11,0,10,-0.7355998868685827,-0.49765728366200634,2024-2025
distinct profiles,2,0,11,0,10,-0.7355998868685827,-0.49765728366200634,2024-2025
topic modeling,2,0,11,0,9,-0.7355998868685827,-0.49765728366200634,2024-2025
diverse needs,2,0,11,0,10,-0.7355998868685827,-0.49765728366200634,2024-2025
markets,1,0,11,0,5,-0.7355998868685827,-0.49765728366200634,2024-2025
establishment,1,0,11,0,10,-0.7355998868685827,-0.49765728366200634,2024-2025
ethical understanding,2,0,11,0,9,-0.7355998868685827,-0.49765728366200634,2024-2025
governance frameworks,2,0,11,0,11,-0.7355998868685827,-0.49765728366200634,2024-2025
higher generative,2,0,11,0,11,-0.7355998868685827,-0.49765728366200634,2024-2025
tendency,1,0,11,0,11,-0.7355998868685827,-0.49765728366200634,2024-2025
rise generative,2,0,11,0,11,-0.7355998868685827,-0.49765728366200634,2024-2025
foundation future,2,0,11,0,11,-0.7355998868685827,-0.49765728366200634,2024-2025
relatedness,1,0,11,0,8,-0.7355998868685827,-0.49765728366200634,2024-2025
distance,1,0,11,0,8,-0.7355998868685827,-0.49765728366200634,2024-2025
decreased,1,0,11,0,11,-0.7355998868685827,-0.49765728366200634,2024-2025
provides practical,2,0,11,0,11,-0.7355998868685827,-0.49765728366200634,2024-2025
deepen understanding,2,0,11,0,11,-0.7355998868685827,-0.49765728366200634,2024-2025
ongoing discourse,2,0,11,0,11,-0.7355998868685827,-0.49765728366200634,2024-2025
positively influence,2,0,11,0,11,-0.7355998868685827,-0.49765728366200634,2024-2025
identify key,2,0,11,0,11,-0.7355998868685827,-0.49765728366200634,2024-2025
clinician,1,0,11,0,8,-0.7355998868685827,-0.49765728366200634,2024-2025
critical gap,2,0,11,0,11,-0.7355998868685827,-0.49765728366200634,2024-2025
realities,1,0,11,0,11,-0.7355998868685827,-0.49765728366200634,2024-2025
chatgpt higher,2,0,11,0,9,-0.7355998868685827,-0.49765728366200634,2024-2025
instructional strategies,2,0,11,0,11,-0.7355998868685827,-0.49765728366200634,2024-2025
chapter concludes,2,0,11,0,11,-0.7355998868685827,-0.49765728366200634,2024-2025
bot,1,0,11,0,5,-0.7355998868685827,-0.49765728366200634,2024-2025
philippines,1,0,11,0,7,-0.7355998868685827,-0.49765728366200634,2024-2025
identifies key,2,0,11,0,11,-0.7355998868685827,-0.49765728366200634,2024-2025
relied,1,0,11,0,11,-0.7355998868685827,-0.49765728366200634,2024-2025
uphold,1,0,11,0,11,-0.7355998868685827,-0.49765728366200634,2024-2025
implementation strategies,2,0,11,0,10,-0.7355998868685827,-0.49765728366200634,2024-2025
procedural,1,0,11,0,10,-0.7355998868685827,-0.49765728366200634,2024-2025
digital tools,2,0,11,0,11,-0.7355998868685827,-0.49765728366200634,2024-2025
stay,1,0,11,0,11,-0.7355998868685827,-0.49765728366200634,2024-2025
prompting strategies,2,0,11,0,10,-0.7355998868685827,-0.49765728366200634,2024-2025
paradox,1,0,11,0,9,-0.7355998868685827,-0.49765728366200634,2024-2025
ethical implementation,2,0,11,0,10,-0.7355998868685827,-0.49765728366200634,2024-2025
epistemological,1,0,11,0,10,-0.7355998868685827,-0.49765728366200634,2024-2025
credibility,1,0,11,0,10,-0.7355998868685827,-0.49765728366200634,2024-2025
artistic,1,0,11,0,7,-0.7355998868685827,-0.49765728366200634,2024-2025
gender,1,5,151,3,91,-0.1508302697407613,-0.49898809667941346,2024-2025
methodological,1,1,44,1,35,-0.3001521806473413,-0.4997496288409631,2024-2025
guiding,1,1,44,1,43,-0.3001521806473413,-0.4997496288409631,2024-2025
mapping,1,1,44,1,37,-0.3001521806473413,-0.4997496288409631,2024-2025
vocational,1,1,44,1,19,-0.3001521806473413,-0.4997496288409631,2024-2025
raises,1,1,44,1,44,-0.3001521806473413,-0.4997496288409631,2024-2025
practical application,2,1,44,1,34,-0.3001521806473413,-0.4997496288409631,2024-2025
opportunities challenges,2,3,100,2,92,-0.1932735754692292,-0.5101108090321469,2024-2025
active,1,2,73,2,61,-0.2302143691721561,-0.5102277320359566,2024-2025
views,1,1,45,1,38,-0.3080238169909819,-0.5167311094638772,2024-2025
iterative,1,1,45,1,41,-0.3080238169909819,-0.5167311094638772,2024-2025
affects,1,1,45,1,40,-0.3080238169909819,-0.5167311094638772,2024-2025
bridge,1,1,45,1,43,-0.3080238169909819,-0.5167311094638772,2024-2025
visual,1,1,45,1,29,-0.3080238169909819,-0.5167311094638772,2024-2025
capacities,1,0,12,0,11,-0.7356024706536353,-0.5197879061968306,2024-2025
chemistry,1,0,12,0,6,-0.7356024706536353,-0.5197879061968306,2024-2025
recent advancements,2,0,12,0,10,-0.7356024706536353,-0.5197879061968306,2024-2025
support academic,2,0,12,0,12,-0.7356024706536353,-0.5197879061968306,2024-2025
moroccan,1,0,12,0,5,-0.7356024706536353,-0.5197879061968306,2024-2025
genai usage,2,0,12,0,11,-0.7356024706536353,-0.5197879061968306,2024-2025
caregivers,1,0,12,0,5,-0.7356024706536353,-0.5197879061968306,2024-2025
months,1,0,12,0,11,-0.7356024706536353,-0.5197879061968306,2024-2025
capabilities limitations,2,0,12,0,12,-0.7356024706536353,-0.5197879061968306,2024-2025
group interviews,2,0,12,0,12,-0.7356024706536353,-0.5197879061968306,2024-2025
aimed explore,2,0,12,0,12,-0.7356024706536353,-0.5197879061968306,2024-2025
policy recommendations,2,0,12,0,12,-0.7356024706536353,-0.5197879061968306,2024-2025
support critical,2,0,12,0,12,-0.7356024706536353,-0.5197879061968306,2024-2025
america,1,0,12,0,9,-0.7356024706536353,-0.5197879061968306,2024-2025
assessment higher,2,0,12,0,8,-0.7356024706536353,-0.5197879061968306,2024-2025
filter,1,0,12,0,5,-0.7356024706536353,-0.5197879061968306,2024-2025
chatgpt gemini,2,0,12,0,6,-0.7356024706536353,-0.5197879061968306,2024-2025
redefining,1,0,12,0,12,-0.7356024706536353,-0.5197879061968306,2024-2025
drawn,1,0,12,0,12,-0.7356024706536353,-0.5197879061968306,2024-2025
recurring,1,0,12,0,12,-0.7356024706536353,-0.5197879061968306,2024-2025
strategically,1,0,12,0,11,-0.7356024706536353,-0.5197879061968306,2024-2025
instructional practices,2,0,12,0,11,-0.7356024706536353,-0.5197879061968306,2024-2025
east,1,0,12,0,8,-0.7356024706536353,-0.5197879061968306,2024-2025
clarifying,1,0,12,0,11,-0.7356024706536353,-0.5197879061968306,2024-2025
competent,1,0,12,0,9,-0.7356024706536353,-0.5197879061968306,2024-2025
thinking creativity,2,0,12,0,10,-0.7356024706536353,-0.5197879061968306,2024-2025
follows,1,0,12,0,12,-0.7356024706536353,-0.5197879061968306,2024-2025
peer review,2,0,12,0,5,-0.7356024706536353,-0.5197879061968306,2024-2025
record,1,0,12,0,12,-0.7356024706536353,-0.5197879061968306,2024-2025
period,1,0,12,0,12,-0.7356024706536353,-0.5197879061968306,2024-2025
line,1,0,12,0,11,-0.7356024706536353,-0.5197879061968306,2024-2025
negative attitudes,2,0,12,0,9,-0.7356024706536353,-0.5197879061968306,2024-2025
fears,1,0,12,0,11,-0.7356024706536353,-0.5197879061968306,2024-2025
actionable recommendations,2,0,12,0,12,-0.7356024706536353,-0.5197879061968306,2024-2025
doctors,1,0,12,0,6,-0.7356024706536353,-0.5197879061968306,2024-2025
uae,1,0,12,0,9,-0.7356024706536353,-0.5197879061968306,2024-2025
educators develop,2,0,12,0,12,-0.7356024706536353,-0.5197879061968306,2024-2025
transforms,1,0,12,0,11,-0.7356024706536353,-0.5197879061968306,2024-2025
content generation,2,0,12,0,11,-0.7356024706536353,-0.5197879061968306,2024-2025
social sciences,2,0,12,0,10,-0.7356024706536353,-0.5197879061968306,2024-2025
structuring,1,0,12,0,10,-0.7356024706536353,-0.5197879061968306,2024-2025
pedagogical implications,2,0,12,0,12,-0.7356024706536353,-0.5197879061968306,2024-2025
sensitive,1,0,12,0,10,-0.7356024706536353,-0.5197879061968306,2024-2025
hope,1,0,12,0,10,-0.7356024706536353,-0.5197879061968306,2024-2025
retrieved,1,0,12,0,12,-0.7356024706536353,-0.5197879061968306,2024-2025
characterized,1,0,12,0,12,-0.7356024706536353,-0.5197879061968306,2024-2025
messages,1,0,12,0,6,-0.7356024706536353,-0.5197879061968306,2024-2025
expectancy effort,2,0,12,0,10,-0.7356024706536353,-0.5197879061968306,2024-2025
investing,1,0,12,0,11,-0.7356024706536353,-0.5197879061968306,2024-2025
higher vocational,2,0,12,0,5,-0.7356024706536353,-0.5197879061968306,2024-2025
marked,1,0,12,0,12,-0.7356024706536353,-0.5197879061968306,2024-2025
challenges future,2,0,12,0,11,-0.7356024706536353,-0.5197879061968306,2024-2025
skilled,1,0,12,0,12,-0.7356024706536353,-0.5197879061968306,2024-2025
begins,1,0,12,0,12,-0.7356024706536353,-0.5197879061968306,2024-2025
provides empirical,2,0,12,0,12,-0.7356024706536353,-0.5197879061968306,2024-2025
positively influences,2,0,12,0,12,-0.7356024706536353,-0.5197879061968306,2024-2025
swedish,1,0,12,0,8,-0.7356024706536353,-0.5197879061968306,2024-2025
ethical dimensions,2,0,12,0,11,-0.7356024706536353,-0.5197879061968306,2024-2025
artists,1,0,12,0,6,-0.7356024706536353,-0.5197879061968306,2024-2025
equal,1,0,12,0,11,-0.7356024706536353,-0.5197879061968306,2024-2025
providing insights,2,0,12,0,12,-0.7356024706536353,-0.5197879061968306,2024-2025
lacks,1,0,12,0,12,-0.7356024706536353,-0.5197879061968306,2024-2025
heuristics,1,0,12,0,8,-0.7356024706536353,-0.5197879061968306,2024-2025
heuristic,1,0,12,0,9,-0.7356024706536353,-0.5197879061968306,2024-2025
implications educators,2,0,12,0,12,-0.7356024706536353,-0.5197879061968306,2024-2025
acknowledge,1,0,12,0,12,-0.7356024706536353,-0.5197879061968306,2024-2025
landscapes,1,0,12,0,12,-0.7356024706536353,-0.5197879061968306,2024-2025
concluded,1,0,12,0,12,-0.7356024706536353,-0.5197879061968306,2024-2025
routine tasks,2,0,12,0,12,-0.7356024706536353,-0.5197879061968306,2024-2025
integration settings,2,0,12,0,12,-0.7356024706536353,-0.5197879061968306,2024-2025
current literature,2,0,12,0,12,-0.7356024706536353,-0.5197879061968306,2024-2025
spectrum,1,0,12,0,12,-0.7356024706536353,-0.5197879061968306,2024-2025
turkish,1,0,12,0,5,-0.7356024706536353,-0.5197879061968306,2024-2025
challenges posed,2,0,12,0,11,-0.7356024706536353,-0.5197879061968306,2024-2025
undergraduate nursing,2,0,12,0,6,-0.7356024706536353,-0.5197879061968306,2024-2025
strategies integrating,2,0,12,0,11,-0.7356024706536353,-0.5197879061968306,2024-2025
excel,1,0,12,0,7,-0.7356024706536353,-0.5197879061968306,2024-2025
formulation,1,0,12,0,10,-0.7356024706536353,-0.5197879061968306,2024-2025
believe,1,0,12,0,12,-0.7356024706536353,-0.5197879061968306,2024-2025
judgement,1,0,12,0,12,-0.7356024706536353,-0.5197879061968306,2024-2025
processing nlp,2,0,12,0,12,-0.7356024706536353,-0.5197879061968306,2024-2025
apps,1,0,12,0,6,-0.7356024706536353,-0.5197879061968306,2024-2025
progressive,1,0,12,0,12,-0.7356024706536353,-0.5197879061968306,2024-2025
academic achievement,2,0,12,0,6,-0.7356024706536353,-0.5197879061968306,2024-2025
ethically grounded,2,0,12,0,12,-0.7356024706536353,-0.5197879061968306,2024-2025
critical digital,2,0,12,0,9,-0.7356024706536353,-0.5197879061968306,2024-2025
jordan,1,0,12,0,7,-0.7356024706536353,-0.5197879061968306,2024-2025
generalizability,1,0,12,0,11,-0.7356024706536353,-0.5197879061968306,2024-2025
curriculum integration,2,0,12,0,11,-0.7356024706536353,-0.5197879061968306,2024-2025
math,1,0,12,0,11,-0.7356024706536353,-0.5197879061968306,2024-2025
customized,1,0,12,0,11,-0.7356024706536353,-0.5197879061968306,2024-2025
ai-tpack,1,0,12,0,6,-0.7356024706536353,-0.5197879061968306,2024-2025
chinese efl,2,0,12,0,8,-0.7356024706536353,-0.5197879061968306,2024-2025
ensure equitable,2,0,12,0,12,-0.7356024706536353,-0.5197879061968306,2024-2025
emotion,1,0,12,0,8,-0.7356024706536353,-0.5197879061968306,2024-2025
raises ethical,2,0,12,0,12,-0.7356024706536353,-0.5197879061968306,2024-2025
responsible adoption,2,0,12,0,12,-0.7356024706536353,-0.5197879061968306,2024-2025
layer,1,0,12,0,6,-0.7356024706536353,-0.5197879061968306,2024-2025
writing processes,2,0,12,0,10,-0.7356024706536353,-0.5197879061968306,2024-2025
convergence,1,0,12,0,7,-0.7356024706536353,-0.5197879061968306,2024-2025
left,1,0,12,0,12,-0.7356024706536353,-0.5197879061968306,2024-2025
rapid evolution,2,0,12,0,12,-0.7356024706536353,-0.5197879061968306,2024-2025
generative academic,2,0,12,0,11,-0.7356024706536353,-0.5197879061968306,2024-2025
individualized,1,0,12,0,12,-0.7356024706536353,-0.5197879061968306,2024-2025
absence,1,0,12,0,12,-0.7356024706536353,-0.5197879061968306,2024-2025
scopus web,2,0,12,0,12,-0.7356024706536353,-0.5197879061968306,2024-2025
genai-supported,1,0,12,0,8,-0.7356024706536353,-0.5197879061968306,2024-2025
significantly predicted,2,0,12,0,10,-0.7356024706536353,-0.5197879061968306,2024-2025
analysing,1,0,12,0,11,-0.7356024706536353,-0.5197879061968306,2024-2025
emerged critical,2,0,12,0,12,-0.7356024706536353,-0.5197879061968306,2024-2025
loss,1,0,12,0,11,-0.7356024706536353,-0.5197879061968306,2024-2025
inteligencia,1,0,12,0,12,-0.7356024706536353,-0.5197879061968306,2024-2025
detrimental,1,0,12,0,10,-0.7356024706536353,-0.5197879061968306,2024-2025
combine,1,0,12,0,11,-0.7356024706536353,-0.5197879061968306,2024-2025
agreed,1,0,12,0,8,-0.7356024706536353,-0.5197879061968306,2024-2025
misconduct,1,0,12,0,9,-0.7356024706536353,-0.5197879061968306,2024-2025
positive correlation,2,0,12,0,12,-0.7356024706536353,-0.5197879061968306,2024-2025
chapter integration,2,0,12,0,12,-0.7356024706536353,-0.5197879061968306,2024-2025
harms,1,0,12,0,11,-0.7356024706536353,-0.5197879061968306,2024-2025
chatgpt generative,2,0,12,0,12,-0.7356024706536353,-0.5197879061968306,2024-2025
aia,1,0,12,0,5,-0.7356024706536353,-0.5197879061968306,2024-2025
purposeful,1,0,12,0,11,-0.7356024706536353,-0.5197879061968306,2024-2025
delivered,1,0,12,0,11,-0.7356024706536353,-0.5197879061968306,2024-2025
enhance understanding,2,0,12,0,12,-0.7356024706536353,-0.5197879061968306,2024-2025
summarization,1,0,12,0,12,-0.7356024706536353,-0.5197879061968306,2024-2025
department,1,0,12,0,8,-0.7356024706536353,-0.5197879061968306,2024-2025
pressing need,2,0,12,0,12,-0.7356024706536353,-0.5197879061968306,2024-2025
adoption challenges,2,0,12,0,5,-0.7356024706536353,-0.5197879061968306,2024-2025
expression,1,0,12,0,10,-0.7356024706536353,-0.5197879061968306,2024-2025
navigate complexities,2,0,12,0,12,-0.7356024706536353,-0.5197879061968306,2024-2025
health professionals,2,0,12,0,8,-0.7356024706536353,-0.5197879061968306,2024-2025
nvivo,1,0,12,0,5,-0.7356024706536353,-0.5197879061968306,2024-2025
malaysia,1,0,12,0,7,-0.7356024706536353,-0.5197879061968306,2024-2025
sdt,1,0,12,0,8,-0.7356024706536353,-0.5197879061968306,2024-2025
trajectories,1,0,12,0,11,-0.7356024706536353,-0.5197879061968306,2024-2025
face challenges,2,0,12,0,12,-0.7356024706536353,-0.5197879061968306,2024-2025
benefits risks,2,0,12,0,12,-0.7356024706536353,-0.5197879061968306,2024-2025
inconsistent,1,0,12,0,10,-0.7356024706536353,-0.5197879061968306,2024-2025
philosophical,1,0,12,0,10,-0.7356024706536353,-0.5197879061968306,2024-2025
validated,1,2,74,1,68,-0.23558688631791913,-0.5243758748677985,2024-2025
equation,1,4,128,4,117,-0.1760181818224993,-0.5298634980293139,2024-2025
conditions,1,1,46,1,34,-0.3156120214317042,-0.5334002917571438,2024-2025
class,1,1,46,1,38,-0.3156120214317042,-0.5334002917571438,2024-2025
cases,1,1,46,1,37,-0.3156120214317042,-0.5334002917571438,2024-2025
regression,1,1,46,1,38,-0.3156120214317042,-0.5334002917571438,2024-2025
century,1,1,46,1,35,-0.3156120214317042,-0.5334002917571438,2024-2025
attributes,1,0,13,0,9,-0.7356050544576487,-0.5410143059381382,2024-2025
concerns ethical,2,0,13,0,13,-0.7356050544576487,-0.5410143059381382,2024-2025
south korea,2,0,13,0,11,-0.7356050544576487,-0.5410143059381382,2024-2025
revision,1,0,13,0,7,-0.7356050544576487,-0.5410143059381382,2024-2025
positively influenced,2,0,13,0,12,-0.7356050544576487,-0.5410143059381382,2024-2025
provide valuable,2,0,13,0,13,-0.7356050544576487,-0.5410143059381382,2024-2025
anticipated,1,0,13,0,10,-0.7356050544576487,-0.5410143059381382,2024-2025
spain,1,0,13,0,12,-0.7356050544576487,-0.5410143059381382,2024-2025
unprecedented,1,0,13,0,13,-0.7356050544576487,-0.5410143059381382,2024-2025
spanning,1,0,13,0,13,-0.7356050544576487,-0.5410143059381382,2024-2025
deliver,1,0,13,0,13,-0.7356050544576487,-0.5410143059381382,2024-2025
ethical decision-making,2,0,13,0,10,-0.7356050544576487,-0.5410143059381382,2024-2025
players,1,0,13,0,7,-0.7356050544576487,-0.5410143059381382,2024-2025
ethical effective,2,0,13,0,12,-0.7356050544576487,-0.5410143059381382,2024-2025
short-term,1,0,13,0,13,-0.7356050544576487,-0.5410143059381382,2024-2025
robustness,1,0,13,0,11,-0.7356050544576487,-0.5410143059381382,2024-2025
identifying key,2,0,13,0,13,-0.7356050544576487,-0.5410143059381382,2024-2025
rubrics,1,0,13,0,11,-0.7356050544576487,-0.5410143059381382,2024-2025
idea generation,2,0,13,0,13,-0.7356050544576487,-0.5410143059381382,2024-2025
proliferation,1,0,13,0,13,-0.7356050544576487,-0.5410143059381382,2024-2025
implications nursing,2,0,13,0,13,-0.7356050544576487,-0.5410143059381382,2024-2025
metadata,1,0,13,0,9,-0.7356050544576487,-0.5410143059381382,2024-2025
purposive,1,0,13,0,13,-0.7356050544576487,-0.5410143059381382,2024-2025
general attitudes,2,0,13,0,11,-0.7356050544576487,-0.5410143059381382,2024-2025
generative chatbots,2,0,13,0,9,-0.7356050544576487,-0.5410143059381382,2024-2025
intentional,1,0,13,0,13,-0.7356050544576487,-0.5410143059381382,2024-2025
perform,1,0,13,0,13,-0.7356050544576487,-0.5410143059381382,2024-2025
generated content,2,0,13,0,13,-0.7356050544576487,-0.5410143059381382,2024-2025
design-based,1,0,13,0,13,-0.7356050544576487,-0.5410143059381382,2024-2025
notion,1,0,13,0,13,-0.7356050544576487,-0.5410143059381382,2024-2025
vulnerable,1,0,13,0,10,-0.7356050544576487,-0.5410143059381382,2024-2025
intercultural,1,0,13,0,7,-0.7356050544576487,-0.5410143059381382,2024-2025
academic librarians,2,0,13,0,7,-0.7356050544576487,-0.5410143059381382,2024-2025
responsible implementation,2,0,13,0,13,-0.7356050544576487,-0.5410143059381382,2024-2025
academic tasks,2,0,13,0,12,-0.7356050544576487,-0.5410143059381382,2024-2025
quickly,1,0,13,0,12,-0.7356050544576487,-0.5410143059381382,2024-2025
software engineering,2,0,13,0,5,-0.7356050544576487,-0.5410143059381382,2024-2025
retrieval,1,0,13,0,12,-0.7356050544576487,-0.5410143059381382,2024-2025
inaccurate,1,0,13,0,12,-0.7356050544576487,-0.5410143059381382,2024-2025
concerns academic,2,0,13,0,13,-0.7356050544576487,-0.5410143059381382,2024-2025
offer practical,2,0,13,0,13,-0.7356050544576487,-0.5410143059381382,2024-2025
python,1,0,13,0,12,-0.7356050544576487,-0.5410143059381382,2024-2025
metaphor,1,0,13,0,7,-0.7356050544576487,-0.5410143059381382,2024-2025
humanity,1,0,13,0,13,-0.7356050544576487,-0.5410143059381382,2024-2025
discrimination,1,0,13,0,10,-0.7356050544576487,-0.5410143059381382,2024-2025
positioned,1,0,13,0,12,-0.7356050544576487,-0.5410143059381382,2024-2025
better understanding,2,0,13,0,12,-0.7356050544576487,-0.5410143059381382,2024-2025
partnership,1,0,13,0,10,-0.7356050544576487,-0.5410143059381382,2024-2025
understanding application,2,0,13,0,13,-0.7356050544576487,-0.5410143059381382,2024-2025
global south,2,0,13,0,9,-0.7356050544576487,-0.5410143059381382,2024-2025
bloom taxonomy,2,0,13,0,12,-0.7356050544576487,-0.5410143059381382,2024-2025
genai systems,2,0,13,0,9,-0.7356050544576487,-0.5410143059381382,2024-2025
technologically,1,0,13,0,12,-0.7356050544576487,-0.5410143059381382,2024-2025
factor cfa,2,0,13,0,13,-0.7356050544576487,-0.5410143059381382,2024-2025
factors affecting,2,0,13,0,13,-0.7356050544576487,-0.5410143059381382,2024-2025
transformations,1,0,13,0,13,-0.7356050544576487,-0.5410143059381382,2024-2025
fail,1,0,13,0,13,-0.7356050544576487,-0.5410143059381382,2024-2025
cross-sectional conducted,2,0,13,0,13,-0.7356050544576487,-0.5410143059381382,2024-2025
look,1,0,13,0,13,-0.7356050544576487,-0.5410143059381382,2024-2025
fall,1,0,13,0,10,-0.7356050544576487,-0.5410143059381382,2024-2025
claude,1,0,13,0,6,-0.7356050544576487,-0.5410143059381382,2024-2025
literature reviews,2,0,13,0,12,-0.7356050544576487,-0.5410143059381382,2024-2025
underscoring need,2,0,13,0,13,-0.7356050544576487,-0.5410143059381382,2024-2025
chatgpt academic,2,0,13,0,12,-0.7356050544576487,-0.5410143059381382,2024-2025
google scholar,2,0,13,0,13,-0.7356050544576487,-0.5410143059381382,2024-2025
structured questionnaire,2,0,13,0,13,-0.7356050544576487,-0.5410143059381382,2024-2025
perceived value,2,0,13,0,6,-0.7356050544576487,-0.5410143059381382,2024-2025
chapter highlights,2,0,13,0,13,-0.7356050544576487,-0.5410143059381382,2024-2025
chapter discusses,2,0,13,0,13,-0.7356050544576487,-0.5410143059381382,2024-2025
clinical decision-making,2,0,13,0,12,-0.7356050544576487,-0.5410143059381382,2024-2025
males,1,0,13,0,11,-0.7356050544576487,-0.5410143059381382,2024-2025
hospitals,1,0,13,0,9,-0.7356050544576487,-0.5410143059381382,2024-2025
genai academic,2,0,13,0,11,-0.7356050544576487,-0.5410143059381382,2024-2025
excellent,1,0,13,0,10,-0.7356050544576487,-0.5410143059381382,2024-2025
technology integration,2,0,13,0,12,-0.7356050544576487,-0.5410143059381382,2024-2025
producing,1,0,13,0,12,-0.7356050544576487,-0.5410143059381382,2024-2025
scholar,1,0,13,0,13,-0.7356050544576487,-0.5410143059381382,2024-2025
expansion,1,0,13,0,10,-0.7356050544576487,-0.5410143059381382,2024-2025
higher-order thinking,2,0,13,0,11,-0.7356050544576487,-0.5410143059381382,2024-2025
april,1,0,13,0,10,-0.7356050544576487,-0.5410143059381382,2024-2025
ai-generated outputs,2,0,13,0,13,-0.7356050544576487,-0.5410143059381382,2024-2025
privacy algorithmic,2,0,13,0,13,-0.7356050544576487,-0.5410143059381382,2024-2025
experiences perceptions,2,0,13,0,10,-0.7356050544576487,-0.5410143059381382,2024-2025
address ethical,2,0,13,0,13,-0.7356050544576487,-0.5410143059381382,2024-2025
crafting,1,0,13,0,13,-0.7356050544576487,-0.5410143059381382,2024-2025
writing course,2,0,13,0,11,-0.7356050544576487,-0.5410143059381382,2024-2025
primary schools,2,0,13,0,7,-0.7356050544576487,-0.5410143059381382,2024-2025
writing instruction,2,0,13,0,8,-0.7356050544576487,-0.5410143059381382,2024-2025
language llm,2,0,13,0,13,-0.7356050544576487,-0.5410143059381382,2024-2025
scored,1,0,13,0,11,-0.7356050544576487,-0.5410143059381382,2024-2025
technology utaut,2,0,13,0,12,-0.7356050544576487,-0.5410143059381382,2024-2025
mere,1,0,13,0,13,-0.7356050544576487,-0.5410143059381382,2024-2025
effective strategies,2,0,13,0,13,-0.7356050544576487,-0.5410143059381382,2024-2025
skepticism,1,0,13,0,13,-0.7356050544576487,-0.5410143059381382,2024-2025
therapeutic,1,0,13,0,7,-0.7356050544576487,-0.5410143059381382,2024-2025
efa,1,0,13,0,11,-0.7356050544576487,-0.5410143059381382,2024-2025
thrive,1,0,13,0,13,-0.7356050544576487,-0.5410143059381382,2024-2025
validates,1,0,13,0,13,-0.7356050544576487,-0.5410143059381382,2024-2025
personality traits,2,0,13,0,8,-0.7356050544576487,-0.5410143059381382,2024-2025
realistic,1,0,13,0,10,-0.7356050544576487,-0.5410143059381382,2024-2025
document,1,0,13,0,11,-0.7356050544576487,-0.5410143059381382,2024-2025
reflexive,1,0,13,0,8,-0.7356050544576487,-0.5410143059381382,2024-2025
various disciplines,2,0,13,0,12,-0.7356050544576487,-0.5410143059381382,2024-2025
social robots,2,0,13,0,7,-0.7356050544576487,-0.5410143059381382,2024-2025
fsqca,1,0,13,0,7,-0.7356050544576487,-0.5410143059381382,2024-2025
inferential,1,0,13,0,13,-0.7356050544576487,-0.5410143059381382,2024-2025
tomorrow,1,0,13,0,13,-0.7356050544576487,-0.5410143059381382,2024-2025
relationships variables,2,0,13,0,12,-0.7356050544576487,-0.5410143059381382,2024-2025
thoughtful,1,0,13,0,12,-0.7356050544576487,-0.5410143059381382,2024-2025
inductive,1,0,13,0,13,-0.7356050544576487,-0.5410143059381382,2024-2025
autonomy competence,2,0,13,0,10,-0.7356050544576487,-0.5410143059381382,2024-2025
driver,1,0,13,0,13,-0.7356050544576487,-0.5410143059381382,2024-2025
assessment tools,2,0,13,0,13,-0.7356050544576487,-0.5410143059381382,2024-2025
alpha,1,0,13,0,13,-0.7356050544576487,-0.5410143059381382,2024-2025
effectively integrate,2,0,13,0,13,-0.7356050544576487,-0.5410143059381382,2024-2025
generative language,2,0,13,0,6,-0.7356050544576487,-0.5410143059381382,2024-2025
trial,1,0,13,0,12,-0.7356050544576487,-0.5410143059381382,2024-2025
dialogues,1,0,13,0,12,-0.7356050544576487,-0.5410143059381382,2024-2025
social implications,2,0,13,0,12,-0.7356050544576487,-0.5410143059381382,2024-2025
alternative,1,0,13,0,11,-0.7356050544576487,-0.5410143059381382,2024-2025
survey administered,2,0,13,0,13,-0.7356050544576487,-0.5410143059381382,2024-2025
notably,1,1,47,1,47,-0.32293204322353297,-0.5497710809276709,2024-2025
potentially,1,1,47,1,46,-0.32293204322353297,-0.5497710809276709,2024-2025
generally,1,1,47,1,46,-0.32293204322353297,-0.5497710809276709,2024-2025
benefits challenges,2,1,47,1,38,-0.32293204322353297,-0.5497710809276709,2024-2025
combining,1,1,47,1,46,-0.32293204322353297,-0.5497710809276709,2024-2025
number,1,1,47,1,44,-0.32293204322353297,-0.5497710809276709,2024-2025
creativity,1,5,156,3,104,-0.16511831446540537,-0.5515374611665231,2024-2025
regulatory,1,2,76,2,52,-0.24599006271190227,-0.5521788990558304,2024-2025
guidance,1,4,130,4,117,-0.1826304746744576,-0.5523371932813051,2024-2025
addresses,1,3,104,3,103,-0.20949691019976324,-0.5596136947806176,2024-2025
larger,1,0,14,0,13,-0.7356076382806229,-0.5614390504682734,2024-2025
understanding critical,2,0,14,0,13,-0.7356076382806229,-0.5614390504682734,2024-2025
impacting,1,0,14,0,14,-0.7356076382806229,-0.5614390504682734,2024-2025
times,1,0,14,0,11,-0.7356076382806229,-0.5614390504682734,2024-2025
carefully,1,0,14,0,13,-0.7356076382806229,-0.5614390504682734,2024-2025
writing process,2,0,14,0,12,-0.7356076382806229,-0.5614390504682734,2024-2025
professional training,2,0,14,0,13,-0.7356076382806229,-0.5614390504682734,2024-2025
provide practical,2,0,14,0,14,-0.7356076382806229,-0.5614390504682734,2024-2025
ai-powered tools,2,0,14,0,11,-0.7356076382806229,-0.5614390504682734,2024-2025
provides actionable,2,0,14,0,14,-0.7356076382806229,-0.5614390504682734,2024-2025
ukraine,1,0,14,0,8,-0.7356076382806229,-0.5614390504682734,2024-2025
threat,1,0,14,0,12,-0.7356076382806229,-0.5614390504682734,2024-2025
understanding genai,2,0,14,0,14,-0.7356076382806229,-0.5614390504682734,2024-2025
promoting critical,2,0,14,0,14,-0.7356076382806229,-0.5614390504682734,2024-2025
genai higher,2,0,14,0,12,-0.7356076382806229,-0.5614390504682734,2024-2025
manipulation,1,0,14,0,8,-0.7356076382806229,-0.5614390504682734,2024-2025
newsrooms,1,0,14,0,7,-0.7356076382806229,-0.5614390504682734,2024-2025
journalistic,1,0,14,0,7,-0.7356076382806229,-0.5614390504682734,2024-2025
age generative,2,0,14,0,11,-0.7356076382806229,-0.5614390504682734,2024-2025
coverage,1,0,14,0,11,-0.7356076382806229,-0.5614390504682734,2024-2025
ethical reflection,2,0,14,0,7,-0.7356076382806229,-0.5614390504682734,2024-2025
job displacement,2,0,14,0,14,-0.7356076382806229,-0.5614390504682734,2024-2025
cognitive ethical,2,0,14,0,10,-0.7356076382806229,-0.5614390504682734,2024-2025
educators need,2,0,14,0,13,-0.7356076382806229,-0.5614390504682734,2024-2025
ethical practices,2,0,14,0,13,-0.7356076382806229,-0.5614390504682734,2024-2025
synthesized,1,0,14,0,13,-0.7356076382806229,-0.5614390504682734,2024-2025
decades,1,0,14,0,13,-0.7356076382806229,-0.5614390504682734,2024-2025
attitudes chatgpt,2,0,14,0,8,-0.7356076382806229,-0.5614390504682734,2024-2025
ethical governance,2,0,14,0,14,-0.7356076382806229,-0.5614390504682734,2024-2025
relevant literature,2,0,14,0,14,-0.7356076382806229,-0.5614390504682734,2024-2025
various fields,2,0,14,0,14,-0.7356076382806229,-0.5614390504682734,2024-2025
drawbacks,1,0,14,0,12,-0.7356076382806229,-0.5614390504682734,2024-2025
convergent,1,0,14,0,14,-0.7356076382806229,-0.5614390504682734,2024-2025
citation,1,0,14,0,13,-0.7356076382806229,-0.5614390504682734,2024-2025
clinical reasoning,2,0,14,0,8,-0.7356076382806229,-0.5614390504682734,2024-2025
substitute,1,0,14,0,14,-0.7356076382806229,-0.5614390504682734,2024-2025
variability,1,0,14,0,11,-0.7356076382806229,-0.5614390504682734,2024-2025
effective ethical,2,0,14,0,13,-0.7356076382806229,-0.5614390504682734,2024-2025
clusters,1,0,14,0,11,-0.7356076382806229,-0.5614390504682734,2024-2025
scale ails,2,0,14,0,12,-0.7356076382806229,-0.5614390504682734,2024-2025
equality,1,0,14,0,10,-0.7356076382806229,-0.5614390504682734,2024-2025
november,1,0,14,0,14,-0.7356076382806229,-0.5614390504682734,2024-2025
generic,1,0,14,0,10,-0.7356076382806229,-0.5614390504682734,2024-2025
minimal,1,0,14,0,14,-0.7356076382806229,-0.5614390504682734,2024-2025
develop critical,2,0,14,0,14,-0.7356076382806229,-0.5614390504682734,2024-2025
thought,1,0,14,0,13,-0.7356076382806229,-0.5614390504682734,2024-2025
free,1,0,14,0,11,-0.7356076382806229,-0.5614390504682734,2024-2025
survey responses,2,0,14,0,14,-0.7356076382806229,-0.5614390504682734,2024-2025
clear guidelines,2,0,14,0,14,-0.7356076382806229,-0.5614390504682734,2024-2025
assumptions,1,0,14,0,14,-0.7356076382806229,-0.5614390504682734,2024-2025
awareness usage,2,0,14,0,11,-0.7356076382806229,-0.5614390504682734,2024-2025
consistently,1,0,14,0,14,-0.7356076382806229,-0.5614390504682734,2024-2025
acknowledging,1,0,14,0,13,-0.7356076382806229,-0.5614390504682734,2024-2025
sustainable goals,2,0,14,0,12,-0.7356076382806229,-0.5614390504682734,2024-2025
usage patterns,2,0,14,0,14,-0.7356076382806229,-0.5614390504682734,2024-2025
regardless,1,0,14,0,14,-0.7356076382806229,-0.5614390504682734,2024-2025
addressing challenges,2,0,14,0,14,-0.7356076382806229,-0.5614390504682734,2024-2025
intelligent tutoring,2,0,14,0,12,-0.7356076382806229,-0.5614390504682734,2024-2025
detect,1,0,14,0,12,-0.7356076382806229,-0.5614390504682734,2024-2025
executive,1,0,14,0,6,-0.7356076382806229,-0.5614390504682734,2024-2025
assessment practices,2,0,14,0,12,-0.7356076382806229,-0.5614390504682734,2024-2025
limitations implications,2,0,14,0,14,-0.7356076382806229,-0.5614390504682734,2024-2025
businesses,1,0,14,0,9,-0.7356076382806229,-0.5614390504682734,2024-2025
highlighting importance,2,0,14,0,14,-0.7356076382806229,-0.5614390504682734,2024-2025
generative nursing,2,0,14,0,5,-0.7356076382806229,-0.5614390504682734,2024-2025
comparisons,1,0,14,0,13,-0.7356076382806229,-0.5614390504682734,2024-2025
editorial,1,0,14,0,10,-0.7356076382806229,-0.5614390504682734,2024-2025
analyzed descriptive,2,0,14,0,14,-0.7356076382806229,-0.5614390504682734,2024-2025
moderates,1,0,14,0,13,-0.7356076382806229,-0.5614390504682734,2024-2025
develops,1,0,14,0,14,-0.7356076382806229,-0.5614390504682734,2024-2025
cronbach,1,0,14,0,14,-0.7356076382806229,-0.5614390504682734,2024-2025
entrepreneurial intention,2,0,14,0,5,-0.7356076382806229,-0.5614390504682734,2024-2025
positively correlated,2,0,14,0,12,-0.7356076382806229,-0.5614390504682734,2024-2025
new challenges,2,0,14,0,14,-0.7356076382806229,-0.5614390504682734,2024-2025
professional needs,2,0,14,0,9,-0.7356076382806229,-0.5614390504682734,2024-2025
unesco competency,2,0,14,0,9,-0.7356076382806229,-0.5614390504682734,2024-2025
offers insights,2,0,14,0,14,-0.7356076382806229,-0.5614390504682734,2024-2025
importance fostering,2,0,14,0,14,-0.7356076382806229,-0.5614390504682734,2024-2025
representing,1,0,14,0,14,-0.7356076382806229,-0.5614390504682734,2024-2025
advocacy,1,0,14,0,10,-0.7356076382806229,-0.5614390504682734,2024-2025
prepares,1,0,14,0,14,-0.7356076382806229,-0.5614390504682734,2024-2025
comprehend,1,0,14,0,12,-0.7356076382806229,-0.5614390504682734,2024-2025
art design,2,0,14,0,5,-0.7356076382806229,-0.5614390504682734,2024-2025
wellbeing,1,0,14,0,6,-0.7356076382806229,-0.5614390504682734,2024-2025
tools offer,2,0,14,0,14,-0.7356076382806229,-0.5614390504682734,2024-2025
sectors including,2,0,14,0,14,-0.7356076382806229,-0.5614390504682734,2024-2025
acknowledged,1,0,14,0,14,-0.7356076382806229,-0.5614390504682734,2024-2025
interviewed,1,0,14,0,14,-0.7356076382806229,-0.5614390504682734,2024-2025
complement,1,0,14,0,14,-0.7356076382806229,-0.5614390504682734,2024-2025
interpreting,1,0,14,0,12,-0.7356076382806229,-0.5614390504682734,2024-2025
digital age,2,0,14,0,13,-0.7356076382806229,-0.5614390504682734,2024-2025
australia,1,0,14,0,11,-0.7356076382806229,-0.5614390504682734,2024-2025
student-centered,1,0,14,0,14,-0.7356076382806229,-0.5614390504682734,2024-2025
asian,1,0,14,0,13,-0.7356076382806229,-0.5614390504682734,2024-2025
involving,1,2,77,2,71,-0.25102803491557424,-0.5658427806662024,2024-2025
experimental,1,2,77,2,50,-0.25102803491557424,-0.5658427806662024,2024-2025
sampling,1,1,48,1,46,-0.3299980432979872,-0.5658564666652741,2024-2025
substantial,1,1,48,1,47,-0.3299980432979872,-0.5658564666652741,2024-2025
human-centered,1,1,48,1,36,-0.3299980432979872,-0.5658564666652741,2024-2025
statistical,1,1,48,1,43,-0.3299980432979872,-0.5658564666652741,2024-2025
innovation,1,8,234,6,146,-0.13661442700146242,-0.5663794713403199,2024-2025
ethics,1,11,310,9,212,-0.11972588487042835,-0.5758324616338807,2024-2025
response,1,2,78,2,67,-0.2559615426513462,-0.5793539396664081,2024-2025
genai-assisted,1,0,15,0,9,-0.7356102221225616,-0.5811466698834384,2024-2025
underscored,1,0,15,0,15,-0.7356102221225616,-0.5811466698834384,2024-2025
logic,1,0,15,0,12,-0.7356102221225616,-0.5811466698834384,2024-2025
grammar,1,0,15,0,13,-0.7356102221225616,-0.5811466698834384,2024-2025
group discussions,2,0,15,0,14,-0.7356102221225616,-0.5811466698834384,2024-2025
therapy,1,0,15,0,6,-0.7356102221225616,-0.5811466698834384,2024-2025
technical proficiency,2,0,15,0,15,-0.7356102221225616,-0.5811466698834384,2024-2025
pearson,1,0,15,0,15,-0.7356102221225616,-0.5811466698834384,2024-2025
predicts,1,0,15,0,15,-0.7356102221225616,-0.5811466698834384,2024-2025
korea,1,0,15,0,12,-0.7356102221225616,-0.5811466698834384,2024-2025
preferred reporting,2,0,15,0,15,-0.7356102221225616,-0.5811466698834384,2024-2025
boosting,1,0,15,0,13,-0.7356102221225616,-0.5811466698834384,2024-2025
technological innovation,2,0,15,0,15,-0.7356102221225616,-0.5811466698834384,2024-2025
reforms,1,0,15,0,8,-0.7356102221225616,-0.5811466698834384,2024-2025
disabilities,1,0,15,0,7,-0.7356102221225616,-0.5811466698834384,2024-2025
labor,1,0,15,0,14,-0.7356102221225616,-0.5811466698834384,2024-2025
correlational,1,0,15,0,14,-0.7356102221225616,-0.5811466698834384,2024-2025
prioritizing,1,0,15,0,15,-0.7356102221225616,-0.5811466698834384,2024-2025
priorities,1,0,15,0,14,-0.7356102221225616,-0.5811466698834384,2024-2025
heightened,1,0,15,0,15,-0.7356102221225616,-0.5811466698834384,2024-2025
previously,1,0,15,0,15,-0.7356102221225616,-0.5811466698834384,2024-2025
release,1,0,15,0,13,-0.7356102221225616,-0.5811466698834384,2024-2025
dominant,1,0,15,0,14,-0.7356102221225616,-0.5811466698834384,2024-2025
prisma guidelines,2,0,15,0,14,-0.7356102221225616,-0.5811466698834384,2024-2025
preparing future,2,0,15,0,15,-0.7356102221225616,-0.5811466698834384,2024-2025
domain-specific,1,0,15,0,9,-0.7356102221225616,-0.5811466698834384,2024-2025
doing,1,0,15,0,14,-0.7356102221225616,-0.5811466698834384,2024-2025
lecturers,1,0,15,0,7,-0.7356102221225616,-0.5811466698834384,2024-2025
styles,1,0,15,0,13,-0.7356102221225616,-0.5811466698834384,2024-2025
direction,1,0,15,0,15,-0.7356102221225616,-0.5811466698834384,2024-2025
preschool,1,0,15,0,8,-0.7356102221225616,-0.5811466698834384,2024-2025
varies,1,0,15,0,15,-0.7356102221225616,-0.5811466698834384,2024-2025
rapidly transforming,2,0,15,0,15,-0.7356102221225616,-0.5811466698834384,2024-2025
exists,1,0,15,0,15,-0.7356102221225616,-0.5811466698834384,2024-2025
spanish,1,0,15,0,7,-0.7356102221225616,-0.5811466698834384,2024-2025
developmental,1,0,15,0,15,-0.7356102221225616,-0.5811466698834384,2024-2025
demographics,1,0,15,0,15,-0.7356102221225616,-0.5811466698834384,2024-2025
delivering,1,0,15,0,15,-0.7356102221225616,-0.5811466698834384,2024-2025
girls,1,0,15,0,10,-0.7356102221225616,-0.5811466698834384,2024-2025
importance integrating,2,0,15,0,15,-0.7356102221225616,-0.5811466698834384,2024-2025
ensure ethical,2,0,15,0,15,-0.7356102221225616,-0.5811466698834384,2024-2025
integration healthcare,2,0,15,0,14,-0.7356102221225616,-0.5811466698834384,2024-2025
anova,1,0,15,0,15,-0.7356102221225616,-0.5811466698834384,2024-2025
adopts,1,0,15,0,15,-0.7356102221225616,-0.5811466698834384,2024-2025
reviews meta-analyses,2,0,15,0,15,-0.7356102221225616,-0.5811466698834384,2024-2025
brainstorming,1,0,15,0,15,-0.7356102221225616,-0.5811466698834384,2024-2025
sufficient,1,0,15,0,15,-0.7356102221225616,-0.5811466698834384,2024-2025
provides insights,2,0,15,0,15,-0.7356102221225616,-0.5811466698834384,2024-2025
intrinsic motivation,2,0,15,0,11,-0.7356102221225616,-0.5811466698834384,2024-2025
represent,1,0,15,0,15,-0.7356102221225616,-0.5811466698834384,2024-2025
metrics,1,0,15,0,13,-0.7356102221225616,-0.5811466698834384,2024-2025
socially,1,0,15,0,15,-0.7356102221225616,-0.5811466698834384,2024-2025
observation,1,0,15,0,15,-0.7356102221225616,-0.5811466698834384,2024-2025
significantly enhances,2,0,15,0,15,-0.7356102221225616,-0.5811466698834384,2024-2025
business communication,2,0,15,0,6,-0.7356102221225616,-0.5811466698834384,2024-2025
resource allocation,2,0,15,0,8,-0.7356102221225616,-0.5811466698834384,2024-2025
emotional engagement,2,0,15,0,7,-0.7356102221225616,-0.5811466698834384,2024-2025
catalyst,1,0,15,0,15,-0.7356102221225616,-0.5811466698834384,2024-2025
reactions,1,0,15,0,12,-0.7356102221225616,-0.5811466698834384,2024-2025
emphasizes need,2,0,15,0,15,-0.7356102221225616,-0.5811466698834384,2024-2025
collectively,1,0,15,0,15,-0.7356102221225616,-0.5811466698834384,2024-2025
tools enhance,2,0,15,0,15,-0.7356102221225616,-0.5811466698834384,2024-2025
responsible effective,2,0,15,0,15,-0.7356102221225616,-0.5811466698834384,2024-2025
builds,1,0,15,0,15,-0.7356102221225616,-0.5811466698834384,2024-2025
embed,1,0,15,0,15,-0.7356102221225616,-0.5811466698834384,2024-2025
text-based,1,0,15,0,8,-0.7356102221225616,-0.5811466698834384,2024-2025
encountered,1,0,15,0,14,-0.7356102221225616,-0.5811466698834384,2024-2025
summarizing,1,0,15,0,14,-0.7356102221225616,-0.5811466698834384,2024-2025
reporting items,2,0,15,0,15,-0.7356102221225616,-0.5811466698834384,2024-2025
tools support,2,0,15,0,15,-0.7356102221225616,-0.5811466698834384,2024-2025
prospects,1,0,15,0,13,-0.7356102221225616,-0.5811466698834384,2024-2025
mediator,1,0,15,0,15,-0.7356102221225616,-0.5811466698834384,2024-2025
promises,1,0,15,0,12,-0.7356102221225616,-0.5811466698834384,2024-2025
hype,1,0,15,0,13,-0.7356102221225616,-0.5811466698834384,2024-2025
sample size,2,0,15,0,14,-0.7356102221225616,-0.5811466698834384,2024-2025
human-ai interaction,2,0,15,0,12,-0.7356102221225616,-0.5811466698834384,2024-2025
academic professional,2,0,15,0,15,-0.7356102221225616,-0.5811466698834384,2024-2025
human capital,2,0,15,0,8,-0.7356102221225616,-0.5811466698834384,2024-2025
key dimensions,2,0,15,0,14,-0.7356102221225616,-0.5811466698834384,2024-2025
cross-cultural,1,0,15,0,13,-0.7356102221225616,-0.5811466698834384,2024-2025
human agency,2,0,15,0,10,-0.7356102221225616,-0.5811466698834384,2024-2025
conference,1,0,15,0,14,-0.7356102221225616,-0.5811466698834384,2024-2025
critically engage,2,0,15,0,14,-0.7356102221225616,-0.5811466698834384,2024-2025
t-tests,1,0,15,0,15,-0.7356102221225616,-0.5811466698834384,2024-2025
challenges related,2,0,15,0,14,-0.7356102221225616,-0.5811466698834384,2024-2025
maximize benefits,2,0,15,0,15,-0.7356102221225616,-0.5811466698834384,2024-2025
overload,1,0,15,0,9,-0.7356102221225616,-0.5811466698834384,2024-2025
identified key,2,0,15,0,15,-0.7356102221225616,-0.5811466698834384,2024-2025
tend,1,0,15,0,15,-0.7356102221225616,-0.5811466698834384,2024-2025
collaborate,1,0,15,0,15,-0.7356102221225616,-0.5811466698834384,2024-2025
complex concepts,2,0,15,0,14,-0.7356102221225616,-0.5811466698834384,2024-2025
effective implementation,2,0,15,0,14,-0.7356102221225616,-0.5811466698834384,2024-2025
medline,1,0,15,0,15,-0.7356102221225616,-0.5811466698834384,2024-2025
items systematic,2,0,15,0,15,-0.7356102221225616,-0.5811466698834384,2024-2025
concerns related,2,0,15,0,15,-0.7356102221225616,-0.5811466698834384,2024-2025
ethical dilemmas,2,0,15,0,15,-0.7356102221225616,-0.5811466698834384,2024-2025
personalized experiences,2,0,15,0,14,-0.7356102221225616,-0.5811466698834384,2024-2025
goes,1,0,15,0,15,-0.7356102221225616,-0.5811466698834384,2024-2025
mediators,1,0,15,0,13,-0.7356102221225616,-0.5811466698834384,2024-2025
ethical integration,2,0,15,0,15,-0.7356102221225616,-0.5811466698834384,2024-2025
motivational,1,0,15,0,12,-0.7356102221225616,-0.5811466698834384,2024-2025
news,1,1,49,1,17,-0.336823190759743,-0.5816686010415107,2024-2025
organizational,1,1,49,1,33,-0.336823190759743,-0.5816686010415107,2024-2025
determine,1,1,49,1,43,-0.336823190759743,-0.5816686010415107,2024-2025
influence,1,10,286,9,223,-0.1264584631136847,-0.5823641005853065,2024-2025
software,1,2,79,2,55,-0.26079386151015704,-0.5927164367251363,2024-2025
agency,1,3,107,2,69,-0.22102861749320102,-0.5956460100248389,2024-2025
articles,1,3,107,3,73,-0.22102861749320102,-0.5956460100248389,2024-2025
employed,1,4,134,3,128,-0.19538679048933805,-0.5963706213730373,2024-2025
peer,1,1,50,1,28,-0.34341974918869234,-0.5972188683788593,2024-2025
well-being,1,1,50,1,22,-0.34341974918869234,-0.5972188683788593,2024-2025
employees,1,1,50,1,29,-0.34341974918869234,-0.5972188683788593,2024-2025
shows,1,1,50,1,48,-0.34341974918869234,-0.5972188683788593,2024-2025
struggle,1,0,16,0,16,-0.7356128059834628,-0.6002078080236501,2024-2025
various aspects,2,0,16,0,16,-0.7356128059834628,-0.6002078080236501,2024-2025
stereotypes,1,0,16,0,8,-0.7356128059834628,-0.6002078080236501,2024-2025
supply,1,0,16,0,9,-0.7356128059834628,-0.6002078080236501,2024-2025
uncover,1,0,16,0,15,-0.7356128059834628,-0.6002078080236501,2024-2025
affective behavioral,2,0,16,0,13,-0.7356128059834628,-0.6002078080236501,2024-2025
weak,1,0,16,0,15,-0.7356128059834628,-0.6002078080236501,2024-2025
tertiary,1,0,16,0,10,-0.7356128059834628,-0.6002078080236501,2024-2025
acceptability,1,0,16,0,8,-0.7356128059834628,-0.6002078080236501,2024-2025
urgency,1,0,16,0,15,-0.7356128059834628,-0.6002078080236501,2024-2025
constructionist,1,0,16,0,9,-0.7356128059834628,-0.6002078080236501,2024-2025
campus,1,0,16,0,7,-0.7356128059834628,-0.6002078080236501,2024-2025
increasingly embedded,2,0,16,0,16,-0.7356128059834628,-0.6002078080236501,2024-2025
generative systems,2,0,16,0,12,-0.7356128059834628,-0.6002078080236501,2024-2025
conversely,1,0,16,0,16,-0.7356128059834628,-0.6002078080236501,2024-2025
copilot,1,0,16,0,8,-0.7356128059834628,-0.6002078080236501,2024-2025
expressing,1,0,16,0,16,-0.7356128059834628,-0.6002078080236501,2024-2025
embracing,1,0,16,0,16,-0.7356128059834628,-0.6002078080236501,2024-2025
city,1,0,16,0,13,-0.7356128059834628,-0.6002078080236501,2024-2025
need develop,2,0,16,0,16,-0.7356128059834628,-0.6002078080236501,2024-2025
gpt,1,0,16,0,8,-0.7356128059834628,-0.6002078080236501,2024-2025
professional programs,2,0,16,0,16,-0.7356128059834628,-0.6002078080236501,2024-2025
customer,1,0,16,0,10,-0.7356128059834628,-0.6002078080236501,2024-2025
expressed concerns,2,0,16,0,16,-0.7356128059834628,-0.6002078080236501,2024-2025
perceptions generative,2,0,16,0,14,-0.7356128059834628,-0.6002078080236501,2024-2025
routine,1,0,16,0,16,-0.7356128059834628,-0.6002078080236501,2024-2025
rooted,1,0,16,0,14,-0.7356128059834628,-0.6002078080236501,2024-2025
little known,2,0,16,0,16,-0.7356128059834628,-0.6002078080236501,2024-2025
express,1,0,16,0,16,-0.7356128059834628,-0.6002078080236501,2024-2025
mediates,1,0,16,0,15,-0.7356128059834628,-0.6002078080236501,2024-2025
multidimensional,1,0,16,0,14,-0.7356128059834628,-0.6002078080236501,2024-2025
privacy security,2,0,16,0,15,-0.7356128059834628,-0.6002078080236501,2024-2025
internal consistency,2,0,16,0,15,-0.7356128059834628,-0.6002078080236501,2024-2025
algorithmic biases,2,0,16,0,12,-0.7356128059834628,-0.6002078080236501,2024-2025
confident,1,0,16,0,15,-0.7356128059834628,-0.6002078080236501,2024-2025
inequities,1,0,16,0,15,-0.7356128059834628,-0.6002078080236501,2024-2025
geographic,1,0,16,0,10,-0.7356128059834628,-0.6002078080236501,2024-2025
critical appraisal,2,0,16,0,13,-0.7356128059834628,-0.6002078080236501,2024-2025
prevent,1,0,16,0,15,-0.7356128059834628,-0.6002078080236501,2024-2025
relate,1,0,16,0,12,-0.7356128059834628,-0.6002078080236501,2024-2025
cheating,1,0,16,0,11,-0.7356128059834628,-0.6002078080236501,2024-2025
need structured,2,0,16,0,16,-0.7356128059834628,-0.6002078080236501,2024-2025
argument,1,0,16,0,10,-0.7356128059834628,-0.6002078080236501,2024-2025
neural networks,2,0,16,0,14,-0.7356128059834628,-0.6002078080236501,2024-2025
fostered,1,0,16,0,16,-0.7356128059834628,-0.6002078080236501,2024-2025
follow-up,1,0,16,0,13,-0.7356128059834628,-0.6002078080236501,2024-2025
latest,1,0,16,0,16,-0.7356128059834628,-0.6002078080236501,2024-2025
disruptive,1,0,16,0,13,-0.7356128059834628,-0.6002078080236501,2024-2025
concerned,1,0,16,0,16,-0.7356128059834628,-0.6002078080236501,2024-2025
labour,1,0,16,0,7,-0.7356128059834628,-0.6002078080236501,2024-2025
head,1,0,16,0,6,-0.7356128059834628,-0.6002078080236501,2024-2025
qualitative interviews,2,0,16,0,15,-0.7356128059834628,-0.6002078080236501,2024-2025
cognitive engagement,2,0,16,0,16,-0.7356128059834628,-0.6002078080236501,2024-2025
anthropomorphism,1,0,16,0,8,-0.7356128059834628,-0.6002078080236501,2024-2025
appear,1,0,16,0,16,-0.7356128059834628,-0.6002078080236501,2024-2025
key areas,2,0,16,0,15,-0.7356128059834628,-0.6002078080236501,2024-2025
cohorts,1,0,16,0,14,-0.7356128059834628,-0.6002078080236501,2024-2025
human-ai collaboration,2,0,16,0,15,-0.7356128059834628,-0.6002078080236501,2024-2025
random,1,0,16,0,14,-0.7356128059834628,-0.6002078080236501,2024-2025
meta-analyses,1,0,16,0,16,-0.7356128059834628,-0.6002078080236501,2024-2025
application generative,2,0,16,0,15,-0.7356128059834628,-0.6002078080236501,2024-2025
framing,1,0,16,0,12,-0.7356128059834628,-0.6002078080236501,2024-2025
investments,1,0,16,0,12,-0.7356128059834628,-0.6002078080236501,2024-2025
cognitive affective,2,0,16,0,13,-0.7356128059834628,-0.6002078080236501,2024-2025
participatory design,2,0,16,0,14,-0.7356128059834628,-0.6002078080236501,2024-2025
diagnostics,1,0,16,0,13,-0.7356128059834628,-0.6002078080236501,2024-2025
pedagogical design,2,0,16,0,13,-0.7356128059834628,-0.6002078080236501,2024-2025
growing body,2,0,16,0,16,-0.7356128059834628,-0.6002078080236501,2024-2025
usefulness,1,2,80,2,59,-0.26552812928425507,-0.6059341729553915,2024-2025
modeling,1,4,135,4,117,-0.1984824144299191,-0.6071955230033365,2024-2025
problem-solving,1,4,135,4,85,-0.1984824144299191,-0.6071955230033365,2024-2025
virtual,1,1,51,1,42,-0.34979915399446426,-0.6125179480549211,2024-2025
robots,1,1,51,1,20,-0.34979915399446426,-0.6125179480549211,2024-2025
analytics,1,1,51,1,36,-0.34979915399446426,-0.6125179480549211,2024-2025
specific,1,5,162,5,141,-0.1813475555423718,-0.612624613513604,2024-2025
especially,1,4,136,4,132,-0.20154199392783756,-0.6179493168138955,2024-2025
chatgpt-,1,0,17,0,8,-0.7356153898633284,-0.6186822205977005,2024-2025
disinformation,1,0,17,0,11,-0.7356153898633284,-0.6186822205977005,2024-2025
preference,1,0,17,0,16,-0.7356153898633284,-0.6186822205977005,2024-2025
reliability validity,2,0,17,0,17,-0.7356153898633284,-0.6186822205977005,2024-2025
integration technologies,2,0,17,0,16,-0.7356153898633284,-0.6186822205977005,2024-2025
social cognitive,2,0,17,0,13,-0.7356153898633284,-0.6186822205977005,2024-2025
believed,1,0,17,0,16,-0.7356153898633284,-0.6186822205977005,2024-2025
social justice,2,0,17,0,16,-0.7356153898633284,-0.6186822205977005,2024-2025
despite growing,2,0,17,0,17,-0.7356153898633284,-0.6186822205977005,2024-2025
details,1,0,17,0,15,-0.7356153898633284,-0.6186822205977005,2024-2025
bridge gap,2,0,17,0,16,-0.7356153898633284,-0.6186822205977005,2024-2025
females,1,0,17,0,15,-0.7356153898633284,-0.6186822205977005,2024-2025
promote critical,2,0,17,0,16,-0.7356153898633284,-0.6186822205977005,2024-2025
difference,1,0,17,0,17,-0.7356153898633284,-0.6186822205977005,2024-2025
programme,1,0,17,0,13,-0.7356153898633284,-0.6186822205977005,2024-2025
children understanding,2,0,17,0,12,-0.7356153898633284,-0.6186822205977005,2024-2025
cluster,1,0,17,0,11,-0.7356153898633284,-0.6186822205977005,2024-2025
llm-based,1,0,17,0,9,-0.7356153898633284,-0.6186822205977005,2024-2025
predictive analytics,2,0,17,0,14,-0.7356153898633284,-0.6186822205977005,2024-2025
long,1,0,17,0,17,-0.7356153898633284,-0.6186822205977005,2024-2025
interpersonal,1,0,17,0,14,-0.7356153898633284,-0.6186822205977005,2024-2025
explainable xai,2,0,17,0,17,-0.7356153898633284,-0.6186822205977005,2024-2025
srl,1,0,17,0,6,-0.7356153898633284,-0.6186822205977005,2024-2025
video,1,0,17,0,14,-0.7356153898633284,-0.6186822205977005,2024-2025
synthesizes,1,0,17,0,17,-0.7356153898633284,-0.6186822205977005,2024-2025
employability,1,0,17,0,9,-0.7356153898633284,-0.6186822205977005,2024-2025
articles published,2,0,17,0,17,-0.7356153898633284,-0.6186822205977005,2024-2025
perceptions chatgpt,2,0,17,0,13,-0.7356153898633284,-0.6186822205977005,2024-2025
ensures,1,0,17,0,17,-0.7356153898633284,-0.6186822205977005,2024-2025
need comprehensive,2,0,17,0,17,-0.7356153898633284,-0.6186822205977005,2024-2025
gpt-,1,0,17,0,11,-0.7356153898633284,-0.6186822205977005,2024-2025
tools higher,2,0,17,0,13,-0.7356153898633284,-0.6186822205977005,2024-2025
consciousness,1,0,17,0,10,-0.7356153898633284,-0.6186822205977005,2024-2025
contributes ongoing,2,0,17,0,17,-0.7356153898633284,-0.6186822205977005,2024-2025
consideration,1,0,17,0,17,-0.7356153898633284,-0.6186822205977005,2024-2025
academic settings,2,0,17,0,17,-0.7356153898633284,-0.6186822205977005,2024-2025
passive,1,0,17,0,16,-0.7356153898633284,-0.6186822205977005,2024-2025
continued,1,0,17,0,17,-0.7356153898633284,-0.6186822205977005,2024-2025
ict,1,0,17,0,8,-0.7356153898633284,-0.6186822205977005,2024-2025
engagement tools,2,0,17,0,15,-0.7356153898633284,-0.6186822205977005,2024-2025
obtained,1,0,17,0,17,-0.7356153898633284,-0.6186822205977005,2024-2025
enforcement,1,0,17,0,5,-0.7356153898633284,-0.6186822205977005,2024-2025
growing need,2,0,17,0,17,-0.7356153898633284,-0.6186822205977005,2024-2025
paradigm shift,2,0,17,0,15,-0.7356153898633284,-0.6186822205977005,2024-2025
offering insights,2,0,17,0,17,-0.7356153898633284,-0.6186822205977005,2024-2025
harnessing,1,0,17,0,14,-0.7356153898633284,-0.6186822205977005,2024-2025
highest,1,0,17,0,17,-0.7356153898633284,-0.6186822205977005,2024-2025
utilising,1,0,17,0,16,-0.7356153898633284,-0.6186822205977005,2024-2025
optimism,1,0,17,0,14,-0.7356153898633284,-0.6186822205977005,2024-2025
safeguards,1,0,17,0,17,-0.7356153898633284,-0.6186822205977005,2024-2025
cfa,1,0,17,0,14,-0.7356153898633284,-0.6186822205977005,2024-2025
undermine,1,0,17,0,17,-0.7356153898633284,-0.6186822205977005,2024-2025
ethical legal,2,0,17,0,15,-0.7356153898633284,-0.6186822205977005,2024-2025
gender differences,2,0,17,0,11,-0.7356153898633284,-0.6186822205977005,2024-2025
policymakers educators,2,0,17,0,17,-0.7356153898633284,-0.6186822205977005,2024-2025
word,1,0,17,0,12,-0.7356153898633284,-0.6186822205977005,2024-2025
streamline,1,0,17,0,17,-0.7356153898633284,-0.6186822205977005,2024-2025
popularity,1,0,17,0,17,-0.7356153898633284,-0.6186822205977005,2024-2025
phenomenon,1,0,17,0,14,-0.7356153898633284,-0.6186822205977005,2024-2025
adolescents,1,0,17,0,5,-0.7356153898633284,-0.6186822205977005,2024-2025
essays,1,0,17,0,14,-0.7356153898633284,-0.6186822205977005,2024-2025
influencing factors,2,0,17,0,14,-0.7356153898633284,-0.6186822205977005,2024-2025
tutors,1,0,17,0,11,-0.7356153898633284,-0.6186822205977005,2024-2025
revising,1,0,17,0,12,-0.7356153898633284,-0.6186822205977005,2024-2025
pharmacy,1,0,17,0,5,-0.7356153898633284,-0.6186822205977005,2024-2025
significantly higher,2,0,17,0,16,-0.7356153898633284,-0.6186822205977005,2024-2025
selected,1,2,81,2,70,-0.27016735324729524,-0.6190108980509422,2024-2025
expertise,1,1,52,1,47,-0.35597208189706464,-0.6275758710748578,2024-2025
interview,1,1,52,1,42,-0.35597208189706464,-0.6275758710748578,2024-2025
utility,1,0,18,0,17,-0.7356179737621567,-0.6366209890784299,2024-2025
firms,1,0,18,0,8,-0.7356179737621567,-0.6366209890784299,2024-2025
sustained,1,0,18,0,14,-0.7356179737621567,-0.6366209890784299,2024-2025
online questionnaire,2,0,18,0,18,-0.7356179737621567,-0.6366209890784299,2024-2025
emphasizes importance,2,0,18,0,18,-0.7356179737621567,-0.6366209890784299,2024-2025
clarity,1,0,18,0,17,-0.7356179737621567,-0.6366209890784299,2024-2025
played,1,0,18,0,15,-0.7356179737621567,-0.6366209890784299,2024-2025
mediating roles,2,0,18,0,14,-0.7356179737621567,-0.6366209890784299,2024-2025
persist,1,0,18,0,18,-0.7356179737621567,-0.6366209890784299,2024-2025
fair,1,0,18,0,17,-0.7356179737621567,-0.6366209890784299,2024-2025
facing,1,0,18,0,18,-0.7356179737621567,-0.6366209890784299,2024-2025
facilitates,1,0,18,0,18,-0.7356179737621567,-0.6366209890784299,2024-2025
necessitating,1,0,18,0,18,-0.7356179737621567,-0.6366209890784299,2024-2025
authenticity,1,0,18,0,12,-0.7356179737621567,-0.6366209890784299,2024-2025
partner,1,0,18,0,17,-0.7356179737621567,-0.6366209890784299,2024-2025
normative,1,0,18,0,12,-0.7356179737621567,-0.6366209890784299,2024-2025
neutral,1,0,18,0,16,-0.7356179737621567,-0.6366209890784299,2024-2025
emergent,1,0,18,0,18,-0.7356179737621567,-0.6366209890784299,2024-2025
availability,1,0,18,0,17,-0.7356179737621567,-0.6366209890784299,2024-2025
acceptance tam,2,0,18,0,18,-0.7356179737621567,-0.6366209890784299,2024-2025
practical insights,2,0,18,0,18,-0.7356179737621567,-0.6366209890784299,2024-2025
motivations,1,0,18,0,14,-0.7356179737621567,-0.6366209890784299,2024-2025
accelerating,1,0,18,0,17,-0.7356179737621567,-0.6366209890784299,2024-2025
equips,1,0,18,0,17,-0.7356179737621567,-0.6366209890784299,2024-2025
moral,1,0,18,0,14,-0.7356179737621567,-0.6366209890784299,2024-2025
bloom,1,0,18,0,17,-0.7356179737621567,-0.6366209890784299,2024-2025
rethinking,1,0,18,0,15,-0.7356179737621567,-0.6366209890784299,2024-2025
center,1,0,18,0,10,-0.7356179737621567,-0.6366209890784299,2024-2025
consumption,1,0,18,0,10,-0.7356179737621567,-0.6366209890784299,2024-2025
sensitivity,1,0,18,0,15,-0.7356179737621567,-0.6366209890784299,2024-2025
risks associated,2,0,18,0,17,-0.7356179737621567,-0.6366209890784299,2024-2025
reshape,1,0,18,0,18,-0.7356179737621567,-0.6366209890784299,2024-2025
coursework,1,0,18,0,14,-0.7356179737621567,-0.6366209890784299,2024-2025
caution,1,0,18,0,16,-0.7356179737621567,-0.6366209890784299,2024-2025
replacement,1,0,18,0,15,-0.7356179737621567,-0.6366209890784299,2024-2025
chain,1,0,18,0,12,-0.7356179737621567,-0.6366209890784299,2024-2025
writers,1,0,18,0,15,-0.7356179737621567,-0.6366209890784299,2024-2025
writing tools,2,0,18,0,12,-0.7356179737621567,-0.6366209890784299,2024-2025
aligns,1,0,18,0,18,-0.7356179737621567,-0.6366209890784299,2024-2025
implications future,2,0,18,0,18,-0.7356179737621567,-0.6366209890784299,2024-2025
interconnected,1,0,18,0,17,-0.7356179737621567,-0.6366209890784299,2024-2025
regulatory frameworks,2,0,18,0,17,-0.7356179737621567,-0.6366209890784299,2024-2025
ai-driven tools,2,0,18,0,17,-0.7356179737621567,-0.6366209890784299,2024-2025
integration nursing,2,0,18,0,14,-0.7356179737621567,-0.6366209890784299,2024-2025
frequent,1,0,18,0,18,-0.7356179737621567,-0.6366209890784299,2024-2025
recommendations include,2,0,18,0,18,-0.7356179737621567,-0.6366209890784299,2024-2025
boost,1,0,18,0,18,-0.7356179737621567,-0.6366209890784299,2024-2025
bridging gap,2,0,18,0,17,-0.7356179737621567,-0.6366209890784299,2024-2025
teenagers,1,0,18,0,6,-0.7356179737621567,-0.6366209890784299,2024-2025
formative,1,0,18,0,13,-0.7356179737621567,-0.6366209890784299,2024-2025
informatics,1,0,18,0,9,-0.7356179737621567,-0.6366209890784299,2024-2025
weaknesses,1,0,18,0,16,-0.7356179737621567,-0.6366209890784299,2024-2025
genai integration,2,0,18,0,17,-0.7356179737621567,-0.6366209890784299,2024-2025
traits,1,0,18,0,13,-0.7356179737621567,-0.6366209890784299,2024-2025
responsibilities,1,0,18,0,14,-0.7356179737621567,-0.6366209890784299,2024-2025
key challenges,2,0,18,0,18,-0.7356179737621567,-0.6366209890784299,2024-2025
gender age,2,0,18,0,18,-0.7356179737621567,-0.6366209890784299,2024-2025
domain,1,1,53,1,49,-0.36194851346126633,-0.6424020711334534,2024-2025
south,1,1,53,1,33,-0.36194851346126633,-0.6424020711334534,2024-2025
career,1,2,83,2,38,-0.2791720867159322,-0.6447556018324596,2024-2025
challenge,1,2,83,2,79,-0.2791720867159322,-0.6447556018324596,2024-2025
global,1,5,166,4,122,-0.19165231915429626,-0.6522307415199464,2024-2025
integration genai,2,0,19,0,18,-0.735620557679951,-0.654068187402658,2024-2025
exercise,1,0,19,0,11,-0.735620557679951,-0.654068187402658,2024-2025
decision-making processes,2,0,19,0,16,-0.735620557679951,-0.654068187402658,2024-2025
pressures,1,0,19,0,14,-0.735620557679951,-0.654068187402658,2024-2025
positions,1,0,19,0,17,-0.735620557679951,-0.654068187402658,2024-2025
dispositions,1,0,19,0,14,-0.735620557679951,-0.654068187402658,2024-2025
philosophy,1,0,19,0,16,-0.735620557679951,-0.654068187402658,2024-2025
information technology,2,0,19,0,14,-0.735620557679951,-0.654068187402658,2024-2025
gamification,1,0,19,0,8,-0.735620557679951,-0.654068187402658,2024-2025
integrating genai,2,0,19,0,17,-0.735620557679951,-0.654068187402658,2024-2025
personality,1,0,19,0,10,-0.735620557679951,-0.654068187402658,2024-2025
thinking problem-solving,2,0,19,0,17,-0.735620557679951,-0.654068187402658,2024-2025
uniquely,1,0,19,0,17,-0.735620557679951,-0.654068187402658,2024-2025
indonesian,1,0,19,0,11,-0.735620557679951,-0.654068187402658,2024-2025
inequalities,1,0,19,0,17,-0.735620557679951,-0.654068187402658,2024-2025
residents,1,0,19,0,5,-0.735620557679951,-0.654068187402658,2024-2025
studying,1,0,19,0,18,-0.735620557679951,-0.654068187402658,2024-2025
fluency,1,0,19,0,9,-0.735620557679951,-0.654068187402658,2024-2025
mastery,1,0,19,0,12,-0.735620557679951,-0.654068187402658,2024-2025
fundamentally,1,0,19,0,19,-0.735620557679951,-0.654068187402658,2024-2025
voices,1,0,19,0,18,-0.735620557679951,-0.654068187402658,2024-2025
design thinking,2,0,19,0,10,-0.735620557679951,-0.654068187402658,2024-2025
self-regulation,1,0,19,0,14,-0.735620557679951,-0.654068187402658,2024-2025
provides valuable,2,0,19,0,19,-0.735620557679951,-0.654068187402658,2024-2025
queries,1,0,19,0,17,-0.735620557679951,-0.654068187402658,2024-2025
raises concerns,2,0,19,0,19,-0.735620557679951,-0.654068187402658,2024-2025
offers practical,2,0,19,0,19,-0.735620557679951,-0.654068187402658,2024-2025
rated,1,0,19,0,14,-0.735620557679951,-0.654068187402658,2024-2025
overcoming,1,0,19,0,17,-0.735620557679951,-0.654068187402658,2024-2025
recommends,1,0,19,0,17,-0.735620557679951,-0.654068187402658,2024-2025
immersive,1,0,19,0,14,-0.735620557679951,-0.654068187402658,2024-2025
complementary,1,0,19,0,19,-0.735620557679951,-0.654068187402658,2024-2025
humanities,1,0,19,0,12,-0.735620557679951,-0.654068187402658,2024-2025
recruitment,1,0,19,0,8,-0.735620557679951,-0.654068187402658,2024-2025
degrees,1,0,19,0,16,-0.735620557679951,-0.654068187402658,2024-2025
serving,1,0,19,0,18,-0.735620557679951,-0.654068187402658,2024-2025
arab,1,0,19,0,9,-0.735620557679951,-0.654068187402658,2024-2025
targeted interventions,2,0,19,0,19,-0.735620557679951,-0.654068187402658,2024-2025
future focus,2,0,19,0,19,-0.735620557679951,-0.654068187402658,2024-2025
targeted training,2,0,19,0,19,-0.735620557679951,-0.654068187402658,2024-2025
age gender,2,0,19,0,14,-0.735620557679951,-0.654068187402658,2024-2025
academic staff,2,0,19,0,10,-0.735620557679951,-0.654068187402658,2024-2025
administration,1,0,19,0,17,-0.735620557679951,-0.654068187402658,2024-2025
searching,1,0,19,0,15,-0.735620557679951,-0.654068187402658,2024-2025
integrates,1,1,54,1,52,-0.3677377894886611,-0.6570054307934223,2024-2025
demonstrating,1,1,54,1,54,-0.3677377894886611,-0.6570054307934223,2024-2025
success,1,1,54,1,48,-0.3677377894886611,-0.6570054307934223,2024-2025
assessed,1,1,54,1,53,-0.3677377894886611,-0.6570054307934223,2024-2025
constructs,1,1,54,1,42,-0.3677377894886611,-0.6570054307934223,2024-2025
drawing,1,3,113,3,104,-0.24261201144685618,-0.6651258255509515,2024-2025
greater,1,2,85,1,78,-0.2878297583190834,-0.6699777957523044,2024-2025
emotions,1,0,20,0,15,-0.7356231416167045,-0.6710621582236952,2024-2025
nlp,1,0,20,0,15,-0.7356231416167045,-0.6710621582236952,2024-2025
commentary,1,0,20,0,13,-0.7356231416167045,-0.6710621582236952,2024-2025
revolutionizing,1,0,20,0,20,-0.7356231416167045,-0.6710621582236952,2024-2025
heis,1,0,20,0,9,-0.7356231416167045,-0.6710621582236952,2024-2025
took,1,0,20,0,19,-0.7356231416167045,-0.6710621582236952,2024-2025
usage intention,2,0,20,0,8,-0.7356231416167045,-0.6710621582236952,2024-2025
course design,2,0,20,0,12,-0.7356231416167045,-0.6710621582236952,2024-2025
emphasize need,2,0,20,0,20,-0.7356231416167045,-0.6710621582236952,2024-2025
music,1,0,20,0,10,-0.7356231416167045,-0.6710621582236952,2024-2025
saudi arabia,2,0,20,0,11,-0.7356231416167045,-0.6710621582236952,2024-2025
continuous professional,2,0,20,0,17,-0.7356231416167045,-0.6710621582236952,2024-2025
contemporary,1,0,20,0,20,-0.7356231416167045,-0.6710621582236952,2024-2025
persistent,1,0,20,0,19,-0.7356231416167045,-0.6710621582236952,2024-2025
hand,1,0,20,0,16,-0.7356231416167045,-0.6710621582236952,2024-2025
strongest,1,0,20,0,19,-0.7356231416167045,-0.6710621582236952,2024-2025
seek,1,0,20,0,19,-0.7356231416167045,-0.6710621582236952,2024-2025
emergence generative,2,0,20,0,20,-0.7356231416167045,-0.6710621582236952,2024-2025
toolkit,1,0,20,0,10,-0.7356231416167045,-0.6710621582236952,2024-2025
transnational,1,0,20,0,8,-0.7356231416167045,-0.6710621582236952,2024-2025
instructions,1,0,20,0,19,-0.7356231416167045,-0.6710621582236952,2024-2025
modular,1,0,20,0,16,-0.7356231416167045,-0.6710621582236952,2024-2025
gamified,1,0,20,0,11,-0.7356231416167045,-0.6710621582236952,2024-2025
theory acceptance,2,0,20,0,19,-0.7356231416167045,-0.6710621582236952,2024-2025
analyse,1,0,20,0,19,-0.7356231416167045,-0.6710621582236952,2024-2025
intrinsic,1,0,20,0,14,-0.7356231416167045,-0.6710621582236952,2024-2025
synthetic,1,0,20,0,9,-0.7356231416167045,-0.6710621582236952,2024-2025
completing,1,0,20,0,20,-0.7356231416167045,-0.6710621582236952,2024-2025
remained,1,0,20,0,19,-0.7356231416167045,-0.6710621582236952,2024-2025
decision support,2,0,20,0,15,-0.7356231416167045,-0.6710621582236952,2024-2025
presents opportunities,2,0,20,0,20,-0.7356231416167045,-0.6710621582236952,2024-2025
advent,1,0,20,0,20,-0.7356231416167045,-0.6710621582236952,2024-2025
arabia,1,0,20,0,11,-0.7356231416167045,-0.6710621582236952,2024-2025
master,1,0,20,0,18,-0.7356231416167045,-0.6710621582236952,2024-2025
team,1,0,20,0,18,-0.7356231416167045,-0.6710621582236952,2024-2025
future explore,2,0,20,0,20,-0.7356231416167045,-0.6710621582236952,2024-2025
refine,1,0,20,0,19,-0.7356231416167045,-0.6710621582236952,2024-2025
allocation,1,0,20,0,13,-0.7356231416167045,-0.6710621582236952,2024-2025
produce,1,0,20,0,19,-0.7356231416167045,-0.6710621582236952,2024-2025
remains underexplored,2,0,20,0,20,-0.7356231416167045,-0.6710621582236952,2024-2025
technical ethical,2,0,20,0,17,-0.7356231416167045,-0.6710621582236952,2024-2025
quasi-experimental,1,0,20,0,17,-0.7356231416167045,-0.6710621582236952,2024-2025
draws,1,0,20,0,19,-0.7356231416167045,-0.6710621582236952,2024-2025
women,1,0,20,0,8,-0.7356231416167045,-0.6710621582236952,2024-2025
misuse,1,0,20,0,19,-0.7356231416167045,-0.6710621582236952,2024-2025
positive attitude,2,0,20,0,17,-0.7356231416167045,-0.6710621582236952,2024-2025
documentation,1,0,20,0,11,-0.7356231416167045,-0.6710621582236952,2024-2025
january,1,0,20,0,19,-0.7356231416167045,-0.6710621582236952,2024-2025
adoption generative,2,0,20,0,18,-0.7356231416167045,-0.6710621582236952,2024-2025
asia,1,0,20,0,13,-0.7356231416167045,-0.6710621582236952,2024-2025
foster critical,2,0,20,0,20,-0.7356231416167045,-0.6710621582236952,2024-2025
lies,1,0,20,0,17,-0.7356231416167045,-0.6710621582236952,2024-2025
mentorship,1,0,20,0,11,-0.7356231416167045,-0.6710621582236952,2024-2025
ethical reasoning,2,0,20,0,17,-0.7356231416167045,-0.6710621582236952,2024-2025
practical guidance,2,0,20,0,20,-0.7356231416167045,-0.6710621582236952,2024-2025
reduce,1,1,55,1,49,-0.3733486619657693,-0.6713943233253721,2024-2025
lens,1,1,55,1,51,-0.3733486619657693,-0.6713943233253721,2024-2025
growth,1,1,55,1,48,-0.3733486619657693,-0.6713943233253721,2024-2025
sustainable,1,4,142,3,81,-0.2191773508481214,-0.6810382635894731,2024-2025
semi-structured interviews,2,1,56,1,56,-0.3787893401766862,-0.6855766506856596,2024-2025
does,1,1,56,1,53,-0.3787893401766862,-0.6855766506856596,2024-2025
preparation,1,1,56,1,45,-0.3787893401766862,-0.6855766506856596,2024-2025
pre,1,1,56,1,46,-0.3787893401766862,-0.6855766506856596,2024-2025
noted,1,0,21,0,20,-0.7356257255724259,-0.6876365050106735,2024-2025
tools effectively,2,0,21,0,21,-0.7356257255724259,-0.6876365050106735,2024-2025
lesson planning,2,0,21,0,15,-0.7356257255724259,-0.6876365050106735,2024-2025
augment,1,0,21,0,20,-0.7356257255724259,-0.6876365050106735,2024-2025
latent,1,0,21,0,14,-0.7356257255724259,-0.6876365050106735,2024-2025
enthusiasm,1,0,21,0,20,-0.7356257255724259,-0.6876365050106735,2024-2025
instructor,1,0,21,0,18,-0.7356257255724259,-0.6876365050106735,2024-2025
need targeted,2,0,21,0,21,-0.7356257255724259,-0.6876365050106735,2024-2025
collect,1,0,21,0,20,-0.7356257255724259,-0.6876365050106735,2024-2025
investment,1,0,21,0,19,-0.7356257255724259,-0.6876365050106735,2024-2025
enjoyment,1,0,21,0,11,-0.7356257255724259,-0.6876365050106735,2024-2025
unified theory,2,0,21,0,20,-0.7356257255724259,-0.6876365050106735,2024-2025
moderated,1,0,21,0,17,-0.7356257255724259,-0.6876365050106735,2024-2025
integration tools,2,0,21,0,20,-0.7356257255724259,-0.6876365050106735,2024-2025
gai tools,2,0,21,0,12,-0.7356257255724259,-0.6876365050106735,2024-2025
explicit,1,0,21,0,21,-0.7356257255724259,-0.6876365050106735,2024-2025
integration higher,2,0,21,0,20,-0.7356257255724259,-0.6876365050106735,2024-2025
empowers,1,0,21,0,21,-0.7356257255724259,-0.6876365050106735,2024-2025
high-quality,1,0,21,0,20,-0.7356257255724259,-0.6876365050106735,2024-2025
digital divide,2,0,21,0,20,-0.7356257255724259,-0.6876365050106735,2024-2025
depends,1,0,21,0,21,-0.7356257255724259,-0.6876365050106735,2024-2025
various sectors,2,0,21,0,19,-0.7356257255724259,-0.6876365050106735,2024-2025
refining,1,0,21,0,21,-0.7356257255724259,-0.6876365050106735,2024-2025
concerns privacy,2,0,21,0,20,-0.7356257255724259,-0.6876365050106735,2024-2025
sought,1,0,21,0,21,-0.7356257255724259,-0.6876365050106735,2024-2025
widespread adoption,2,0,21,0,21,-0.7356257255724259,-0.6876365050106735,2024-2025
comprehensively,1,0,21,0,20,-0.7356257255724259,-0.6876365050106735,2024-2025
preferences,1,0,21,0,19,-0.7356257255724259,-0.6876365050106735,2024-2025
performance expectancy,2,0,21,0,15,-0.7356257255724259,-0.6876365050106735,2024-2025
progression,1,0,21,0,19,-0.7356257255724259,-0.6876365050106735,2024-2025
connection,1,0,21,0,20,-0.7356257255724259,-0.6876365050106735,2024-2025
colleges,1,0,21,0,10,-0.7356257255724259,-0.6876365050106735,2024-2025
digital competencies,2,0,21,0,15,-0.7356257255724259,-0.6876365050106735,2024-2025
perceived ease,2,0,21,0,15,-0.7356257255724259,-0.6876365050106735,2024-2025
self-determination theory,2,0,21,0,14,-0.7356257255724259,-0.6876365050106735,2024-2025
sets,1,0,21,0,19,-0.7356257255724259,-0.6876365050106735,2024-2025
constructivist,1,0,21,0,15,-0.7356257255724259,-0.6876365050106735,2024-2025
consistent,1,0,21,0,21,-0.7356257255724259,-0.6876365050106735,2024-2025
associated,1,4,143,4,121,-0.22200172151755737,-0.6913235371375561,2024-2025
web,1,1,57,1,53,-0.3840675325116685,-0.6995598780488881,2024-2025
questionnaire,1,4,144,3,120,-0.2247947653241873,-0.7015457837936162,2024-2025
underscores need,2,0,22,0,22,-0.7356283095471099,-0.7038208736942186,2024-2025
achievement,1,0,22,0,14,-0.7356283095471099,-0.7038208736942186,2024-2025
generative technologies,2,0,22,0,16,-0.7356283095471099,-0.7038208736942186,2024-2025
grades,1,0,22,0,17,-0.7356283095471099,-0.7038208736942186,2024-2025
human oversight,2,0,22,0,22,-0.7356283095471099,-0.7038208736942186,2024-2025
half,1,0,22,0,19,-0.7356283095471099,-0.7038208736942186,2024-2025
cail,1,0,22,0,7,-0.7356283095471099,-0.7038208736942186,2024-2025
critique,1,0,22,0,15,-0.7356283095471099,-0.7038208736942186,2024-2025
journal,1,0,22,0,16,-0.7356283095471099,-0.7038208736942186,2024-2025
psychological needs,2,0,22,0,10,-0.7356283095471099,-0.7038208736942186,2024-2025
evaluates,1,0,22,0,22,-0.7356283095471099,-0.7038208736942186,2024-2025
effort expectancy,2,0,22,0,14,-0.7356283095471099,-0.7038208736942186,2024-2025
europe,1,0,22,0,19,-0.7356283095471099,-0.7038208736942186,2024-2025
gemini,1,0,22,0,16,-0.7356283095471099,-0.7038208736942186,2024-2025
gaais,1,0,22,0,7,-0.7356283095471099,-0.7038208736942186,2024-2025
utaut,1,0,22,0,17,-0.7356283095471099,-0.7038208736942186,2024-2025
pubmed,1,0,22,0,21,-0.7356283095471099,-0.7038208736942186,2024-2025
industrial,1,0,22,0,20,-0.7356283095471099,-0.7038208736942186,2024-2025
ensure responsible,2,0,22,0,22,-0.7356283095471099,-0.7038208736942186,2024-2025
providers,1,0,22,0,19,-0.7356283095471099,-0.7038208736942186,2024-2025
embrace,1,0,22,0,20,-0.7356283095471099,-0.7038208736942186,2024-2025
dilemmas,1,0,22,0,20,-0.7356283095471099,-0.7038208736942186,2024-2025
in-depth interviews,2,0,22,0,22,-0.7356283095471099,-0.7038208736942186,2024-2025
appraisal,1,0,22,0,19,-0.7356283095471099,-0.7038208736942186,2024-2025
higher-order,1,0,22,0,19,-0.7356283095471099,-0.7038208736942186,2024-2025
ai-assisted writing,2,0,22,0,13,-0.7356283095471099,-0.7038208736942186,2024-2025
pbl,1,0,22,0,12,-0.7356283095471099,-0.7038208736942186,2024-2025
facilitating conditions,2,0,22,0,15,-0.7356283095471099,-0.7038208736942186,2024-2025
preserving,1,0,22,0,21,-0.7356283095471099,-0.7038208736942186,2024-2025
systematic reviews,2,0,22,0,20,-0.7356283095471099,-0.7038208736942186,2024-2025
regional,1,0,22,0,21,-0.7356283095471099,-0.7038208736942186,2024-2025
indonesia,1,0,22,0,12,-0.7356283095471099,-0.7038208736942186,2024-2025
modeling pls-sem,2,0,22,0,21,-0.7356283095471099,-0.7038208736942186,2024-2025
size,1,0,22,0,21,-0.7356283095471099,-0.7038208736942186,2024-2025
self-determination,1,0,22,0,15,-0.7356283095471099,-0.7038208736942186,2024-2025
implications,1,19,527,12,436,-0.11249050394336102,-0.7078369411464982,2024-2025
methodology,1,3,117,3,103,-0.25600530727021376,-0.709682087898069,2024-2025
business,1,4,145,3,63,-0.22755701175082965,-0.7117059165551474,2024-2025
scenarios,1,1,58,1,43,-0.3891904844368117,-0.7133510652604875,2024-2025
nature,1,1,58,1,56,-0.3891904844368117,-0.7133510652604875,2024-2025
lower,1,1,58,1,50,-0.3891904844368117,-0.7133510652604875,2024-2025
administrative,1,1,58,1,43,-0.3891904844368117,-0.7133510652604875,2024-2025
discourse,1,2,89,2,84,-0.3041823963016679,-0.7189539287348753,2024-2025
chinese university,2,0,23,0,18,-0.7356308935407565,-0.7196415759794531,2024-2025
acceptance technology,2,0,23,0,22,-0.7356308935407565,-0.7196415759794531,2024-2025
address challenges,2,0,23,0,22,-0.7356308935407565,-0.7196415759794531,2024-2025
psychology,1,0,23,0,13,-0.7356308935407565,-0.7196415759794531,2024-2025
judgment,1,0,23,0,20,-0.7356308935407565,-0.7196415759794531,2024-2025
presenting,1,0,23,0,21,-0.7356308935407565,-0.7196415759794531,2024-2025
pressing,1,0,23,0,23,-0.7356308935407565,-0.7196415759794531,2024-2025
extensive,1,0,23,0,23,-0.7356308935407565,-0.7196415759794531,2024-2025
preparedness,1,0,23,0,22,-0.7356308935407565,-0.7196415759794531,2024-2025
strengthening,1,0,23,0,23,-0.7356308935407565,-0.7196415759794531,2024-2025
dependence,1,0,23,0,14,-0.7356308935407565,-0.7196415759794531,2024-2025
efficient,1,0,23,0,23,-0.7356308935407565,-0.7196415759794531,2024-2025
humanistic,1,0,23,0,14,-0.7356308935407565,-0.7196415759794531,2024-2025
shaped,1,0,23,0,23,-0.7356308935407565,-0.7196415759794531,2024-2025
improves,1,0,23,0,23,-0.7356308935407565,-0.7196415759794531,2024-2025
inadequate,1,0,23,0,23,-0.7356308935407565,-0.7196415759794531,2024-2025
incorporates,1,0,23,0,23,-0.7356308935407565,-0.7196415759794531,2024-2025
cautious,1,0,23,0,16,-0.7356308935407565,-0.7196415759794531,2024-2025
neural,1,0,23,0,20,-0.7356308935407565,-0.7196415759794531,2024-2025
index,1,0,23,0,13,-0.7356308935407565,-0.7196415759794531,2024-2025
covering,1,0,23,0,23,-0.7356308935407565,-0.7196415759794531,2024-2025
rate,1,0,23,0,21,-0.7356308935407565,-0.7196415759794531,2024-2025
perceived benefits,2,0,23,0,21,-0.7356308935407565,-0.7196415759794531,2024-2025
combination,1,0,23,0,23,-0.7356308935407565,-0.7196415759794531,2024-2025
indirect,1,0,23,0,20,-0.7356308935407565,-0.7196415759794531,2024-2025
genai technologies,2,0,23,0,19,-0.7356308935407565,-0.7196415759794531,2024-2025
administrators,1,0,23,0,22,-0.7356308935407565,-0.7196415759794531,2024-2025
trustworthy,1,0,23,0,13,-0.7356308935407565,-0.7196415759794531,2024-2025
affecting,1,0,23,0,23,-0.7356308935407565,-0.7196415759794531,2024-2025
replace,1,0,23,0,21,-0.7356308935407565,-0.7196415759794531,2024-2025
dental,1,0,23,0,9,-0.7356308935407565,-0.7196415759794531,2024-2025
integrative,1,0,23,0,19,-0.7356308935407565,-0.7196415759794531,2024-2025
managers,1,0,23,0,18,-0.7356308935407565,-0.7196415759794531,2024-2025
theme,1,0,23,0,15,-0.7356308935407565,-0.7196415759794531,2024-2025
transformation,1,3,118,2,87,-0.25923876214272656,-0.7206151817348168,2024-2025
measures,1,1,59,1,47,-0.39416501303303875,-0.726956895530777,2024-2025
adults,1,1,59,1,31,-0.39416501303303875,-0.726956895530777,2024-2025
including,1,18,506,17,435,-0.11867902976399236,-0.7296423931490668,2024-2025
theoretical frameworks,2,0,24,0,18,-0.735633477553371,-0.7351220918459358,2024-2025
hallucinations,1,0,24,0,15,-0.735633477553371,-0.7351220918459358,2024-2025
african,1,0,24,0,13,-0.735633477553371,-0.7351220918459358,2024-2025
product,1,0,24,0,17,-0.735633477553371,-0.7351220918459358,2024-2025
faced,1,0,24,0,24,-0.735633477553371,-0.7351220918459358,2024-2025
key themes,2,0,24,0,24,-0.735633477553371,-0.7351220918459358,2024-2025
workflow,1,0,24,0,18,-0.735633477553371,-0.7351220918459358,2024-2025
compliance,1,0,24,0,15,-0.735633477553371,-0.7351220918459358,2024-2025
faculty members,2,0,24,0,14,-0.735633477553371,-0.7351220918459358,2024-2025
proposing,1,0,24,0,23,-0.735633477553371,-0.7351220918459358,2024-2025
datasets,1,0,24,0,16,-0.735633477553371,-0.7351220918459358,2024-2025
critical literacies,2,0,24,0,15,-0.735633477553371,-0.7351220918459358,2024-2025
digital technologies,2,0,24,0,22,-0.735633477553371,-0.7351220918459358,2024-2025
adaptable,1,0,24,0,19,-0.735633477553371,-0.7351220918459358,2024-2025
paths,1,0,24,0,23,-0.735633477553371,-0.7351220918459358,2024-2025
drivers,1,0,24,0,19,-0.735633477553371,-0.7351220918459358,2024-2025
evolving landscape,2,0,24,0,23,-0.735633477553371,-0.7351220918459358,2024-2025
emerge,1,0,24,0,23,-0.735633477553371,-0.7351220918459358,2024-2025
survey conducted,2,0,24,0,24,-0.735633477553371,-0.7351220918459358,2024-2025
emphasises,1,0,24,0,23,-0.735633477553371,-0.7351220918459358,2024-2025
pedagogically,1,0,24,0,23,-0.735633477553371,-0.7351220918459358,2024-2025
mixed-method,1,0,24,0,18,-0.735633477553371,-0.7351220918459358,2024-2025
displacement,1,0,24,0,22,-0.735633477553371,-0.7351220918459358,2024-2025
occupational,1,0,24,0,7,-0.735633477553371,-0.7351220918459358,2024-2025
compare,1,0,24,0,24,-0.735633477553371,-0.7351220918459358,2024-2025
emphasize,1,1,60,1,59,-0.3989975384633606,-0.7403837016536097,2024-2025
holistic,1,1,60,1,45,-0.3989975384633606,-0.7403837016536097,2024-2025
participated,1,1,60,1,60,-0.3989975384633606,-0.7403837016536097,2024-2025
relevance,1,2,91,1,76,-0.3119129241627574,-0.7427531816666577,2024-2025
variations,1,0,25,0,21,-0.73563606158495,-0.7502834786786254,2024-2025
academia,1,0,25,0,22,-0.73563606158495,-0.7502834786786254,2024-2025
country,1,0,25,0,23,-0.73563606158495,-0.7502834786786254,2024-2025
revolutionize,1,0,25,0,21,-0.73563606158495,-0.7502834786786254,2024-2025
impacted,1,0,25,0,23,-0.73563606158495,-0.7502834786786254,2024-2025
definitions,1,0,25,0,17,-0.73563606158495,-0.7502834786786254,2024-2025
immediate,1,0,25,0,25,-0.73563606158495,-0.7502834786786254,2024-2025
careful,1,0,25,0,25,-0.73563606158495,-0.7502834786786254,2024-2025
essay,1,0,25,0,20,-0.73563606158495,-0.7502834786786254,2024-2025
paradigms,1,0,25,0,22,-0.73563606158495,-0.7502834786786254,2024-2025
suitable,1,0,25,0,24,-0.73563606158495,-0.7502834786786254,2024-2025
commitment,1,0,25,0,18,-0.73563606158495,-0.7502834786786254,2024-2025
library services,2,0,25,0,17,-0.73563606158495,-0.7502834786786254,2024-2025
specialized,1,0,25,0,20,-0.73563606158495,-0.7502834786786254,2024-2025
vietnam,1,0,25,0,13,-0.73563606158495,-0.7502834786786254,2024-2025
thinking ethical,2,0,25,0,22,-0.73563606158495,-0.7502834786786254,2024-2025
multilingual,1,0,25,0,20,-0.73563606158495,-0.7502834786786254,2024-2025
auditing,1,0,25,0,7,-0.73563606158495,-0.7502834786786254,2024-2025
majors,1,0,25,0,13,-0.73563606158495,-0.7502834786786254,2024-2025
successful integration,2,0,25,0,25,-0.73563606158495,-0.7502834786786254,2024-2025
institutional policies,2,0,25,0,22,-0.73563606158495,-0.7502834786786254,2024-2025
mainly,1,0,25,0,25,-0.73563606158495,-0.7502834786786254,2024-2025
behaviours,1,0,25,0,9,-0.73563606158495,-0.7502834786786254,2024-2025
deeper understanding,2,0,25,0,24,-0.73563606158495,-0.7502834786786254,2024-2025
simulation,1,0,25,0,19,-0.73563606158495,-0.7502834786786254,2024-2025
balancing,1,0,25,0,23,-0.73563606158495,-0.7502834786786254,2024-2025
encompasses,1,0,25,0,25,-0.73563606158495,-0.7502834786786254,2024-2025
novice,1,0,25,0,14,-0.73563606158495,-0.7502834786786254,2024-2025
pakistan,1,0,25,0,12,-0.73563606158495,-0.7502834786786254,2024-2025
insights educators,2,0,25,0,25,-0.73563606158495,-0.7502834786786254,2024-2025
anxiety,1,4,149,3,50,-0.23830819732364272,-0.7517428949748048,2024-2025
interactions,1,4,150,4,113,-0.24092398782358782,-0.7616054869883174,2024-2025
distributed,1,0,26,0,24,-0.7356386456354933,-0.7651447073971078,2024-2025
key factors,2,0,26,0,24,-0.7356386456354933,-0.7651447073971078,2024-2025
saudi,1,0,26,0,13,-0.7356386456354933,-0.7651447073971078,2024-2025
storytelling,1,0,26,0,19,-0.7356386456354933,-0.7651447073971078,2024-2025
samples,1,0,26,0,20,-0.7356386456354933,-0.7651447073971078,2024-2025
shifts,1,0,26,0,26,-0.7356386456354933,-0.7651447073971078,2024-2025
emphasizing need,2,0,26,0,26,-0.7356386456354933,-0.7651447073971078,2024-2025
great,1,0,26,0,24,-0.7356386456354933,-0.7651447073971078,2024-2025
hinder,1,0,26,0,26,-0.7356386456354933,-0.7651447073971078,2024-2025
health-care,1,0,26,0,5,-0.7356386456354933,-0.7651447073971078,2024-2025
esl,1,0,26,0,8,-0.7356386456354933,-0.7651447073971078,2024-2025
conducting,1,0,26,0,26,-0.7356386456354933,-0.7651447073971078,2024-2025
sentiment,1,0,26,0,15,-0.7356386456354933,-0.7651447073971078,2024-2025
selection,1,0,26,0,25,-0.7356386456354933,-0.7651447073971078,2024-2025
debate,1,0,26,0,23,-0.7356386456354933,-0.7651447073971078,2024-2025
stress,1,0,26,0,12,-0.7356386456354933,-0.7651447073971078,2024-2025
stakeholder,1,0,26,0,21,-0.7356386456354933,-0.7651447073971078,2024-2025
exhibited,1,0,26,0,25,-0.7356386456354933,-0.7651447073971078,2024-2025
dual,1,0,26,0,24,-0.7356386456354933,-0.7651447073971078,2024-2025
external,1,0,26,0,24,-0.7356386456354933,-0.7651447073971078,2024-2025
theoretical practical,2,0,26,0,24,-0.7356386456354933,-0.7651447073971078,2024-2025
deepen,1,0,26,0,26,-0.7356386456354933,-0.7651447073971078,2024-2025
second language,2,0,26,0,20,-0.7356386456354933,-0.7651447073971078,2024-2025
technological advancements,2,0,26,0,26,-0.7356386456354933,-0.7651447073971078,2024-2025
monitoring,1,0,26,0,22,-0.7356386456354933,-0.7651447073971078,2024-2025
initiative,1,0,26,0,25,-0.7356386456354933,-0.7651447073971078,2024-2025
ranging,1,0,26,0,25,-0.7356386456354933,-0.7651447073971078,2024-2025
theoretical,1,7,232,7,173,-0.19098656600703556,-0.7686467403767333,2024-2025
advanced,1,2,94,2,81,-0.32299647767033335,-0.7776488517276705,2024-2025
adaptive,1,2,94,1,79,-0.32299647767033335,-0.7776488517276705,2024-2025
best,1,1,63,1,57,-0.4127019294881382,-0.7796485368565936,2024-2025
generated,1,1,63,1,55,-0.4127019294881382,-0.7796485368565936,2024-2025
drive,1,0,27,0,23,-0.7356412297049992,-0.7797229408990163,2024-2025
critical ethical,2,0,27,0,24,-0.7356412297049992,-0.7797229408990163,2024-2025
market,1,0,27,0,26,-0.7356412297049992,-0.7797229408990163,2024-2025
institution,1,0,27,0,26,-0.7356412297049992,-0.7797229408990163,2024-2025
produced,1,0,27,0,22,-0.7356412297049992,-0.7797229408990163,2024-2025
sequential,1,0,27,0,23,-0.7356412297049992,-0.7797229408990163,2024-2025
educator,1,0,27,0,22,-0.7356412297049992,-0.7797229408990163,2024-2025
technical understanding,2,0,27,0,22,-0.7356412297049992,-0.7797229408990163,2024-2025
challenges including,2,0,27,0,27,-0.7356412297049992,-0.7797229408990163,2024-2025
ai-driven world,2,0,27,0,26,-0.7356412297049992,-0.7797229408990163,2024-2025
psts,1,0,27,0,5,-0.7356412297049992,-0.7797229408990163,2024-2025
modeling sem,2,0,27,0,27,-0.7356412297049992,-0.7797229408990163,2024-2025
underscore importance,2,0,27,0,27,-0.7356412297049992,-0.7797229408990163,2024-2025
answers,1,0,27,0,19,-0.7356412297049992,-0.7797229408990163,2024-2025
recognizing,1,0,27,0,27,-0.7356412297049992,-0.7797229408990163,2024-2025
delves,1,0,27,0,27,-0.7356412297049992,-0.7797229408990163,2024-2025
journals,1,0,27,0,22,-0.7356412297049992,-0.7797229408990163,2024-2025
rapidly evolving,2,0,27,0,26,-0.7356412297049992,-0.7797229408990163,2024-2025
language efl,2,0,27,0,27,-0.7356412297049992,-0.7797229408990163,2024-2025
nurturing,1,0,27,0,21,-0.7356412297049992,-0.7797229408990163,2024-2025
practical applications,2,0,27,0,25,-0.7356412297049992,-0.7797229408990163,2024-2025
cybersecurity,1,0,27,0,12,-0.7356412297049992,-0.7797229408990163,2024-2025
chinese,1,3,124,2,83,-0.2777457636102785,-0.7845919898703453,2024-2025
examining,1,2,95,1,92,-0.32656167809052494,-0.789075974256179,2024-2025
capacity,1,1,64,1,51,-0.41702366015582193,-0.7924163650306653,2024-2025
adaptability,1,0,28,0,25,-0.7356438137934767,-0.7940337664750031,2024-2025
emphasizing importance,2,0,28,0,27,-0.7356438137934767,-0.7940337664750031,2024-2025
evaluations,1,0,28,0,25,-0.7356438137934767,-0.7940337664750031,2024-2025
older adults,2,0,28,0,9,-0.7356438137934767,-0.7940337664750031,2024-2025
having,1,0,28,0,26,-0.7356438137934767,-0.7940337664750031,2024-2025
represents,1,0,28,0,28,-0.7356438137934767,-0.7940337664750031,2024-2025
highlights importance,2,0,28,0,28,-0.7356438137934767,-0.7940337664750031,2024-2025
spss,1,0,28,0,27,-0.7356438137934767,-0.7940337664750031,2024-2025
negatively,1,0,28,0,27,-0.7356438137934767,-0.7940337664750031,2024-2025
nursing practice,2,0,28,0,16,-0.7356438137934767,-0.7940337664750031,2024-2025
composition,1,0,28,0,11,-0.7356438137934767,-0.7940337664750031,2024-2025
graduates,1,0,28,0,16,-0.7356438137934767,-0.7940337664750031,2024-2025
supportive,1,0,28,0,28,-0.7356438137934767,-0.7940337664750031,2024-2025
lesson plans,2,0,28,0,20,-0.7356438137934767,-0.7940337664750031,2024-2025
transition,1,0,28,0,18,-0.7356438137934767,-0.7940337664750031,2024-2025
actionable insights,2,0,28,0,28,-0.7356438137934767,-0.7940337664750031,2024-2025
tools academic,2,0,28,0,24,-0.7356438137934767,-0.7940337664750031,2024-2025
addressing ethical,2,0,28,0,27,-0.7356438137934767,-0.7940337664750031,2024-2025
proposes,1,2,96,2,93,-0.3300650636098066,-0.8004044130872054,2024-2025
responsibly,1,1,65,1,64,-0.4212304579685533,-0.8050323503711487,2024-2025
enrolled,1,0,29,0,27,-0.7356463979009131,-0.8080913911667059,2024-2025
responsible integration,2,0,29,0,28,-0.7356463979009131,-0.8080913911667059,2024-2025
connections,1,0,29,0,25,-0.7356463979009131,-0.8080913911667059,2024-2025
innovations,1,0,29,0,27,-0.7356463979009131,-0.8080913911667059,2024-2025
original,1,0,29,0,27,-0.7356463979009131,-0.8080913911667059,2024-2025
pedagogical practices,2,0,29,0,25,-0.7356463979009131,-0.8080913911667059,2024-2025
competitive,1,0,29,0,24,-0.7356463979009131,-0.8080913911667059,2024-2025
comprehensive understanding,2,0,29,0,27,-0.7356463979009131,-0.8080913911667059,2024-2025
surveyed,1,0,29,0,29,-0.7356463979009131,-0.8080913911667059,2024-2025
talent,1,0,29,0,17,-0.7356463979009131,-0.8080913911667059,2024-2025
best practices,2,0,29,0,25,-0.7356463979009131,-0.8080913911667059,2024-2025
underscores importance,2,0,29,0,29,-0.7356463979009131,-0.8080913911667059,2024-2025
integrating generative,2,0,29,0,28,-0.7356463979009131,-0.8080913911667059,2024-2025
regulation,1,0,29,0,24,-0.7356463979009131,-0.8080913911667059,2024-2025
simulations,1,0,29,0,23,-0.7356463979009131,-0.8080913911667059,2024-2025
ethical frameworks,2,0,29,0,27,-0.7356463979009131,-0.8080913911667059,2024-2025
doctoral,1,0,29,0,13,-0.7356463979009131,-0.8080913911667059,2024-2025
valuable,1,2,97,2,97,-0.3335082501215574,-0.8116362801624034,2024-2025
contribute,1,2,97,2,93,-0.3335082501215574,-0.8116362801624034,2024-2025
scores,1,1,66,1,49,-0.42532688596954316,-0.8175011633134337,2024-2025
direct,1,1,66,1,54,-0.42532688596954316,-0.8175011633134337,2024-2025
quantitative qualitative,2,0,30,0,29,-0.7356489820273193,-0.8219088070431942,2024-2025
partial squares,2,0,30,0,29,-0.7356489820273193,-0.8219088070431942,2024-2025
steps,1,0,30,0,29,-0.7356489820273193,-0.8219088070431942,2024-2025
incorporation,1,0,30,0,25,-0.7356489820273193,-0.8219088070431942,2024-2025
authorship,1,0,30,0,20,-0.7356489820273193,-0.8219088070431942,2024-2025
institutional support,2,0,30,0,25,-0.7356489820273193,-0.8219088070431942,2024-2025
equitable access,2,0,30,0,27,-0.7356489820273193,-0.8219088070431942,2024-2025
systemic,1,0,30,0,25,-0.7356489820273193,-0.8219088070431942,2024-2025
determinants,1,0,30,0,24,-0.7356489820273193,-0.8219088070431942,2024-2025
climate,1,0,30,0,11,-0.7356489820273193,-0.8219088070431942,2024-2025
maximize,1,0,30,0,29,-0.7356489820273193,-0.8219088070431942,2024-2025
seeks,1,0,30,0,29,-0.7356489820273193,-0.8219088070431942,2024-2025
longitudinal,1,0,30,0,27,-0.7356489820273193,-0.8219088070431942,2024-2025
beneficial,1,0,30,0,30,-0.7356489820273193,-0.8219088070431942,2024-2025
privacy concerns,2,0,30,0,22,-0.7356489820273193,-0.8219088070431942,2024-2025
raising,1,0,30,0,30,-0.7356489820273193,-0.8219088070431942,2024-2025
possess,1,0,30,0,28,-0.7356489820273193,-0.8219088070431942,2024-2025
variance,1,0,30,0,25,-0.7356489820273193,-0.8219088070431942,2024-2025
generative higher,2,0,30,0,26,-0.7356489820273193,-0.8219088070431942,2024-2025
cross-sectional survey,2,0,30,0,27,-0.7356489820273193,-0.8219088070431942,2024-2025
reduced,1,0,30,0,28,-0.7356489820273193,-0.8219088070431942,2024-2025
intellectual,1,0,30,0,27,-0.7356489820273193,-0.8219088070431942,2024-2025
social influence,2,0,30,0,20,-0.7356489820273193,-0.8219088070431942,2024-2025
worldwide,1,0,30,0,29,-0.7356489820273193,-0.8219088070431942,2024-2025
workload,1,0,30,0,18,-0.7356489820273193,-0.8219088070431942,2024-2025
strong,1,2,98,2,88,-0.3368927969935349,-0.8227736196425988,2024-2025
deeper,1,1,67,1,61,-0.4293172670207479,-0.8298272558971074,2024-2025
ethical concerns,2,2,99,2,93,-0.34022020954637266,-0.833818410751842,2024-2025
bangladesh,1,0,31,0,11,-0.7356515661726917,-0.8354979318705096,2024-2025
tutoring,1,0,31,0,25,-0.7356515661726917,-0.8354979318705096,2024-2025
aligned,1,0,31,0,31,-0.7356515661726917,-0.8354979318705096,2024-2025
squares,1,0,31,0,30,-0.7356515661726917,-0.8354979318705096,2024-2025
examination,1,0,31,0,29,-0.7356515661726917,-0.8354979318705096,2024-2025
co-creation,1,0,31,0,16,-0.7356515661726917,-0.8354979318705096,2024-2025
multifaceted,1,0,31,0,30,-0.7356515661726917,-0.8354979318705096,2024-2025
squares structural,2,0,31,0,30,-0.7356515661726917,-0.8354979318705096,2024-2025
regulations,1,0,31,0,24,-0.7356515661726917,-0.8354979318705096,2024-2025
experienced,1,0,31,0,27,-0.7356515661726917,-0.8354979318705096,2024-2025
unified,1,0,31,0,30,-0.7356515661726917,-0.8354979318705096,2024-2025
verification,1,0,31,0,26,-0.7356515661726917,-0.8354979318705096,2024-2025
interdisciplinary collaboration,2,0,31,0,31,-0.7356515661726917,-0.8354979318705096,2024-2025
uncertainty,1,0,31,0,26,-0.7356515661726917,-0.8354979318705096,2024-2025
depth,1,0,31,0,29,-0.7356515661726917,-0.8354979318705096,2024-2025
university libraries,2,0,31,0,9,-0.7356515661726917,-0.8354979318705096,2024-2025
rigorous,1,0,31,0,31,-0.7356515661726917,-0.8354979318705096,2024-2025
facilitating,1,1,68,1,59,-0.43320569951071164,-0.8420148751714188,2024-2025
mitigating,1,0,32,0,30,-0.7356541503370302,-0.8488697295092387,2024-2025
safe,1,0,32,0,30,-0.7356541503370302,-0.8488697295092387,2024-2025
transparent,1,0,32,0,30,-0.7356541503370302,-0.8488697295092387,2024-2025
local,1,0,32,0,23,-0.7356541503370302,-0.8488697295092387,2024-2025
globally,1,0,32,0,27,-0.7356541503370302,-0.8488697295092387,2024-2025
ethical guidelines,2,0,32,0,31,-0.7356541503370302,-0.8488697295092387,2024-2025
real-time,1,0,32,0,32,-0.7356541503370302,-0.8488697295092387,2024-2025
threats,1,0,32,0,22,-0.7356541503370302,-0.8488697295092387,2024-2025
parental,1,0,32,0,13,-0.7356541503370302,-0.8488697295092387,2024-2025
english language,2,0,32,0,23,-0.7356541503370302,-0.8488697295092387,2024-2025
scalable,1,0,32,0,30,-0.7356541503370302,-0.8488697295092387,2024-2025
reflection,1,2,101,2,74,-0.34670939670587053,-0.8556379561200002,2024-2025
enhanced,1,2,101,2,94,-0.34670939670587053,-0.8556379561200002,2024-2025
just,1,0,33,0,32,-0.7356567345203366,-0.8620343135002746,2024-2025
control group,2,0,33,0,23,-0.7356567345203366,-0.8620343135002746,2024-2025
necessitates,1,0,33,0,32,-0.7356567345203366,-0.8620343135002746,2024-2025
public health,2,0,33,0,9,-0.7356567345203366,-0.8620343135002746,2024-2025
underscore need,2,0,33,0,33,-0.7356567345203366,-0.8620343135002746,2024-2025
undergraduates,1,0,33,0,21,-0.7356567345203366,-0.8620343135002746,2024-2025
profession,1,0,33,0,24,-0.7356567345203366,-0.8620343135002746,2024-2025
tam,1,0,33,0,24,-0.7356567345203366,-0.8620343135002746,2024-2025
beliefs,1,0,33,0,24,-0.7356567345203366,-0.8620343135002746,2024-2025
metaphors,1,0,33,0,12,-0.7356567345203366,-0.8620343135002746,2024-2025
showed,1,5,189,5,165,-0.24406688572760604,-0.8647929594781815,2024-2025
output,1,1,70,1,52,-0.44069207577752056,-0.8659907305080585,2024-2025
semi-structured,1,1,70,1,69,-0.44069207577752056,-0.8659907305080585,2024-2025
indicate,1,4,161,4,156,-0.26795345115474145,-0.8664955835843852,2024-2025
financial,1,0,34,0,18,-0.7356593187226075,-0.8750010366219273,2024-2025
willingness,1,0,34,0,24,-0.7356593187226075,-0.8750010366219273,2024-2025
collective,1,0,34,0,23,-0.7356593187226075,-0.8750010366219273,2024-2025
fostering critical,2,0,34,0,31,-0.7356593187226075,-0.8750010366219273,2024-2025
underscoring,1,0,34,0,34,-0.7356593187226075,-0.8750010366219273,2024-2025
internal,1,0,34,0,31,-0.7356593187226075,-0.8750010366219273,2024-2025
analyzes,1,0,34,0,31,-0.7356593187226075,-0.8750010366219273,2024-2025
overreliance,1,0,34,0,28,-0.7356593187226075,-0.8750010366219273,2024-2025
promising,1,0,34,0,32,-0.7356593187226075,-0.8750010366219273,2024-2025
interplay,1,0,34,0,29,-0.7356593187226075,-0.8750010366219273,2024-2025
assistance,1,0,34,0,32,-0.7356593187226075,-0.8750010366219273,2024-2025
regions,1,0,34,0,31,-0.7356593187226075,-0.8750010366219273,2024-2025
linguistic,1,0,34,0,26,-0.7356593187226075,-0.8750010366219273,2024-2025
information science,2,0,34,0,24,-0.7356593187226075,-0.8750010366219273,2024-2025
prisma,1,0,34,0,33,-0.7356593187226075,-0.8750010366219273,2024-2025
self-regulated,1,0,34,0,24,-0.7356593187226075,-0.8750010366219273,2024-2025
sample,1,2,103,2,93,-0.35298685943412167,-0.8771095504785403,2024-2025
shaping,1,1,71,1,69,-0.44429721883926554,-0.8777865427891471,2024-2025
traditional,1,3,134,3,122,-0.30554904153084195,-0.8856002155885543,2024-2025
stakeholders,1,2,104,2,74,-0.3560494462384618,-0.8877191967005776,2024-2025
continues,1,0,35,0,35,-0.735661902943848,-0.8877785686729112,2024-2025
reporting,1,0,35,0,33,-0.735661902943848,-0.8877785686729112,2024-2025
extent,1,0,35,0,32,-0.735661902943848,-0.8877785686729112,2024-2025
effective integration,2,0,35,0,34,-0.735661902943848,-0.8877785686729112,2024-2025
english foreign,2,0,35,0,32,-0.735661902943848,-0.8877785686729112,2024-2025
resistance,1,0,35,0,28,-0.735661902943848,-0.8877785686729112,2024-2025
ails,1,0,35,0,12,-0.735661902943848,-0.8877785686729112,2024-2025
accessibility,1,1,72,1,64,-0.44781483569171954,-0.889459054714813,2024-2025
recommendations,1,6,220,6,187,-0.23216923776247,-0.8925216861202924,2024-2025
effective,1,12,380,11,311,-0.17171795236638143,-0.8925279830467852,2024-2025
despite,1,4,164,4,159,-0.2748123105028606,-0.894031040302799,2024-2025
settings,1,5,193,5,167,-0.252151220439111,-0.8994251151358652,2024-2025
like,1,5,193,4,168,-0.252151220439111,-0.8994251151358652,2024-2025
highlighting need,2,0,36,0,34,-0.7356644871840512,-0.9003749643195619,2024-2025
harness,1,0,36,0,36,-0.7356644871840512,-0.9003749643195619,2024-2025
moderating,1,0,36,0,28,-0.7356644871840512,-0.9003749643195619,2024-2025
operational,1,0,36,0,26,-0.7356644871840512,-0.9003749643195619,2024-2025
establish,1,0,36,0,35,-0.7356644871840512,-0.9003749643195619,2024-2025
descriptive statistics,2,0,36,0,36,-0.7356644871840512,-0.9003749643195619,2024-2025
mental health,2,0,36,0,11,-0.7356644871840512,-0.9003749643195619,2024-2025
imperative,1,0,36,0,36,-0.7356644871840512,-0.9003749643195619,2024-2025
digital competence,2,0,36,0,18,-0.7356644871840512,-0.9003749643195619,2024-2025
concerns regarding,2,0,36,0,35,-0.7356644871840512,-0.9003749643195619,2024-2025
encompassing,1,0,36,0,36,-0.7356644871840512,-0.9003749643195619,2024-2025
fosters,1,0,36,0,36,-0.7356644871840512,-0.9003749643195619,2024-2025
equitable,1,2,106,2,95,-0.3620284639524387,-0.9086943978785589,2024-2025
validation,1,1,74,1,60,-0.45460002797261634,-0.9124475980311517,2024-2025
enabling,1,1,74,1,71,-0.45460002797261634,-0.9124475980311517,2024-2025
sector,1,1,74,1,56,-0.45460002797261634,-0.9124475980311517,2024-2025
first-year,1,0,37,0,24,-0.7356670714432241,-0.9127977225158936,2024-2025
empirical evidence,2,0,37,0,37,-0.7356670714432241,-0.9127977225158936,2024-2025
notable,1,0,37,0,35,-0.7356670714432241,-0.9127977225158936,2024-2025
treatment,1,0,37,0,18,-0.7356670714432241,-0.9127977225158936,2024-2025
ai-integrated,1,0,37,0,32,-0.7356670714432241,-0.9127977225158936,2024-2025
participatory,1,0,37,0,30,-0.7356670714432241,-0.9127977225158936,2024-2025
maintaining,1,0,37,0,35,-0.7356670714432241,-0.9127977225158936,2024-2025
critical engagement,2,0,37,0,33,-0.7356670714432241,-0.9127977225158936,2024-2025
advocating,1,0,37,0,36,-0.7356670714432241,-0.9127977225158936,2024-2025
personalised,1,0,37,0,25,-0.7356670714432241,-0.9127977225158936,2024-2025
web science,2,0,37,0,37,-0.7356670714432241,-0.9127977225158936,2024-2025
majority,1,0,37,0,35,-0.7356670714432241,-0.9127977225158936,2024-2025
landscape,1,4,167,3,148,-0.28147000743908457,-0.9211404113972729,2024-2025
factors influencing,2,1,75,1,60,-0.45787349999048477,-0.92376999039881,2024-2025
mechanisms,1,1,75,1,62,-0.45787349999048477,-0.92376999039881,2024-2025
tools like,2,0,38,0,37,-0.7356696557213684,-0.9250538387414693,2024-2025
paradigm,1,0,38,0,33,-0.7356696557213684,-0.9250538387414693,2024-2025
phase,1,0,38,0,25,-0.7356696557213684,-0.9250538387414693,2024-2025
experimental group,2,0,38,0,20,-0.7356696557213684,-0.9250538387414693,2024-2025
ai-supported,1,0,38,0,31,-0.7356696557213684,-0.9250538387414693,2024-2025
categories,1,0,38,0,34,-0.7356696557213684,-0.9250538387414693,2024-2025
accounting,1,0,38,0,12,-0.7356696557213684,-0.9250538387414693,2024-2025
body,1,0,38,0,37,-0.7356696557213684,-0.9250538387414693,2024-2025
operations,1,0,38,0,30,-0.7356696557213684,-0.9250538387414693,2024-2025
meet,1,0,38,0,37,-0.7356696557213684,-0.9250538387414693,2024-2025
epistemic,1,0,38,0,27,-0.7356696557213684,-0.9250538387414693,2024-2025
insufficient,1,0,38,0,37,-0.7356696557213684,-0.9250538387414693,2024-2025
highlights need,2,0,38,0,38,-0.7356696557213684,-0.9250538387414693,2024-2025
ai-mediated,1,0,38,0,30,-0.7356696557213684,-0.9250538387414693,2024-2025
mitigate,1,0,38,0,35,-0.7356696557213684,-0.9250538387414693,2024-2025
growing,1,4,168,4,164,-0.2836460859137855,-0.9300849377090822,2024-2025
challenges opportunities,2,1,76,1,62,-0.461071256535571,-0.9349818197046823,2024-2025
lesson,1,1,76,1,44,-0.461071256535571,-0.9349818197046823,2024-2025
autonomy,1,1,76,1,57,-0.461071256535571,-0.9349818197046823,2024-2025
publications,1,0,39,0,32,-0.7356722400184754,-0.9371498510905083,2024-2025
item,1,0,39,0,32,-0.7356722400184754,-0.9371498510905083,2024-2025
library information,2,0,39,0,23,-0.7356722400184754,-0.9371498510905083,2024-2025
content creation,2,0,39,0,32,-0.7356722400184754,-0.9371498510905083,2024-2025
focus group,2,0,39,0,35,-0.7356722400184754,-0.9371498510905083,2024-2025
frequency,1,0,39,0,29,-0.7356722400184754,-0.9371498510905083,2024-2025
chat,1,0,39,0,26,-0.7356722400184754,-0.9371498510905083,2024-2025
aligning,1,0,39,0,37,-0.7356722400184754,-0.9371498510905083,2024-2025
predictors,1,0,39,0,26,-0.7356722400184754,-0.9371498510905083,2024-2025
critical evaluation,2,0,39,0,34,-0.7356722400184754,-0.9371498510905083,2024-2025
remains,1,3,140,3,134,-0.320648109059559,-0.9432098522164276,2024-2025
necessity,1,1,77,1,76,-0.4641959123138557,-0.9460859507580747,2024-2025
generative gai,2,0,40,0,38,-0.7356748243345521,-0.9490918810743617,2024-2025
pls-sem,1,0,40,0,31,-0.7356748243345521,-0.9490918810743617,2024-2025
continuous,1,1,78,1,59,-0.4672499623164681,-0.9570851341585254,2024-2025
instructors,1,1,78,1,45,-0.4672499623164681,-0.9570851341585254,2024-2025
fear,1,0,41,0,28,-0.7356774086695985,-0.9608856698600542,2024-2025
self-directed,1,0,41,0,18,-0.7356774086695985,-0.9608856698600542,2024-2025
complexities,1,0,41,0,36,-0.7356774086695985,-0.9608856698600542,2024-2025
pivotal,1,0,41,0,39,-0.7356774086695985,-0.9608856698600542,2024-2025
postgraduate,1,0,41,0,27,-0.7356774086695985,-0.9608856698600542,2024-2025
explainable,1,0,41,0,28,-0.7356774086695985,-0.9608856698600542,2024-2025
underexplored,1,0,41,0,41,-0.7356774086695985,-0.9608856698600542,2024-2025
ease,1,0,42,0,31,-0.7356799930236146,-0.9725366105538236,2024-2025
behavioural,1,0,42,0,17,-0.7356799930236146,-0.9725366105538236,2024-2025
systematic literature,2,0,42,0,34,-0.7356799930236146,-0.9725366105538236,2024-2025
combined,1,0,42,0,42,-0.7356799930236146,-0.9725366105538236,2024-2025
emphasis,1,0,42,0,42,-0.7356799930236146,-0.9725366105538236,2024-2025
deployment,1,0,42,0,34,-0.7356799930236146,-0.9725366105538236,2024-2025
productivity,1,0,42,0,38,-0.7356799930236146,-0.9725366105538236,2024-2025
provides,1,7,258,7,245,-0.23425504025388744,-0.9742823617281458,2024-2025
importance,1,9,313,8,288,-0.211001496407067,-0.9772053757772711,2024-2025
ongoing,1,1,80,1,77,-0.4731556667915511,-0.978779125073252,2024-2025
collected,1,5,203,4,199,-0.27122780961944226,-0.9833723658125499,2024-2025
historical,1,0,43,0,22,-0.7356825773965969,-0.9840497770447157,2024-2025
nurse,1,0,43,0,16,-0.7356825773965969,-0.9840497770447157,2024-2025
expectancy,1,0,43,0,16,-0.7356825773965969,-0.9840497770447157,2024-2025
design methodology,2,0,43,0,43,-0.7356825773965969,-0.9840497770447157,2024-2025
dynamics,1,0,43,0,38,-0.7356825773965969,-0.9840497770447157,2024-2025
vital,1,0,43,0,41,-0.7356825773965969,-0.9840497770447157,2024-2025
academic performance,2,0,43,0,16,-0.7356825773965969,-0.9840497770447157,2024-2025
identity,1,0,43,0,34,-0.7356825773965969,-0.9840497770447157,2024-2025
project-based,1,0,43,0,32,-0.7356825773965969,-0.9840497770447157,2024-2025
partial,1,0,43,0,41,-0.7356825773965969,-0.9840497770447157,2024-2025
tools chatgpt,2,0,43,0,42,-0.7356825773965969,-0.9840497770447157,2024-2025
fit,1,0,43,0,28,-0.7356825773965969,-0.9840497770447157,2024-2025
alignment,1,0,43,0,37,-0.7356825773965969,-0.9840497770447157,2024-2025
embedding,1,0,44,0,38,-0.7356851617885507,-0.9954299498459335,2024-2025
generating,1,0,44,0,39,-0.7356851617885507,-0.9954299498459335,2024-2025
fully,1,0,44,0,43,-0.7356851617885507,-0.9954299498459335,2024-2025
members,1,0,44,0,29,-0.7356851617885507,-0.9954299498459335,2024-2025
bridging,1,0,44,0,42,-0.7356851617885507,-0.9954299498459335,2024-2025
xai,1,0,44,0,17,-0.7356851617885507,-0.9954299498459335,2024-2025
utilization,1,0,44,0,36,-0.7356851617885507,-0.9954299498459335,2024-2025
profiles,1,0,44,0,20,-0.7356851617885507,-0.9954299498459335,2024-2025
explored,1,2,115,2,111,-0.3867395666705793,-0.9993489236270732,2024-2025
job,1,1,82,1,57,-0.4788061831604571,-1.0000837322510656,2024-2025
robust,1,1,82,1,77,-0.4788061831604571,-1.0000837322510656,2024-2025
perceptions,1,12,397,7,248,-0.1903736033954182,-1.0026176211715148,2024-2025
perceived usefulness,2,0,45,0,37,-0.7356877461994724,-1.0066816393071993,2024-2025
balanced,1,0,45,0,43,-0.7356877461994724,-1.0066816393071993,2024-2025
frequently,1,0,45,0,43,-0.7356877461994724,-1.0066816393071993,2024-2025
patient care,2,0,45,0,38,-0.7356877461994724,-1.0066816393071993,2024-2025
encourage,1,0,45,0,42,-0.7356877461994724,-1.0066816393071993,2024-2025
valuable insights,2,0,45,0,45,-0.7356877461994724,-1.0066816393071993,2024-2025
advantages,1,0,45,0,44,-0.7356877461994724,-1.0066816393071993,2024-2025
likely,1,0,45,0,38,-0.7356877461994724,-1.0066816393071993,2024-2025
driven,1,0,45,0,36,-0.7356877461994724,-1.0066816393071993,2024-2025
positively,1,2,116,2,102,-0.3892833665312203,-1.0090715133111727,2024-2025
technical,1,8,291,7,214,-0.22907481681439634,-1.0143115411959078,2024-2025
preservice,1,0,46,0,19,-0.7356903306293621,-1.017809106517899,2024-2025
align,1,0,46,0,45,-0.7356903306293621,-1.017809106517899,2024-2025
scales,1,0,46,0,30,-0.7356903306293621,-1.017809106517899,2024-2025
advocates,1,0,46,0,45,-0.7356903306293621,-1.017809106517899,2024-2025
like chatgpt,2,0,46,0,44,-0.7356903306293621,-1.017809106517899,2024-2025
ecosystem,1,0,46,0,32,-0.7356903306293621,-1.017809106517899,2024-2025
originality value,2,0,46,0,45,-0.7356903306293621,-1.017809106517899,2024-2025
instruments,1,0,46,0,33,-0.7356903306293621,-1.017809106517899,2024-2025
interviews,1,6,236,6,210,-0.2593727353743782,-1.0196304307373822,2024-2025
introduces,1,1,84,1,82,-0.4842178001163626,-1.0210174152936742,2024-2025
quantitative,1,3,149,3,126,-0.34138826356665675,-1.0259135053036204,2024-2025
employs,1,0,47,0,47,-0.7356929150782214,-1.0288163821756708,2024-2025
equipping,1,0,47,0,44,-0.7356929150782214,-1.0288163821756708,2024-2025
argue,1,0,47,0,43,-0.7356929150782214,-1.0288163821756708,2024-2025
workflows,1,0,47,0,40,-0.7356929150782214,-1.0288163821756708,2024-2025
bibliometric,1,0,47,0,27,-0.7356929150782214,-1.0288163821756708,2024-2025
structure,1,1,85,1,78,-0.4868387345787415,-1.0313505599071306,2024-2025
positive attitudes,2,0,48,0,43,-0.7356954995460541,-1.039707283657381,2024-2025
dependency,1,0,48,0,27,-0.7356954995460541,-1.039707283657381,2024-2025
training programs,2,0,48,0,47,-0.7356954995460541,-1.039707283657381,2024-2025
scopus,1,0,48,0,46,-0.7356954995460541,-1.039707283657381,2024-2025
journalism,1,0,48,0,14,-0.7356954995460541,-1.039707283657381,2024-2025
mean,1,0,48,0,33,-0.7356954995460541,-1.039707283657381,2024-2025
intentions,1,1,86,1,48,-0.48940544228477645,-1.0415972974480778,2024-2025
variables,1,1,86,1,58,-0.48940544228477645,-1.0415972974480778,2024-2025
trust,1,6,240,2,101,-0.26571363203111087,-1.0502419793855167,2024-2025
justice,1,0,49,0,35,-0.7356980840328564,-1.0504854304974567,2024-2025
resilience,1,0,49,0,21,-0.7356980840328564,-1.0504854304974567,2024-2025
integration generative,2,0,49,0,49,-0.7356980840328564,-1.0504854304974567,2024-2025
proactive,1,0,49,0,43,-0.7356980840328564,-1.0504854304974567,2024-2025
mixed,1,0,49,0,46,-0.7356980840328564,-1.0504854304974567,2024-2025
management,1,4,183,4,112,-0.3139243675670782,-1.059142704951937,2024-2025
gen-ai,1,0,50,0,10,-0.7357006685386249,-1.0611542584515357,2024-2025
pathways,1,0,50,0,43,-0.7357006685386249,-1.0611542584515357,2024-2025
ai-generated content,2,0,50,0,50,-0.7357006685386249,-1.0611542584515357,2024-2025
capital,1,0,50,0,17,-0.7357006685386249,-1.0611542584515357,2024-2025
law,1,0,50,0,27,-0.7357006685386249,-1.0611542584515357,2024-2025
journalists,1,0,50,0,14,-0.7357006685386249,-1.0611542584515357,2024-2025
satisfaction,1,1,88,1,50,-0.49438281072983425,-1.061839292424426,2024-2025
demonstrated,1,2,122,2,115,-0.4037947544247462,-1.0660700666029999,2024-2025
safety,1,0,51,0,35,-0.7357032530633667,-1.0717170323003125,2024-2025
higher institutions,2,0,51,0,47,-0.7357032530633667,-1.0717170323003125,2024-2025
plans,1,0,51,0,42,-0.7357032530633667,-1.0717170323003125,2024-2025
suggesting,1,0,51,0,50,-0.7357032530633667,-1.0717170323003125,2024-2025
preparing,1,1,89,1,84,-0.49679662000382585,-1.071838252388392,2024-2025
resource,1,1,89,1,69,-0.49679662000382585,-1.071838252388392,2024-2025
efficiency,1,3,155,3,133,-0.3540897894077384,-1.0788112435351533,2024-2025
suggests,1,1,90,1,89,-0.49916250637028536,-1.0817582165397932,2024-2025
foreign language,2,0,52,0,40,-0.7357058376070817,-1.0821768575287778,2024-2025
experiential,1,0,52,0,37,-0.7357058376070817,-1.0821768575287778,2024-2025
alongside,1,0,52,0,51,-0.7357058376070817,-1.0821768575287778,2024-2025
risks,1,5,216,2,171,-0.2938583498376399,-1.0873803755245384,2024-2025
assessing,1,1,91,1,85,-0.5014818908764447,-1.0916008817626934,2024-2025
risk,1,1,91,1,65,-0.5014818908764447,-1.0916008817626934,2024-2025
behaviors,1,0,53,0,32,-0.7357084221697612,-1.092536690999332,2024-2025
purposes,1,0,53,0,45,-0.7357084221697612,-1.092536690999332,2024-2025
key,1,12,412,10,352,-0.20582046029544987,-1.0963190181081732,2024-2025
ail,1,1,92,1,22,-0.5037561386917817,-1.1013678881723286,2024-2025
emphasizes,1,1,92,1,88,-0.5037561386917817,-1.1013678881723286,2024-2025
familiarity,1,0,54,0,36,-0.7357110067514174,-1.1027993507227445,2024-2025
accountability,1,0,54,0,44,-0.7357110067514174,-1.1027993507227445,2024-2025
transform,1,0,54,0,54,-0.7357110067514174,-1.1027993507227445,2024-2025
negative,1,1,93,1,79,-0.5059865618392401,-1.1110608216443971,2024-2025
influences,1,1,93,1,83,-0.5059865618392401,-1.1110608216443971,2024-2025
guided,1,0,55,0,51,-0.7357135913520434,-1.1129675248183128,2024-2025
metacognitive,1,0,55,0,30,-0.7357135913520434,-1.1129675248183128,2024-2025
disparities,1,0,55,0,50,-0.7357135913520434,-1.1129675248183128,2024-2025
dynamic,1,0,55,0,52,-0.7357135913520434,-1.1129675248183128,2024-2025
academic libraries,2,0,55,0,21,-0.7357135913520434,-1.1129675248183128,2024-2025
correlation,1,0,55,0,42,-0.7357135913520434,-1.1129675248183128,2024-2025
trends,1,1,94,1,69,-0.5081744217671824,-1.1206812162050928,2024-2025
foreign,1,0,56,0,42,-0.7357161759716391,-1.123043779744142,2024-2025
practical implications,2,0,56,0,55,-0.7357161759716391,-1.123043779744142,2024-2025
lis,1,0,56,0,14,-0.7357161759716391,-1.123043779744142,2024-2025
assignments,1,0,56,0,46,-0.7357161759716391,-1.123043779744142,2024-2025
rapid,1,4,191,4,189,-0.328453824326278,-1.1244043332289078,2024-2025
governance,1,2,129,2,73,-0.4192508299642572,-1.1298888721664864,2024-2025
evidence,1,2,129,2,115,-0.4192508299642572,-1.1298888721664864,2024-2025
emotional,1,1,95,1,55,-0.5103209317728066,-1.1302305562908508,2024-2025
biases,1,1,95,1,73,-0.5103209317728066,-1.1302305562908508,2024-2025
demands,1,0,57,0,54,-0.735718760610208,-1.1330305678687984,2024-2025
embedded,1,0,57,0,54,-0.735718760610208,-1.1330305678687984,2024-2025
methodologies,1,0,57,0,52,-0.735718760610208,-1.1330305678687984,2024-2025
assessment,1,11,392,9,221,-0.22096767822451469,-1.1399589266656212,2024-2025
ethical awareness,2,0,58,0,43,-0.735721345267752,-1.142930234447672,2024-2025
responsibility,1,0,58,0,49,-0.735721345267752,-1.142930234447672,2024-2025
exposure,1,0,58,0,48,-0.735721345267752,-1.142930234447672,2024-2025
improvements,1,0,59,0,57,-0.7357239299442639,-1.1527450240602617,2024-2025
technology acceptance,2,0,60,0,46,-0.7357265146397509,-1.1624770865584915,2024-2025
gap,1,5,226,4,190,-0.3098028877984831,-1.1638542526444096,2024-2025
equation modeling,2,1,99,1,90,-0.5185161776223035,-1.1677454415599064,2024-2025
context,1,7,285,6,244,-0.2723683823437284,-1.1695045072315409,2024-2025
language llms,2,0,61,0,59,-0.7357290993542094,-1.1721284825705873,2024-2025
sustainability,1,0,61,0,40,-0.7357290993542094,-1.1721284825705873,2024-2025
older,1,0,61,0,24,-0.7357290993542094,-1.1721284825705873,2024-2025
employing,1,0,61,0,60,-0.7357290993542094,-1.1721284825705873,2024-2025
healthcare,1,10,370,3,122,-0.23589597539091312,-1.174078469990932,2024-2025
institutions,1,5,228,5,185,-0.31285315058163654,-1.1788088185372256,2024-2025
analyzing,1,0,62,0,61,-0.7357316840876429,-1.181701188600564,2024-2025
university,1,15,507,7,309,-0.1994313798281011,-1.1819855986009313,2024-2025
navigate,1,1,101,1,98,-0.5223940706417771,-1.1861118486136562,2024-2025
value,1,2,136,2,110,-0.43332444908399026,-1.1911152731035615,2024-2025
aigc,1,0,63,0,14,-0.7357342688400461,-1.191197101758952,2024-2025
multimodal,1,0,63,0,31,-0.7357342688400461,-1.191197101758952,2024-2025
actionable,1,0,63,0,59,-0.7357342688400461,-1.191197101758952,2024-2025
long-term,1,0,64,0,59,-0.7357368536114244,-1.2006180441569354,2024-2025
translation,1,0,64,0,24,-0.7357368536114244,-1.2006180441569354,2024-2025
evolution,1,0,65,0,57,-0.7357394384017777,-1.2099657669926185,2024-2025
distinct,1,0,65,0,60,-0.7357394384017777,-1.2099657669926185,2024-2025
published,1,0,65,0,61,-0.7357394384017777,-1.2099657669926185,2024-2025
policies,1,3,172,3,134,-0.38597444616131593,-1.220248494985292,2024-2025
thematic,1,2,140,2,130,-0.44081599953026274,-1.2250402236139208,2024-2025
leverage,1,0,67,0,65,-0.7357446080394041,-1.2284482267722079,2024-2025
originality,1,0,67,0,62,-0.7357446080394041,-1.2284482267722079,2024-2025
nurses,1,0,67,0,25,-0.7357446080394041,-1.2284482267722079,2024-2025
contexts,1,5,235,4,203,-0.3231899367233346,-1.230307248255426,2024-2025
workforce,1,1,106,1,69,-0.5315085154072623,-1.230964503957784,2024-2025
mediation,1,0,68,0,38,-0.7357471928866772,-1.237586144515616,2024-2025
leveraging,1,0,68,0,62,-0.7357471928866772,-1.237586144515616,2024-2025
self-efficacy,1,5,237,3,90,-0.32605020165658427,-1.2447881255677307,2024-2025
moderate,1,0,69,0,58,-0.7357497777529272,-1.2466572106948268,2024-2025
gen,1,0,69,0,22,-0.7357497777529272,-1.2466572106948268,2024-2025
demographic,1,0,69,0,47,-0.7357497777529272,-1.2466572106948268,2024-2025
ai-assisted,1,1,108,1,58,-0.5349398226266269,-1.2485031318244573,2024-2025
positive,1,6,268,5,217,-0.3057244472126843,-1.2531468134630717,2024-2025
leadership,1,0,70,0,39,-0.7357523626381504,-1.255662874144991,2024-2025
marketing,1,0,70,0,20,-0.7357523626381504,-1.255662874144991,2024-2025
reshaping,1,0,70,0,66,-0.7357523626381504,-1.255662874144991,2024-2025
reliability,1,1,109,1,98,-0.5366125966755391,-1.2571902673021431,2024-2025
offer,1,2,144,2,139,-0.4479439338518514,-1.2582476873546675,2024-2025
tasks,1,4,209,3,170,-0.35771837181580146,-1.2634345285829396,2024-2025
navigating,1,0,73,0,67,-0.7357601174076711,-1.2823011779739009,2024-2025
international,1,1,112,1,72,-0.5414678035880156,-1.2829342182022554,2024-2025
patient,1,1,112,1,60,-0.5414678035880156,-1.2829342182022554,2024-2025
large,1,3,180,3,150,-0.39919369757737044,-1.2830126457679512,2024-2025
human-ai,1,0,74,0,55,-0.7357627023687954,-1.2910587245383458,2024-2025
instruction,1,2,149,2,110,-0.4563819631974013,-1.298807518985204,2024-2025
llm,1,0,75,0,37,-0.7357652873488938,-1.2997573873819508,2024-2025
responses,1,3,183,3,146,-0.4038954470380114,-1.3059894345622696,2024-2025
professional,1,12,449,10,285,-0.24037311123736327,-1.31519584651498,2024-2025
targeted,1,1,117,1,113,-0.549054476643561,-1.324834857668138,2024-2025
ensuring,1,1,117,1,107,-0.549054476643561,-1.324834857668138,2024-2025
prompt engineering,2,0,79,0,45,-0.7357756274590539,-1.333986122973983,2024-2025
mental,1,0,79,0,30,-0.7357756274590539,-1.333986122973983,2024-2025
psychological,1,1,119,1,66,-0.5519259313094906,-1.3412619148154488,2024-2025
tailored,1,0,80,0,76,-0.7357782125340382,-1.342407239097798,2024-2025
uses,1,0,80,0,67,-0.7357782125340382,-1.342407239097798,2024-2025
concludes,1,0,80,0,80,-0.7357782125340382,-1.342407239097798,2024-2025
shift,1,0,80,0,70,-0.7357782125340382,-1.342407239097798,2024-2025
strategic,1,1,120,1,97,-0.5533288269834529,-1.349407055213212,2024-2025
themes,1,1,120,1,99,-0.5533288269834529,-1.349407055213212,2024-2025
influencing,1,1,122,1,91,-0.5560714310354165,-1.3655640903958715,2024-2025
systematic review,2,0,84,0,51,-0.7357885530237391,-1.3755774205269848,2024-2025
enhances,1,0,84,0,84,-0.7357885530237391,-1.3755774205269848,2024-2025
universities,1,2,159,2,117,-0.4718523372253385,-1.377018802436676,2024-2025
reviews,1,0,85,0,61,-0.7357911381936075,-1.3837460181461039,2024-2025
perceived,1,8,347,6,188,-0.2954670869384266,-1.3848274449049802,2024-2025
scale,1,4,226,3,113,-0.381715417368202,-1.386155467634191,2024-2025
usage,1,5,258,3,157,-0.3538325538407072,-1.391098578556467,2024-2025
proficiency,1,0,86,0,62,-0.7357937233824554,-1.3918667904427862,2024-2025
prompting,1,0,87,0,50,-0.7357963085902819,-1.399940569694207,2024-2025
mediating,1,0,87,0,56,-0.7357963085902819,-1.399940569694207,2024-2025
advancements,1,0,87,0,83,-0.7357963085902819,-1.399940569694207,2024-2025
respondents,1,0,87,0,67,-0.7357963085902819,-1.399940569694207,2024-2025
motivation,1,1,127,1,74,-0.5625807745126563,-1.4052103973632268,2024-2025
gaps,1,2,164,2,144,-0.47896115677682705,-1.414789749819494,2024-2025
incorporating,1,0,89,0,84,-0.7358014790628706,-1.4159503598575203,2024-2025
underscore,1,0,89,0,89,-0.7358014790628706,-1.4159503598575203,2024-2025
remain,1,0,89,0,88,-0.7358014790628706,-1.4159503598575203,2024-2025
analyzed,1,2,165,2,157,-0.4803371465990818,-1.4222440506011655,2024-2025
inclusive,1,1,130,1,114,-0.5662652485787243,-1.4285113015561923,2024-2025
highlight,1,2,167,2,163,-0.48304531000676754,-1.437055918342516,2024-2025
mixed-methods,1,0,92,0,82,-0.7358092349140959,-1.439632082021793,2024-2025
legal,1,0,92,0,45,-0.7358092349140959,-1.439632082021793,2024-2025
group,1,4,234,4,136,-0.3919785550929946,-1.4413929101342622,2024-2025
outputs,1,0,93,0,82,-0.7358118202357966,-1.4474401087604722,2024-2025
capabilities,1,2,169,2,134,-0.48569659656262854,-1.4517413162977255,2024-2025
policymakers,1,1,135,1,128,-0.5720703715255748,-1.466583988996029,2024-2025
privacy,1,3,206,3,156,-0.43598429441243525,-1.4731702125019854,2024-2025
cross-sectional,1,0,99,0,77,-0.7358273325645879,-1.493433474251364,2024-2025
strategies,1,11,454,7,339,-0.27760421960942505,-1.5008928720821428,2024-2025
underscores,1,0,100,0,99,-0.7358299180191539,-1.5009623900648463,2024-2025
transforming,1,0,100,0,96,-0.7358299180191539,-1.5009623900648463,2024-2025
frameworks,1,6,306,4,232,-0.3501733684882602,-1.5019615095910408,2024-2025
relationship,1,3,211,3,150,-0.44215336157422414,-1.5076255813253612,2024-2025
prompts,1,0,101,0,74,-0.7358325034926985,-1.508453833424137,2024-2025
chatbots,1,1,141,1,73,-0.5785337701395612,-1.5110923272405359,2024-2025
systematic,1,3,212,3,128,-0.44335676036037075,-1.5144432437649076,2024-2025
benefits,1,5,277,5,220,-0.3758897841759241,-1.5154132334294572,2024-2025
emphasizing,1,1,142,1,134,-0.5795618698499831,-1.5183919328939135,2024-2025
qualitative,1,6,309,6,252,-0.3532914762248147,-1.520509326591736,2024-2025
essential,1,4,246,4,228,-0.40629917608823973,-1.5215483834401182,2024-2025
descriptive,1,0,105,0,93,-0.7358428455767028,-1.5380557923845812,2024-2025
academic writing,2,0,106,0,53,-0.7358454311451599,-1.5453679418794226,2024-2025
impacts,1,0,106,0,97,-0.7358454311451599,-1.5453679418794226,2024-2025
ensure,1,2,183,2,174,-0.5028041342336502,-1.5512302937285074,2024-2025
accuracy,1,1,147,1,109,-0.5845078093979339,-1.5544080731710848,2024-2025
cognitive,1,5,284,5,188,-0.3833839080601633,-1.5595066195206004,2024-2025
additionally,1,1,149,1,142,-0.5863999354967282,-1.5685970987249758,2024-2025
empirical,1,2,188,2,149,-0.5083604534551052,-1.5854627663583558,2024-2025
academic integrity,2,0,112,0,91,-0.7358609449545446,-1.5885362637961282,2024-2025
generative tools,2,0,113,0,87,-0.7358635306558847,-1.5956177909130402,2024-2025
comprehensive,1,4,259,4,236,-0.4205204822540596,-1.6050487989104456,2024-2025
highlights,1,3,226,3,217,-0.4592232294939498,-1.607475208738085,2024-2025
genai tools,2,0,115,0,69,-0.7358687021155177,-1.6096876814695071,2024-2025
performance,1,3,227,3,131,-0.4602908419119549,-1.6139559939876855,2024-2025
practices,1,10,447,7,314,-0.3062200083396549,-1.6208334497823076,2024-2025
insights,1,9,418,8,368,-0.3194022945030266,-1.6247039240629577,2024-2025
college,1,0,121,0,69,-0.7358842169500592,-1.6511804652677473,2024-2025
awareness,1,5,301,4,200,-0.4003421273587966,-1.6631453237884408,2024-2025
evaluation,1,3,237,3,180,-0.4705303032873598,-1.6776440983080463,2024-2025
staff,1,0,126,0,63,-0.7358971465009567,-1.6849800369372767,2024-2025
personalized,1,1,168,1,140,-0.6022743031776399,-1.6978019386918382,2024-2025
ai-driven,1,2,206,2,159,-0.5263451475171221,-1.7037169340372695,2024-2025
integrate,1,1,169,1,155,-0.6030173673773316,-1.7043445582972747,2024-2025
challenges,1,24,860,18,565,-0.223650306747329,-1.7072044952464709,2024-2025
enhancing,1,5,310,5,266,-0.40867367709725766,-1.7161822220948666,2024-2025
highlighting,1,0,134,0,128,-0.7359178347697295,-1.7376971772253869,2024-2025
chapter,1,3,247,2,121,-0.480036066091337,-1.7394123769884486,2024-2025
attitudes,1,7,378,6,181,-0.36823357232029874,-1.7406165135920069,2024-2025
large language,2,0,135,0,113,-0.7359204208887746,-1.7441751991891445,2024-2025
librarians,1,0,136,0,42,-0.735923007026809,-1.750629340604301,2024-2025
offers,1,2,218,2,203,-0.5368374624993137,-1.7786805648021462,2024-2025
addressing,1,2,218,2,196,-0.5368374624993137,-1.7786805648021462,2024-2025
efl,1,0,142,0,48,-0.7359385242537906,-1.7888671056135494,2024-2025
ethical considerations,2,0,145,0,132,-0.735946283123651,-1.8076838822075965,2024-2025
evolving,1,0,149,0,138,-0.7359566285493448,-1.832473588307602,2024-2025
transformative,1,0,149,0,134,-0.7359566285493448,-1.832473588307602,2024-2025
prompt,1,1,190,1,92,-0.6169221521590398,-1.8365942992359505,2024-2025
integrity,1,0,150,0,117,-0.7359592149532483,-1.838619007012473,2024-2025
offering,1,0,150,0,142,-0.7359592149532483,-1.838619007012473,2024-2025
practical,1,7,397,7,315,-0.38311360444248965,-1.8429316713746975,2024-2025
english,1,0,153,0,96,-0.7359669742789103,-1.8569337518266589,2024-2025
library,1,0,155,0,71,-0.7359721472576508,-1.8690443051347039,2024-2025
reveal,1,0,158,0,155,-0.7359799068682138,-1.8870650430190656,2024-2025
pre-service,1,0,166,0,54,-0.7360005999987971,-1.9343033358553452,2024-2025
revealed,1,2,248,2,235,-0.5589966273811253,-1.9547260420654087,2024-2025
ai-generated,1,0,172,0,125,-0.7360161206445524,-1.968991849676876,2024-2025
responsible,1,3,291,3,224,-0.5148822722721018,-1.9918372994028335,2024-2025
significantly,1,3,291,3,242,-0.5148822722721018,-1.9918372994028335,2024-2025
faculty,1,0,179,0,94,-0.7360342289289727,-2.0087083983690452,2024-2025
structured,1,0,182,0,154,-0.7360419899072701,-2.025492564131163,2024-2025
generative genai,2,0,183,0,180,-0.7360445769380357,-2.0310566201768285,2024-2025
institutional,1,0,187,0,129,-0.7360549252510875,-2.0531628369021226,2024-2025
llms,1,0,192,0,72,-0.736067861069917,-2.080467032604418,2024-2025
adoption,1,8,481,6,272,-0.4002816063206227,-2.102456202564567,2024-2025
ethical,1,34,1260,19,666,-0.237457466241783,-2.180316827313741,2024-2025
writing,1,9,533,5,167,-0.39602063397417986,-2.194131989769033,2024-2025
libraries,1,0,216,0,71,-0.736129959613284,-2.2068546863085943,2024-2025
concerns,1,7,475,6,360,-0.4333675695464967,-2.226832298931319,2024-2025
gai,1,0,227,0,43,-0.736158425104267,-2.262437464451794,2024-2025
enhance,1,5,416,5,363,-0.4827137881557242,-2.2674108138773956,2024-2025
acceptance,1,0,232,0,112,-0.7361713647241501,-2.287258663595322,2024-2025
thinking,1,9,559,6,307,-0.40958963122774517,-2.3091809858494554,2024-2025
integrating,1,3,387,3,330,-0.5656082022241309,-2.463280281878604,2024-2025
tools,1,30,1260,16,682,-0.2849928737799443,-2.559236662030993,2024-2025
nursing,1,0,295,0,55,-0.736334444663556,-2.5797551790211877,2024-2025
critical thinking,2,1,341,1,206,-0.6682981193044473,-2.6010230674350345,2024-2025
critical,1,23,1071,15,616,-0.32118013459250605,-2.614029457383551,2024-2025
engagement,1,4,502,4,331,-0.5614815243726952,-2.7908449576448064,2024-2025
language,1,5,577,5,294,-0.547659043362767,-2.937922160437547,2024-2025
higher,1,10,803,8,419,-0.4753777848754197,-3.114254959730463,2024-2025
integration,1,4,848,4,586,-0.6301734457961299,-3.9411963936167806,2024-2025
academic,1,0,787,0,372,-0.7376106229428787,-4.220917826230591,2024-2025
chatgpt,1,0,808,0,287,-0.7376651968346222,-4.2771781802655084,2024-2025
genai,1,0,980,0,221,-0.7381125008056681,-4.713331294877047,2024-2025
generative,1,5,1307,1,594,-0.6507348190846587,-5.005768826624322,2024-2025
